username,role,employment_type,day,risk_score,risk_band,top_driver,recommended_action,failures,out_of_hours,priv_no_mfa,foreign,bytes_out,iso_score,gt,comp_failures,comp_out_of_hours,comp_external_foreign,comp_priv_no_mfa,comp_anomaly,comp_egress
vend069,vendor_technician,vendor,2019-04-25,98.1,critical,anomaly,Investigate now; consider suspending the account,1,8,4.0,5,56598662,0.7558089752105122,GT2_vendor_out_of_hours,92.1,94.0,99.9,99.6,100.0,100.0
supe112,supervisor,employee,2019-04-24,96.0,critical,anomaly,Investigate now; consider suspending the account,4,5,3.0,3,18928693,0.7481662227724241,GT1_password_spray,100.0,82.0,99.6,99.1,99.9,87.1
cont081,contractor_surveyor,contractor,2019-04-29,90.9,critical,external_foreign,Investigate now; consider suspending the account,0,11,2.0,7,240784366,0.7228480327053981,GT3_dormant_account,43.2,98.0,100.0,98.5,99.6,100.0
vend069,vendor_technician,vendor,2019-04-28,90.3,critical,external_foreign,Investigate now; consider suspending the account,0,7,4.0,5,39351134,0.7167697930237166,GT2_vendor_out_of_hours,43.2,91.1,99.9,99.6,99.4,99.4
cont015,control_room_operator,employee,2019-04-24,90.2,critical,anomaly,Investigate now; consider suspending the account,3,8,1.0,3,6442021,0.7426909617149431,GT1_password_spray,99.7,94.0,99.6,97.2,99.9,43.6
vend069,vendor_technician,vendor,2019-04-26,89.4,critical,external_foreign,Investigate now; consider suspending the account,0,5,4.0,5,40771399,0.7183657066077206,GT2_vendor_out_of_hours,43.2,82.0,99.9,99.6,99.6,99.5
vend069,vendor_technician,vendor,2019-04-27,89.3,critical,external_foreign,Investigate now; consider suspending the account,0,5,4.0,5,47315192,0.6835045718548909,GT2_vendor_out_of_hours,43.2,82.0,99.9,99.6,98.9,99.8
cont006,control_room_operator,employee,2019-04-24,89.2,critical,anomaly,Investigate now; consider suspending the account,2,13,0.0,3,55140251,0.7631064847575848,GT1_password_spray,98.7,98.9,99.6,48.1,100.0,99.9
main042,maintenance_engineer,employee,2019-04-24,88.9,critical,anomaly,Investigate now; consider suspending the account,2,9,0.0,3,50310783,0.743549880112492,GT1_password_spray,98.7,96.0,99.6,48.1,99.9,99.9
cont015,control_room_operator,employee,2019-04-09,88.4,critical,anomaly,Investigate now; consider suspending the account,2,12,3.0,0,25546171,0.7079813320995777,,98.7,98.5,49.2,99.1,99.3,94.9
cont021,control_room_operator,employee,2019-04-24,87.9,critical,anomaly,Investigate now; consider suspending the account,3,9,0.0,3,23075958,0.7352098349169295,GT1_password_spray,99.7,96.0,99.6,48.1,99.8,92.5
cont015,control_room_operator,employee,2019-04-12,87.3,critical,priv_no_mfa,Investigate now; consider suspending the account,1,15,4.0,0,23676286,0.6836033730338494,,92.1,99.6,49.2,99.6,98.9,93.3
main047,maintenance_engineer,employee,2019-04-24,85.8,critical,anomaly,Investigate now; consider suspending the account,2,7,0.0,2,17221351,0.7084949618032412,GT1_password_spray,98.7,91.1,99.1,48.1,99.3,83.8
cont008,control_room_operator,employee,2019-04-24,85.4,critical,anomaly,Investigate now; consider suspending the account,2,8,0.0,2,15043855,0.703664778562268,GT1_password_spray,98.7,94.0,99.1,48.1,99.2,79.0
cont015,control_room_operator,employee,2019-04-03,85.4,critical,priv_no_mfa,Investigate now; consider suspending the account,1,7,3.0,0,20883133,0.5858992955227326,,92.1,91.1,49.2,99.1,96.3,89.9
cont015,control_room_operator,employee,2019-04-05,85.2,high,priv_no_mfa,Investigate within the shift; verify with the account owner,1,10,1.0,0,19157270,0.586587165346694,,92.1,97.2,49.2,97.2,96.5,87.5
it059,it_service_desk,employee,2019-04-29,84.4,high,priv_no_mfa,Investigate within the shift; verify with the account owner,1,7,3.0,0,17276565,0.5816684699657082,,92.1,91.1,49.2,99.1,96.0,84.0
main038,maintenance_engineer,employee,2019-04-24,84.3,high,anomaly,Investigate within the shift; verify with the account owner,2,6,0.0,2,13915129,0.7113050005955048,GT1_password_spray,98.7,87.3,99.1,48.1,99.4,75.9
cont014,control_room_operator,employee,2019-04-24,84.1,high,external_foreign,Investigate within the shift; verify with the account owner,1,13,0.0,1,13974786,0.6446006036118166,GT1_password_spray,92.1,98.9,98.7,48.1,98.2,76.1
cont080,contractor_surveyor,contractor,2019-04-24,83.6,high,anomaly,Investigate within the shift; verify with the account owner,3,7,0.0,3,11414219,0.7376912452274376,GT1_password_spray,99.7,91.1,99.6,48.1,99.8,67.0
main028,maintenance_engineer,employee,2019-04-24,83.0,high,external_foreign,Investigate within the shift; verify with the account owner,1,5,0.0,1,15382026,0.6278835741810672,GT1_password_spray,92.1,82.0,98.7,48.1,97.9,80.0
cont015,control_room_operator,employee,2019-04-28,83.0,high,priv_no_mfa,Investigate within the shift; verify with the account owner,1,1,5.0,0,29706205,0.664498967420852,,92.1,50.8,49.2,99.9,98.6,97.1
supe106,supervisor,employee,2019-04-24,81.5,high,external_foreign,Investigate within the shift; verify with the account owner,2,5,0.0,1,10303494,0.657467434652262,GT1_password_spray,98.7,82.0,98.7,48.1,98.5,62.6
cont083,contractor_surveyor,contractor,2019-04-24,81.5,high,external_foreign,Investigate within the shift; verify with the account owner,1,4,0.0,1,13551941,0.6287188444775265,GT1_password_spray,92.1,75.0,98.7,48.1,98.0,74.9
it061,it_service_desk,employee,2019-04-24,80.1,high,external_foreign,Investigate within the shift; verify with the account owner,1,3,0.0,1,13075363,0.5863108517592486,GT1_password_spray,92.1,66.4,98.7,48.1,96.3,73.1
cont015,control_room_operator,employee,2019-04-25,79.7,high,priv_no_mfa,Investigate within the shift; verify with the account owner,0,12,3.0,0,24909149,0.6094892838956195,,43.2,98.5,49.2,99.1,97.6,94.4
it068,it_service_desk,employee,2019-04-10,79.4,high,priv_no_mfa,Investigate within the shift; verify with the account owner,0,7,2.0,0,31637942,0.6205212795228733,,43.2,91.1,49.2,98.5,97.8,98.0
main032,maintenance_engineer,employee,2019-04-24,79.4,high,external_foreign,Investigate within the shift; verify with the account owner,2,2,0.0,2,10597011,0.6954546093174148,GT1_password_spray,98.7,57.6,99.1,48.1,99.1,63.6
it063,it_service_desk,employee,2019-04-24,79.4,high,external_foreign,Investigate within the shift; verify with the account owner,1,1,0.0,1,14834561,0.5983713809398817,GT1_password_spray,92.1,50.8,98.7,48.1,97.0,78.5
vend071,vendor_technician,vendor,2019-04-24,78.8,high,anomaly,Investigate within the shift; verify with the account owner,3,5,0.0,3,5841709,0.7300998603028745,GT1_password_spray,99.7,82.0,99.6,48.1,99.7,40.7
ot058,ot_network_admin,employee,2019-04-24,78.7,high,external_foreign,Investigate within the shift; verify with the account owner,2,4,0.0,1,7434318,0.6656130103109733,GT1_password_spray,98.7,75.0,98.7,48.1,98.7,48.9
main030,maintenance_engineer,employee,2019-04-25,78.6,high,priv_no_mfa,Investigate within the shift; verify with the account owner,1,3,1.0,0,13137495,0.5153902042248328,,92.1,66.4,49.2,97.2,89.5,73.2
supe112,supervisor,employee,2019-04-19,78.4,high,priv_no_mfa,Investigate within the shift; verify with the account owner,0,6,4.0,0,25037939,0.5845070916746069,,43.2,87.3,49.2,99.6,96.2,94.6
ot055,ot_network_admin,employee,2019-04-11,78.3,high,anomaly,Investigate within the shift; verify with the account owner,2,11,0.0,0,29001037,0.6743025050976743,,98.7,98.0,49.2,48.1,98.8,96.6
it068,it_service_desk,employee,2019-04-11,78.2,high,priv_no_mfa,Investigate within the shift; verify with the account owner,0,8,4.0,0,20545989,0.5816457390757835,,43.2,94.0,49.2,99.6,96.0,89.4
main037,maintenance_engineer,employee,2019-04-24,78.0,high,external_foreign,Investigate within the shift; verify with the account owner,1,4,0.0,1,8046744,0.6124906790998448,GT1_password_spray,92.1,75.0,98.7,48.1,97.6,52.1
supe112,supervisor,employee,2019-04-14,77.8,high,priv_no_mfa,Investigate within the shift; verify with the account owner,0,7,5.0,0,21249694,0.5637637400837453,,43.2,91.1,49.2,99.9,94.3,90.2
main049,maintenance_engineer,employee,2019-04-24,77.8,high,anomaly,Investigate within the shift; verify with the account owner,3,3,0.0,3,6697652,0.7304600399513802,GT1_password_spray,99.7,66.4,99.6,48.1,99.7,44.8
cont015,control_room_operator,employee,2019-04-15,77.7,high,priv_no_mfa,Investigate within the shift; verify with the account owner,1,5,1.0,0,7257800,0.5848749607115069,,92.1,82.0,49.2,97.2,96.3,47.8
vend076,vendor_technician,vendor,2019-04-11,77.5,high,priv_no_mfa,Investigate within the shift; verify with the account owner,0,4,1.0,0,34230295,0.5996029755560639,,43.2,75.0,49.2,97.2,97.1,98.7
cont017,control_room_operator,employee,2019-04-24,77.5,high,external_foreign,Investigate within the shift; verify with the account owner,2,3,0.0,2,6806744,0.6883635499044207,GT1_password_spray,98.7,66.4,99.1,48.1,99.0,45.4
vend070,vendor_technician,vendor,2019-04-15,77.3,high,priv_no_mfa,Investigate within the shift; verify with the account owner,0,5,5.0,0,19556861,0.6231322373690075,,43.2,82.0,49.2,99.9,97.8,88.1
vend070,vendor_technician,vendor,2019-04-16,77.2,high,priv_no_mfa,Investigate within the shift; verify with the account owner,0,6,5.0,0,17823298,0.5992506381571288,,43.2,87.3,49.2,99.9,97.1,85.2
cont006,control_room_operator,employee,2019-04-09,77.0,high,anomaly,Investigate within the shift; verify with the account owner,1,12,0.0,0,29372610,0.5877615694144623,,92.1,98.5,49.2,48.1,96.7,96.8
vend075,vendor_technician,vendor,2019-04-30,77.0,high,anomaly,Investigate within the shift; verify with the account owner,2,5,0.0,0,37847997,0.6508773925114103,,98.7,82.0,49.2,48.1,98.4,99.1
ot052,ot_network_admin,employee,2019-04-10,76.9,high,anomaly,Investigate within the shift; verify with the account owner,1,8,0.0,0,31376023,0.6137243330359529,,92.1,94.0,49.2,48.1,97.7,97.8
mine096,mine_planner,employee,2019-04-12,76.8,high,anomaly,Investigate within the shift; verify with the account owner,1,8,0.0,0,30486613,0.6090739213561324,,92.1,94.0,49.2,48.1,97.5,97.4
cont078,contractor_surveyor,contractor,2019-04-24,76.8,high,external_foreign,Investigate within the shift; verify with the account owner,2,2,0.0,2,7107931,0.6856085230278387,GT1_password_spray,98.7,57.6,99.1,48.1,99.0,46.7
cont003,control_room_operator,employee,2019-04-16,76.6,high,anomaly,Investigate within the shift; verify with the account owner,1,13,0.0,0,29763016,0.5644349042536567,,92.1,98.9,49.2,48.1,94.4,97.1
cont026,control_room_operator,employee,2019-04-24,76.6,high,anomaly,Investigate within the shift; verify with the account owner,3,6,0.0,3,2864978,0.7252630670769638,GT1_password_spray,99.7,87.3,99.6,48.1,99.6,22.6
cont017,control_room_operator,employee,2019-04-08,76.5,high,anomaly,Investigate within the shift; verify with the account owner,1,9,0.0,0,28113944,0.5809244742711573,,92.1,96.0,49.2,48.1,95.8,96.0
cont084,contractor_surveyor,contractor,2019-04-19,76.5,high,anomaly,Investigate within the shift; verify with the account owner,1,10,0.0,0,30944467,0.5640950643099979,,92.1,97.2,49.2,48.1,94.3,97.6
mine099,mine_planner,employee,2019-04-24,76.3,high,external_foreign,Investigate within the shift; verify with the account owner,3,2,0.0,2,6109216,0.6935372588793638,GT1_password_spray,99.7,57.6,99.1,48.1,99.1,42.2
cont015,control_room_operator,employee,2019-04-23,76.2,high,priv_no_mfa,Investigate within the shift; verify with the account owner,0,4,3.0,0,21671239,0.5714528054958168,,43.2,75.0,49.2,99.1,94.8,90.7
main036,maintenance_engineer,employee,2019-04-04,76.1,high,anomaly,Investigate within the shift; verify with the account owner,1,8,0.0,0,26677758,0.576842761338615,,92.1,94.0,49.2,48.1,95.6,95.4
it068,it_service_desk,employee,2019-04-29,76.0,high,priv_no_mfa,Investigate within the shift; verify with the account owner,0,4,4.0,0,18439674,0.5912107161246918,,43.2,75.0,49.2,99.6,96.8,86.1
ot051,ot_network_admin,employee,2019-04-10,76.0,high,anomaly,Investigate within the shift; verify with the account owner,1,13,0.0,0,20249007,0.6002875238166946,,92.1,98.9,49.2,48.1,97.1,89.0
main043,maintenance_engineer,employee,2019-04-29,75.8,moderate,anomaly,Review in the daily triage queue,1,8,0.0,0,23365937,0.5811585248284344,,92.1,94.0,49.2,48.1,95.9,92.9
cont015,control_room_operator,employee,2019-04-10,75.8,moderate,priv_no_mfa,Review in the daily triage queue,0,8,3.0,0,14541005,0.5440444954976322,,43.2,94.0,49.2,99.1,92.9,77.7
main032,maintenance_engineer,employee,2019-04-08,75.8,moderate,anomaly,Review in the daily triage queue,1,7,0.0,0,32899344,0.550346440173971,,92.1,91.1,49.2,48.1,93.4,98.2
cont015,control_room_operator,employee,2019-04-04,75.7,moderate,priv_no_mfa,Review in the daily triage queue,0,8,1.0,0,14957536,0.5545688681053601,,43.2,94.0,49.2,97.2,93.7,78.9
cont026,control_room_operator,employee,2019-04-25,75.6,moderate,anomaly,Review in the daily triage queue,1,7,0.0,0,28528441,0.5559161008551008,,92.1,91.1,49.2,48.1,93.8,96.3
main029,maintenance_engineer,employee,2019-04-24,75.6,moderate,anomaly,Review in the daily triage queue,2,2,0.0,2,5438675,0.7045064860076177,GT1_password_spray,98.7,57.6,99.1,48.1,99.2,38.1
cont022,control_room_operator,employee,2019-04-30,75.6,moderate,anomaly,Review in the daily triage queue,2,5,0.0,0,21536922,0.6144981829115539,,98.7,82.0,49.2,48.1,97.7,90.4
main048,maintenance_engineer,employee,2019-04-11,75.3,moderate,anomaly,Review in the daily triage queue,1,6,0.0,0,25952079,0.5729244937484822,,92.1,87.3,49.2,48.1,95.2,95.1
mine092,mine_planner,employee,2019-04-08,75.3,moderate,anomaly,Review in the daily triage queue,2,5,0.0,0,22719572,0.5760041520535633,,98.7,82.0,49.2,48.1,95.3,92.0
supe112,supervisor,employee,2019-04-01,75.2,moderate,priv_no_mfa,Review in the daily triage queue,0,6,4.0,0,14275583,0.549531946518427,,43.2,87.3,49.2,99.6,93.3,76.9
vend077,vendor_technician,vendor,2019-04-24,75.1,moderate,external_foreign,Review in the daily triage queue,1,5,0.0,1,3713616,0.6203856928417033,GT1_password_spray,92.1,82.0,98.7,48.1,97.7,27.6
cont008,control_room_operator,employee,2019-04-11,75.0,moderate,anomaly,Review in the daily triage queue,1,9,0.0,0,22550212,0.5325370546710011,,92.1,96.0,49.2,48.1,91.5,91.7
cont014,control_room_operator,employee,2019-04-12,75.0,moderate,anomaly,Review in the daily triage queue,1,9,0.0,0,21908298,0.5368610356826853,,92.1,96.0,49.2,48.1,92.2,90.9
supe109,supervisor,employee,2019-04-22,74.9,moderate,anomaly,Review in the daily triage queue,2,10,0.0,0,14418773,0.5872809410767883,,98.7,97.2,49.2,48.1,96.6,77.1
it068,it_service_desk,employee,2019-04-16,74.9,moderate,priv_no_mfa,Review in the daily triage queue,0,1,4.0,0,23495987,0.6334998080343944,,43.2,50.8,49.2,99.6,98.1,93.1
vend075,vendor_technician,vendor,2019-04-29,74.9,moderate,anomaly,Review in the daily triage queue,1,5,0.0,0,24281914,0.5959332728071688,,92.1,82.0,49.2,48.1,97.0,93.7
cont016,control_room_operator,employee,2019-04-10,74.9,moderate,anomaly,Review in the daily triage queue,1,13,0.0,0,20557283,0.5302309453738104,,92.1,98.9,49.2,48.1,91.3,89.4
cont022,control_room_operator,employee,2019-04-24,74.8,moderate,anomaly,Review in the daily triage queue,2,4,0.0,2,2709142,0.7014225828488637,GT1_password_spray,98.7,75.0,99.1,48.1,99.2,21.6
cont005,control_room_operator,employee,2019-04-02,74.7,moderate,anomaly,Review in the daily triage queue,1,7,0.0,0,26098022,0.5216039173283247,,92.1,91.1,49.2,48.1,90.2,95.1
cont005,control_room_operator,employee,2019-04-08,74.6,moderate,anomaly,Review in the daily triage queue,1,12,0.0,0,18296419,0.5421231990836987,,92.1,98.5,49.2,48.1,92.8,86.0
ot058,ot_network_admin,employee,2019-04-23,74.6,moderate,anomaly,Review in the daily triage queue,1,4,0.0,0,29970864,0.5822780148613983,,92.1,75.0,49.2,48.1,96.1,97.2
ot054,ot_network_admin,employee,2019-04-30,74.5,moderate,anomaly,Review in the daily triage queue,1,6,0.0,0,18798859,0.6040320530817209,,92.1,87.3,49.2,48.1,97.2,86.9
cont015,control_room_operator,employee,2019-04-20,74.3,moderate,priv_no_mfa,Review in the daily triage queue,0,7,4.0,0,12613640,0.5314895228180977,,43.2,91.1,49.2,99.6,91.4,71.0
main030,maintenance_engineer,employee,2019-04-15,74.3,moderate,priv_no_mfa,Review in the daily triage queue,1,5,1.0,0,4655636,0.5223410317176878,,92.1,82.0,49.2,97.2,90.2,33.2
cont007,control_room_operator,employee,2019-04-10,74.3,moderate,anomaly,Review in the daily triage queue,1,14,0.0,0,15869297,0.5695026927321821,,92.1,99.3,49.2,48.1,94.6,81.0
cont019,control_room_operator,employee,2019-04-09,74.3,moderate,anomaly,Review in the daily triage queue,1,9,0.0,0,15971421,0.581806073046117,,92.1,96.0,49.2,48.1,96.1,81.3
main039,maintenance_engineer,employee,2019-04-09,74.2,moderate,anomaly,Review in the daily triage queue,1,10,0.0,0,18663714,0.5297861262604251,,92.1,97.2,49.2,48.1,91.2,86.6
cont020,control_room_operator,employee,2019-04-12,74.1,moderate,anomaly,Review in the daily triage queue,1,8,0.0,0,18992166,0.5326932605004641,,92.1,94.0,49.2,48.1,91.6,87.2
supe112,supervisor,employee,2019-04-04,74.0,moderate,priv_no_mfa,Review in the daily triage queue,0,7,2.0,0,12448931,0.5310629674599577,,43.2,91.1,49.2,98.5,91.4,70.3
supe104,supervisor,employee,2019-04-08,74.0,moderate,anomaly,Review in the daily triage queue,1,8,0.0,0,18566101,0.5333711723193872,,92.1,94.0,49.2,48.1,91.7,86.4
ot052,ot_network_admin,employee,2019-04-09,73.9,moderate,anomaly,Review in the daily triage queue,1,7,0.0,0,20430329,0.5244550224983898,,92.1,91.1,49.2,48.1,90.6,89.3
cont011,control_room_operator,employee,2019-04-24,73.9,moderate,anomaly,Review in the daily triage queue,1,6,0.0,0,22117127,0.527441164627353,,92.1,87.3,49.2,48.1,90.9,91.2
ot051,ot_network_admin,employee,2019-04-02,73.8,moderate,anomaly,Review in the daily triage queue,3,5,0.0,0,14259943,0.6332150734279749,,99.7,82.0,49.2,48.1,98.0,76.8
cont018,control_room_operator,employee,2019-04-25,73.8,moderate,anomaly,Review in the daily triage queue,1,9,0.0,0,18257238,0.5228520756010507,,92.1,96.0,49.2,48.1,90.3,85.9
main048,maintenance_engineer,employee,2019-04-22,73.6,moderate,anomaly,Review in the daily triage queue,1,9,0.0,0,18858328,0.5056770142201051,,92.1,96.0,49.2,48.1,88.4,87.0
cont001,control_room_operator,employee,2019-04-02,73.6,moderate,anomaly,Review in the daily triage queue,2,6,0.0,0,14100252,0.5777322408652948,,98.7,87.3,49.2,48.1,95.6,76.3
cont019,control_room_operator,employee,2019-04-10,73.5,moderate,anomaly,Review in the daily triage queue,1,2,0.0,0,34365954,0.6501928137066897,,92.1,57.6,49.2,48.1,98.3,98.7
vend073,vendor_technician,vendor,2019-04-23,73.5,moderate,anomaly,Review in the daily triage queue,1,2,0.0,0,32955311,0.6663018296767135,,92.1,57.6,49.2,48.1,98.7,98.3
vend070,vendor_technician,vendor,2019-04-26,73.3,moderate,priv_no_mfa,Review in the daily triage queue,1,3,1.0,0,4824813,0.5361958064973128,,92.1,66.4,49.2,97.2,92.0,34.1
main050,maintenance_engineer,employee,2019-04-03,73.2,moderate,anomaly,Review in the daily triage queue,1,3,0.0,0,32177268,0.5417909758961863,,92.1,66.4,49.2,48.1,92.8,98.2
supe112,supervisor,employee,2019-04-23,73.2,moderate,priv_no_mfa,Review in the daily triage queue,1,4,2.0,0,3270603,0.5439344953783951,,92.1,75.0,49.2,98.5,92.9,25.3
cont086,contractor_surveyor,contractor,2019-04-24,73.0,moderate,external_foreign,Review in the daily triage queue,2,1,0.0,1,3518984,0.6607085223704768,GT1_password_spray,98.7,50.8,98.7,48.1,98.6,26.6
supe109,supervisor,employee,2019-04-10,72.8,moderate,anomaly,Review in the daily triage queue,1,3,0.0,0,25311138,0.5510957349589511,,92.1,66.4,49.2,48.1,93.4,94.7
ot051,ot_network_admin,employee,2019-04-15,72.6,moderate,anomaly,Review in the daily triage queue,1,5,0.0,0,16858031,0.5485157209288184,,92.1,82.0,49.2,48.1,93.1,83.1
main048,maintenance_engineer,employee,2019-04-24,72.6,moderate,external_foreign,Review in the daily triage queue,1,1,0.0,1,4483882,0.608951401241685,GT1_password_spray,92.1,50.8,98.7,48.1,97.5,32.0
cont087,contractor_surveyor,contractor,2019-04-24,72.6,moderate,external_foreign,Review in the daily triage queue,2,2,0.0,2,2239188,0.6927359125422521,GT1_password_spray,98.7,57.6,99.1,48.1,99.1,18.7
main030,maintenance_engineer,employee,2019-04-04,72.4,moderate,priv_no_mfa,Review in the daily triage queue,0,9,1.0,0,11678045,0.48790811558656194,,43.2,96.0,49.2,97.2,84.2,67.8
vend070,vendor_technician,vendor,2019-04-14,72.4,moderate,priv_no_mfa,Review in the daily triage queue,0,8,1.0,0,10034871,0.5208246747680373,,43.2,94.0,49.2,97.2,90.0,61.4
it068,it_service_desk,employee,2019-04-24,72.3,moderate,priv_no_mfa,Review in the daily triage queue,0,0,4.0,0,27069173,0.5908722176992038,,43.2,23.9,49.2,99.6,96.8,95.5
vend076,vendor_technician,vendor,2019-04-30,72.1,moderate,priv_no_mfa,Review in the daily triage queue,0,1,3.0,0,18599519,0.5184326455581957,,43.2,50.8,49.2,99.1,89.7,86.5
main039,maintenance_engineer,employee,2019-04-24,72.1,moderate,external_foreign,Review in the daily triage queue,1,1,0.0,1,3952940,0.6072883471345012,GT1_password_spray,92.1,50.8,98.7,48.1,97.4,29.2
main037,maintenance_engineer,employee,2019-04-03,72.1,moderate,anomaly,Review in the daily triage queue,1,2,0.0,0,21988784,0.5893220966377424,,92.1,57.6,49.2,48.1,96.8,91.0
it059,it_service_desk,employee,2019-04-02,72.0,moderate,priv_no_mfa,Review in the daily triage queue,0,3,4.0,0,11963217,0.5623556107278422,,43.2,66.4,49.2,99.6,94.2,68.7
supe112,supervisor,employee,2019-04-21,71.9,moderate,priv_no_mfa,Review in the daily triage queue,0,6,3.0,0,11479877,0.4913788625100728,,43.2,87.3,49.2,99.1,85.0,67.2
cont002,control_room_operator,employee,2019-04-22,71.8,moderate,anomaly,Review in the daily triage queue,1,8,0.0,0,13791092,0.514464235019266,,92.1,94.0,49.2,48.1,89.2,75.4
cont081,contractor_surveyor,contractor,2019-04-24,71.8,moderate,anomaly,Review in the daily triage queue,3,3,0.0,3,0,0.7299352084218983,GT1_password_spray,99.7,66.4,99.6,48.1,99.7,5.1
vend072,vendor_technician,vendor,2019-04-24,71.8,moderate,external_foreign,Review in the daily triage queue,3,3,0.0,3,0,0.7171874815251992,GT1_password_spray,99.7,66.4,99.6,48.1,99.5,5.1
supe114,supervisor,employee,2019-04-24,71.8,moderate,external_foreign,Review in the daily triage queue,3,3,0.0,3,0,0.7181822754171915,GT1_password_spray,99.7,66.4,99.6,48.1,99.5,5.1
vend076,vendor_technician,vendor,2019-04-24,71.8,moderate,external_foreign,Review in the daily triage queue,3,3,0.0,3,0,0.7171874815251992,GT1_password_spray,99.7,66.4,99.6,48.1,99.5,5.1
main028,maintenance_engineer,employee,2019-04-15,71.7,moderate,anomaly,Review in the daily triage queue,1,8,0.0,0,16238923,0.4868457149870349,,92.1,94.0,49.2,48.1,83.9,81.7
it060,it_service_desk,employee,2019-04-23,71.6,moderate,anomaly,Review in the daily triage queue,1,6,0.0,0,14824464,0.5148162384305573,,92.1,87.3,49.2,48.1,89.3,78.4
cont016,control_room_operator,employee,2019-04-09,71.5,moderate,anomaly,Review in the daily triage queue,1,10,0.0,0,13203143,0.5014584934572424,,92.1,97.2,49.2,48.1,87.5,73.5
supe112,supervisor,employee,2019-04-12,71.4,moderate,priv_no_mfa,Review in the daily triage queue,0,8,1.0,0,11688549,0.47495459086459113,,43.2,94.0,49.2,97.2,80.4,67.9
mine094,mine_planner,employee,2019-04-30,71.3,moderate,anomaly,Review in the daily triage queue,1,2,0.0,0,32073429,0.5026898191668813,,92.1,57.6,49.2,48.1,87.9,98.1
vend070,vendor_technician,vendor,2019-04-11,71.3,moderate,priv_no_mfa,Review in the daily triage queue,0,0,3.0,0,22034570,0.5798225232251457,,43.2,23.9,49.2,99.1,95.7,91.1
cont015,control_room_operator,employee,2019-04-16,71.2,moderate,priv_no_mfa,Review in the daily triage queue,0,10,1.0,0,8454950,0.5027830839138716,,43.2,97.2,49.2,97.2,87.9,54.3
ot058,ot_network_admin,employee,2019-04-25,71.1,moderate,anomaly,Review in the daily triage queue,1,6,0.0,0,12325012,0.5488375394445586,,92.1,87.3,49.2,48.1,93.2,69.9
cont006,control_room_operator,employee,2019-04-06,71.1,moderate,anomaly,Review in the daily triage queue,1,8,0.0,0,13430140,0.49510754673275614,,92.1,94.0,49.2,48.1,86.0,74.4
cont005,control_room_operator,employee,2019-04-15,71.0,moderate,anomaly,Review in the daily triage queue,1,11,0.0,0,11542753,0.5137001662500448,,92.1,98.0,49.2,48.1,89.1,67.2
supe112,supervisor,employee,2019-04-03,71.0,moderate,priv_no_mfa,Review in the daily triage queue,0,3,3.0,0,16273104,0.4724596297200131,,43.2,66.4,49.2,99.1,79.8,81.8
ot052,ot_network_admin,employee,2019-04-12,71.0,moderate,anomaly,Review in the daily triage queue,1,2,0.0,0,21580155,0.5363845488343606,,92.1,57.6,49.2,48.1,92.1,90.5
vend073,vendor_technician,vendor,2019-04-30,70.9,moderate,anomaly,Review in the daily triage queue,2,0,0.0,0,31389276,0.6234010599883733,,98.7,23.9,49.2,48.1,97.9,97.8
cont015,control_room_operator,employee,2019-04-02,70.8,moderate,priv_no_mfa,Review in the daily triage queue,0,6,1.0,0,10837007,0.48395831289449454,,43.2,87.3,49.2,97.2,82.9,64.5
cont026,control_room_operator,employee,2019-04-22,70.8,moderate,anomaly,Review in the daily triage queue,1,6,0.0,0,18119062,0.47126536393102886,,92.1,87.3,49.2,48.1,79.4,85.7
ot054,ot_network_admin,employee,2019-04-24,70.8,moderate,anomaly,Review in the daily triage queue,3,2,0.0,2,0,0.7100355484453637,GT1_password_spray,99.7,57.6,99.1,48.1,99.4,5.1
cont005,control_room_operator,employee,2019-04-17,70.6,moderate,anomaly,Review in the daily triage queue,0,16,0.0,0,44702366,0.6596367634728096,,43.2,99.8,49.2,48.1,98.5,99.7
cont018,control_room_operator,employee,2019-04-24,70.6,moderate,external_foreign,Review in the daily triage queue,2,2,0.0,2,0,0.6922740656960442,GT1_password_spray,98.7,57.6,99.1,48.1,99.0,5.1
cont022,control_room_operator,employee,2019-04-23,70.6,moderate,anomaly,Review in the daily triage queue,0,20,0.0,0,48424415,0.6488149056124132,,43.2,100.0,49.2,48.1,98.2,99.9
cont023,control_room_operator,employee,2019-04-17,70.6,moderate,anomaly,Review in the daily triage queue,1,4,0.0,0,15603201,0.5088794827176073,,92.1,75.0,49.2,48.1,88.6,80.5
cont025,control_room_operator,employee,2019-04-18,70.6,moderate,anomaly,Review in the daily triage queue,0,15,0.0,0,44155609,0.6582311170159446,,43.2,99.6,49.2,48.1,98.5,99.7
supe112,supervisor,employee,2019-04-26,70.6,moderate,priv_no_mfa,Review in the daily triage queue,0,0,4.0,0,20971812,0.5385985769301801,,43.2,23.9,49.2,99.6,92.4,90.0
main029,maintenance_engineer,employee,2019-04-18,70.5,moderate,anomaly,Review in the daily triage queue,0,14,0.0,0,39937463,0.6609513873185251,,43.2,99.3,49.2,48.1,98.6,99.5
it059,it_service_desk,employee,2019-04-24,70.5,moderate,priv_no_mfa,Review in the daily triage queue,0,6,2.0,0,7713857,0.5262451589712497,,43.2,87.3,49.2,98.5,90.8,50.3
supe105,supervisor,employee,2019-04-10,70.4,moderate,anomaly,Review in the daily triage queue,1,9,0.0,0,9809304,0.5377552579787903,,92.1,96.0,49.2,48.1,92.3,60.1
ot054,ot_network_admin,employee,2019-04-19,70.4,moderate,anomaly,Review in the daily triage queue,0,16,0.0,0,31542396,0.6667856097267721,,43.2,99.8,49.2,48.1,98.7,98.0
main043,maintenance_engineer,employee,2019-04-17,70.3,moderate,anomaly,Review in the daily triage queue,0,12,0.0,0,33482246,0.6739024793215335,,43.2,98.5,49.2,48.1,98.8,98.5
supe112,supervisor,employee,2019-04-15,70.3,moderate,priv_no_mfa,Review in the daily triage queue,0,6,2.0,0,10376277,0.4757101749754666,,43.2,87.3,49.2,98.5,80.7,62.8
cont024,control_room_operator,employee,2019-04-16,70.3,moderate,anomaly,Review in the daily triage queue,0,15,0.0,0,41677363,0.6036743770876807,,43.2,99.6,49.2,48.1,97.2,99.6
main041,maintenance_engineer,employee,2019-04-24,70.3,moderate,anomaly,Review in the daily triage queue,0,16,0.0,0,36033501,0.6074217622901475,,43.2,99.8,49.2,48.1,97.4,99.0
main030,maintenance_engineer,employee,2019-04-09,70.2,moderate,priv_no_mfa,Review in the daily triage queue,0,0,4.0,0,16694812,0.5783584230804525,,43.2,23.9,49.2,99.6,95.7,82.8
cont025,control_room_operator,employee,2019-04-08,70.1,moderate,anomaly,Review in the daily triage queue,1,8,0.0,0,11400332,0.4990217715655589,,92.1,94.0,49.2,48.1,86.9,66.8
cont011,control_room_operator,employee,2019-04-23,70.1,moderate,anomaly,Review in the daily triage queue,0,11,0.0,0,36709374,0.6089351794096978,,43.2,98.0,49.2,48.1,97.5,99.0
vend074,vendor_technician,vendor,2019-04-04,70.1,moderate,anomaly,Review in the daily triage queue,1,0,0.0,0,33180080,0.6574584590582097,,92.1,23.9,49.2,48.1,98.4,98.4
cont021,control_room_operator,employee,2019-04-16,70.0,moderate,anomaly,Review in the daily triage queue,1,5,0.0,0,16318169,0.47694917138372417,,92.1,82.0,49.2,48.1,81.2,82.0
main038,maintenance_engineer,employee,2019-04-30,70.0,moderate,anomaly,Review in the daily triage queue,1,0,0.0,0,31583250,0.6396311944673226,,92.1,23.9,49.2,48.1,98.1,98.0
mine093,mine_planner,employee,2019-04-30,69.9,moderate,anomaly,Review in the daily triage queue,2,0,0.0,0,24766413,0.5747240919007193,,98.7,23.9,49.2,48.1,95.3,94.2
cont005,control_room_operator,employee,2019-04-23,69.9,moderate,anomaly,Review in the daily triage queue,1,7,0.0,0,14093569,0.4737649369060067,,92.1,91.1,49.2,48.1,80.2,76.3
cont080,contractor_surveyor,contractor,2019-04-03,69.9,moderate,anomaly,Review in the daily triage queue,1,5,0.0,0,13220330,0.4985630132145915,,92.1,82.0,49.2,48.1,86.8,73.6
cont010,control_room_operator,employee,2019-04-02,69.9,moderate,anomaly,Review in the daily triage queue,0,14,0.0,0,28959212,0.6123942434633454,,43.2,99.3,49.2,48.1,97.6,96.6
ot056,ot_network_admin,employee,2019-04-16,69.9,moderate,anomaly,Review in the daily triage queue,0,11,0.0,0,31242950,0.6058720455339973,,43.2,98.0,49.2,48.1,97.3,97.7
cont012,control_room_operator,employee,2019-04-26,69.8,moderate,anomaly,Review in the daily triage queue,1,7,0.0,0,11044999,0.5055889905359636,,92.1,91.1,49.2,48.1,88.4,65.1
cont026,control_room_operator,employee,2019-04-30,69.8,moderate,anomaly,Review in the daily triage queue,0,14,0.0,0,37244274,0.5760124786084545,,43.2,99.3,49.2,48.1,95.3,99.1
it063,it_service_desk,employee,2019-04-04,69.7,moderate,anomaly,Review in the daily triage queue,1,5,0.0,0,14384863,0.48532813887299664,,92.1,82.0,49.2,48.1,83.1,77.0
supe107,supervisor,employee,2019-04-05,69.7,moderate,anomaly,Review in the daily triage queue,0,8,0.0,0,38340817,0.6022513399315593,,43.2,94.0,49.2,48.1,97.2,99.2
cont023,control_room_operator,employee,2019-04-26,69.7,moderate,anomaly,Review in the daily triage queue,0,15,0.0,0,27349716,0.5973933884111805,,43.2,99.6,49.2,48.1,97.0,95.7
main035,maintenance_engineer,employee,2019-04-25,69.6,moderate,anomaly,Review in the daily triage queue,2,4,0.0,0,11433705,0.5096295884975015,,98.7,75.0,49.2,48.1,88.8,67.1
cont006,control_room_operator,employee,2019-04-27,69.6,moderate,anomaly,Review in the daily triage queue,0,16,0.0,0,36244071,0.557869600557906,,43.2,99.8,49.2,48.1,94.0,99.0
vend070,vendor_technician,vendor,2019-04-09,69.6,moderate,priv_no_mfa,Review in the daily triage queue,0,5,1.0,0,9425631,0.4891595589855386,,43.2,82.0,49.2,97.2,84.5,58.2
supe113,supervisor,employee,2019-04-10,69.5,moderate,anomaly,Review in the daily triage queue,0,8,0.0,0,34016316,0.5868288739646068,,43.2,94.0,49.2,48.1,96.5,98.7
cont010,control_room_operator,employee,2019-04-18,69.5,moderate,anomaly,Review in the daily triage queue,0,21,0.0,0,31536949,0.5686162900697657,,43.2,100.0,49.2,48.1,94.6,97.9
cont012,control_room_operator,employee,2019-04-24,69.5,moderate,anomaly,Review in the daily triage queue,0,8,0.0,0,29218220,0.6313085523746655,,43.2,94.0,49.2,48.1,98.0,96.8
ot055,ot_network_admin,employee,2019-04-25,69.4,moderate,anomaly,Review in the daily triage queue,1,8,0.0,0,9950672,0.5033105410380572,,92.1,94.0,49.2,48.1,88.0,61.0
cont022,control_room_operator,employee,2019-04-10,69.3,moderate,anomaly,Review in the daily triage queue,1,5,0.0,0,12706648,0.49235167671199603,,92.1,82.0,49.2,48.1,85.2,71.5
cont005,control_room_operator,employee,2019-04-10,69.1,moderate,anomaly,Review in the daily triage queue,0,11,0.0,0,28813605,0.5671727936099288,,43.2,98.0,49.2,48.1,94.4,96.4
cont006,control_room_operator,employee,2019-04-26,69.1,moderate,anomaly,Review in the daily triage queue,0,12,0.0,0,30266724,0.5526727843957067,,43.2,98.5,49.2,48.1,93.6,97.3
cont014,control_room_operator,employee,2019-04-22,69.1,moderate,anomaly,Review in the daily triage queue,0,7,0.0,0,39069633,0.5810126371807495,,43.2,91.1,49.2,48.1,95.9,99.3
ot056,ot_network_admin,employee,2019-04-17,69.1,moderate,anomaly,Review in the daily triage queue,1,4,0.0,0,12478696,0.5093066784509743,,92.1,75.0,49.2,48.1,88.8,70.4
cont017,control_room_operator,employee,2019-04-25,69.0,moderate,anomaly,Review in the daily triage queue,0,11,0.0,0,27839726,0.5620757364837881,,43.2,98.0,49.2,48.1,94.2,96.0
cont011,control_room_operator,employee,2019-04-16,69.0,moderate,anomaly,Review in the daily triage queue,0,14,0.0,0,33932917,0.534128584177034,,43.2,99.3,49.2,48.1,91.8,98.6
vend076,vendor_technician,vendor,2019-04-10,69.0,moderate,priv_no_mfa,Review in the daily triage queue,0,0,1.0,0,21570033,0.49703427770329556,,43.2,23.9,49.2,97.2,86.5,90.5
it067,it_service_desk,employee,2019-04-26,69.0,moderate,anomaly,Review in the daily triage queue,1,3,0.0,0,14868591,0.49606972984120046,,92.1,66.4,49.2,48.1,86.2,78.7
ot055,ot_network_admin,employee,2019-04-29,68.9,moderate,anomaly,Review in the daily triage queue,0,11,0.0,0,28849260,0.5489469570129525,,43.2,98.0,49.2,48.1,93.2,96.5
it059,it_service_desk,employee,2019-04-16,68.9,moderate,priv_no_mfa,Review in the daily triage queue,0,2,2.0,0,14194915,0.46728902993405813,,43.2,57.6,49.2,98.5,78.0,76.7
it066,it_service_desk,employee,2019-04-18,68.9,moderate,anomaly,Review in the daily triage queue,0,9,0.0,0,27342134,0.5737288959343821,,43.2,96.0,49.2,48.1,95.2,95.7
supe111,supervisor,employee,2019-04-26,68.8,moderate,anomaly,Review in the daily triage queue,0,5,0.0,0,46217104,0.650840983102973,,43.2,82.0,49.2,48.1,98.3,99.8
cont023,control_room_operator,employee,2019-04-19,68.8,moderate,anomaly,Review in the daily triage queue,0,14,0.0,0,23663273,0.5698874929436611,,43.2,99.3,49.2,48.1,94.7,93.2
cont083,contractor_surveyor,contractor,2019-04-05,68.8,moderate,anomaly,Review in the daily triage queue,0,8,0.0,0,32958774,0.5537148160689275,,43.2,94.0,49.2,48.1,93.6,98.3
cont004,control_room_operator,employee,2019-04-23,68.8,moderate,anomaly,Review in the daily triage queue,1,9,0.0,0,9653650,0.49158779569202093,,92.1,96.0,49.2,48.1,85.0,59.4
cont013,control_room_operator,employee,2019-04-05,68.8,moderate,anomaly,Review in the daily triage queue,0,7,0.0,0,39168015,0.5639549909926123,,43.2,91.1,49.2,48.1,94.3,99.4
cont017,control_room_operator,employee,2019-04-12,68.8,moderate,anomaly,Review in the daily triage queue,0,16,0.0,0,21889196,0.5846045143672435,,43.2,99.8,49.2,48.1,96.2,90.9
cont009,control_room_operator,employee,2019-04-17,68.8,moderate,anomaly,Review in the daily triage queue,0,10,0.0,0,25526050,0.5656926721585537,,43.2,97.2,49.2,48.1,94.4,94.8
supe111,supervisor,employee,2019-04-18,68.7,moderate,anomaly,Review in the daily triage queue,0,15,0.0,0,23268617,0.56795773412887,,43.2,99.6,49.2,48.1,94.5,92.7
cont018,control_room_operator,employee,2019-04-20,68.7,moderate,anomaly,Review in the daily triage queue,0,9,0.0,0,32966140,0.5348473331063475,,43.2,96.0,49.2,48.1,91.9,98.4
cont023,control_room_operator,employee,2019-04-15,68.7,moderate,anomaly,Review in the daily triage queue,0,7,0.0,0,38165300,0.5561547511323659,,43.2,91.1,49.2,48.1,93.9,99.2
supe104,supervisor,employee,2019-04-18,68.7,moderate,anomaly,Review in the daily triage queue,0,10,0.0,0,32038820,0.5336657339985372,,43.2,97.2,49.2,48.1,91.7,98.1
vend070,vendor_technician,vendor,2019-04-24,68.7,moderate,external_foreign,Review in the daily triage queue,1,1,0.0,1,0,0.6430341813727539,GT1_password_spray,92.1,50.8,98.7,48.1,98.2,5.1
cont001,control_room_operator,employee,2019-04-03,68.6,moderate,anomaly,Review in the daily triage queue,1,8,0.0,0,8151055,0.5199991649113662,,92.1,94.0,49.2,48.1,89.8,52.7
cont024,control_room_operator,employee,2019-04-04,68.6,moderate,anomaly,Review in the daily triage queue,2,1,0.0,0,13828208,0.5180560214277103,,98.7,50.8,49.2,48.1,89.6,75.5
it059,it_service_desk,employee,2019-04-30,68.6,moderate,priv_no_mfa,Review in the daily triage queue,0,5,1.0,0,8135405,0.4859108990706756,,43.2,82.0,49.2,97.2,83.6,52.6
it063,it_service_desk,employee,2019-04-26,68.5,moderate,anomaly,Review in the daily triage queue,0,12,0.0,0,24329500,0.5423461981840548,,43.2,98.5,49.2,48.1,92.8,93.9
cont006,control_room_operator,employee,2019-04-05,68.5,moderate,anomaly,Review in the daily triage queue,0,10,0.0,0,24887033,0.5498448054010935,,43.2,97.2,49.2,48.1,93.3,94.4
ot055,ot_network_admin,employee,2019-04-22,68.5,moderate,anomaly,Review in the daily triage queue,0,5,0.0,0,36750500,0.6040559794572149,,43.2,82.0,49.2,48.1,97.3,99.1
ot056,ot_network_admin,employee,2019-04-10,68.4,moderate,anomaly,Review in the daily triage queue,1,3,0.0,0,15869864,0.47829078996336216,,92.1,66.4,49.2,48.1,81.6,81.0
cont013,control_room_operator,employee,2019-04-12,68.4,moderate,anomaly,Review in the daily triage queue,0,8,0.0,0,29986741,0.5371207522981772,,43.2,94.0,49.2,48.1,92.2,97.2
cont018,control_room_operator,employee,2019-04-08,68.4,moderate,anomaly,Review in the daily triage queue,0,12,0.0,0,35588630,0.511089873182854,,43.2,98.5,49.2,48.1,88.9,98.9
supe105,supervisor,employee,2019-04-07,68.3,moderate,anomaly,Review in the daily triage queue,1,4,0.0,0,13010765,0.4825650607042842,,92.1,75.0,49.2,48.1,82.8,72.9
vend070,vendor_technician,vendor,2019-04-22,68.3,moderate,priv_no_mfa,Review in the daily triage queue,0,5,1.0,0,11737926,0.4472523351122651,,43.2,82.0,49.2,97.2,70.5,68.1
cont026,control_room_operator,employee,2019-04-08,68.3,moderate,anomaly,Review in the daily triage queue,0,12,0.0,0,29395792,0.5187289389115075,,43.2,98.5,49.2,48.1,89.7,96.9
ot054,ot_network_admin,employee,2019-04-04,68.2,moderate,anomaly,Review in the daily triage queue,0,8,0.0,0,22328352,0.5797317305723041,,43.2,94.0,49.2,48.1,95.7,91.5
main049,maintenance_engineer,employee,2019-04-08,68.2,moderate,anomaly,Review in the daily triage queue,2,4,0.0,0,8056317,0.5417897985009623,,98.7,75.0,49.2,48.1,92.7,52.2
cont021,control_room_operator,employee,2019-04-30,68.2,moderate,anomaly,Review in the daily triage queue,0,11,0.0,0,23075333,0.54874727510998,,43.2,98.0,49.2,48.1,93.2,92.4
vend069,vendor_technician,vendor,2019-04-30,68.2,moderate,anomaly,Review in the daily triage queue,1,4,0.0,0,13068016,0.480550541373177,,92.1,75.0,49.2,48.1,82.4,73.1
cont008,control_room_operator,employee,2019-04-18,68.2,moderate,anomaly,Review in the daily triage queue,0,7,0.0,0,39048054,0.532200928137327,,43.2,91.1,49.2,48.1,91.5,99.3
cont023,control_room_operator,employee,2019-04-11,68.2,moderate,anomaly,Review in the daily triage queue,0,12,0.0,0,22311701,0.5517671408238052,,43.2,98.5,49.2,48.1,93.5,91.4
it068,it_service_desk,employee,2019-04-09,68.2,moderate,priv_no_mfa,Review in the daily triage queue,0,0,1.0,0,15695627,0.5204369889407305,,43.2,23.9,49.2,97.2,89.9,80.6
mine094,mine_planner,employee,2019-04-19,68.1,moderate,anomaly,Review in the daily triage queue,1,7,0.0,0,9626969,0.4875044593541058,,92.1,91.1,49.2,48.1,84.0,59.2
supe105,supervisor,employee,2019-04-17,68.1,moderate,anomaly,Review in the daily triage queue,0,7,0.0,0,25889542,0.559346278552671,,43.2,91.1,49.2,48.1,94.1,94.9
supe107,supervisor,employee,2019-04-10,68.1,moderate,anomaly,Review in the daily triage queue,0,6,0.0,0,35275832,0.5472888173007733,,43.2,87.3,49.2,48.1,93.1,98.9
cont024,control_room_operator,employee,2019-04-02,68.1,moderate,anomaly,Review in the daily triage queue,0,15,0.0,0,24103963,0.5267949786827739,,43.2,99.6,49.2,48.1,90.9,93.5
main037,maintenance_engineer,employee,2019-04-08,68.0,moderate,anomaly,Review in the daily triage queue,0,5,0.0,0,28424408,0.591892434394335,,43.2,82.0,49.2,48.1,96.9,96.2
cont006,control_room_operator,employee,2019-04-23,67.9,moderate,anomaly,Review in the daily triage queue,0,10,0.0,0,21490142,0.5535452688559422,,43.2,97.2,49.2,48.1,93.6,90.4
cont007,control_room_operator,employee,2019-04-22,67.9,moderate,anomaly,Review in the daily triage queue,0,7,0.0,0,29773931,0.5307125958718778,,43.2,91.1,49.2,48.1,91.3,97.1
ot057,ot_network_admin,employee,2019-04-16,67.9,moderate,anomaly,Review in the daily triage queue,0,6,0.0,0,28226395,0.5626430423458527,,43.2,87.3,49.2,48.1,94.2,96.1
main044,maintenance_engineer,employee,2019-04-02,67.9,moderate,anomaly,Review in the daily triage queue,1,3,0.0,0,14699627,0.4764533113037708,,92.1,66.4,49.2,48.1,81.0,78.4
cont011,control_room_operator,employee,2019-04-18,67.8,moderate,anomaly,Review in the daily triage queue,1,0,0.0,0,21705262,0.5409987197642752,,92.1,23.9,49.2,48.1,92.6,90.8
ot053,ot_network_admin,employee,2019-04-18,67.8,moderate,anomaly,Review in the daily triage queue,0,6,0.0,0,27622830,0.5566657620737124,,43.2,87.3,49.2,48.1,93.9,95.8
cont087,contractor_surveyor,contractor,2019-04-09,67.8,moderate,anomaly,Review in the daily triage queue,1,2,0.0,0,12516972,0.5278042691852912,,92.1,57.6,49.2,48.1,91.0,70.6
it059,it_service_desk,employee,2019-04-05,67.7,moderate,priv_no_mfa,Review in the daily triage queue,0,3,1.0,0,7993422,0.5020874546056602,,43.2,66.4,49.2,97.2,87.7,51.6
ot052,ot_network_admin,employee,2019-04-02,67.7,moderate,anomaly,Review in the daily triage queue,0,10,0.0,0,22710577,0.5301403135543705,,43.2,97.2,49.2,48.1,91.3,92.0
cont009,control_room_operator,employee,2019-04-05,67.7,moderate,anomaly,Review in the daily triage queue,0,14,0.0,0,23297037,0.5181912499858019,,43.2,99.3,49.2,48.1,89.6,92.8
cont023,control_room_operator,employee,2019-04-01,67.7,moderate,anomaly,Review in the daily triage queue,0,11,0.0,0,22316506,0.5308776446711363,,43.2,98.0,49.2,48.1,91.4,91.4
cont013,control_room_operator,employee,2019-04-29,67.6,moderate,anomaly,Review in the daily triage queue,0,6,0.0,0,34855274,0.5231514190995483,,43.2,87.3,49.2,48.1,90.4,98.8
mine092,mine_planner,employee,2019-04-25,67.6,moderate,anomaly,Review in the daily triage queue,0,7,0.0,0,31492003,0.5139728191867549,,43.2,91.1,49.2,48.1,89.2,97.9
it059,it_service_desk,employee,2019-04-03,67.6,moderate,priv_no_mfa,Review in the daily triage queue,0,0,1.0,0,17572023,0.48704099452400207,,43.2,23.9,49.2,97.2,84.0,84.6
main028,maintenance_engineer,employee,2019-04-26,67.5,moderate,anomaly,Review in the daily triage queue,1,1,0.0,0,17892301,0.47796947397341594,,92.1,50.8,49.2,48.1,81.5,85.2
cont078,contractor_surveyor,contractor,2019-04-17,67.4,moderate,anomaly,Review in the daily triage queue,1,3,0.0,0,12515652,0.4877025887653973,,92.1,66.4,49.2,48.1,84.2,70.6
main042,maintenance_engineer,employee,2019-04-08,67.3,moderate,anomaly,Review in the daily triage queue,0,8,0.0,0,29165490,0.4997789183989506,,43.2,94.0,49.2,48.1,87.2,96.7
cont025,control_room_operator,employee,2019-04-17,67.3,moderate,anomaly,Review in the daily triage queue,0,7,0.0,0,25754754,0.5211881630125949,,43.2,91.1,49.2,48.1,90.0,94.9
main027,maintenance_engineer,employee,2019-04-11,67.3,moderate,anomaly,Review in the daily triage queue,1,6,0.0,0,12572813,0.4539556792861224,,92.1,87.3,49.2,48.1,73.3,70.7
vend076,vendor_technician,vendor,2019-04-16,67.3,moderate,priv_no_mfa,Review in the daily triage queue,0,0,2.0,0,13736626,0.5032094724356615,,43.2,23.9,49.2,98.5,88.0,75.3
cont018,control_room_operator,employee,2019-04-19,67.2,moderate,anomaly,Review in the daily triage queue,0,16,0.0,0,22357123,0.5016524910997743,,43.2,99.8,49.2,48.1,87.6,91.5
ot051,ot_network_admin,employee,2019-04-27,67.2,moderate,external_foreign,Review in the daily triage queue,0,4,0.0,2,3644858,0.6426377590730014,GT4_impossible_travel,43.2,75.0,99.1,48.1,98.1,27.4
vend075,vendor_technician,vendor,2019-04-17,67.2,moderate,anomaly,Review in the daily triage queue,0,4,0.0,0,29051383,0.5869259950965817,,43.2,75.0,49.2,48.1,96.6,96.6
cont011,control_room_operator,employee,2019-04-02,67.2,moderate,anomaly,Review in the daily triage queue,0,5,0.0,0,32982601,0.5316324165628499,,43.2,82.0,49.2,48.1,91.5,98.4
cont013,control_room_operator,employee,2019-04-09,67.2,moderate,anomaly,Review in the daily triage queue,0,8,0.0,0,24289011,0.512300204914082,,43.2,94.0,49.2,48.1,89.0,93.8
mine098,mine_planner,employee,2019-04-10,67.2,moderate,anomaly,Review in the daily triage queue,1,0,0.0,0,20340095,0.5237288777726775,,92.1,23.9,49.2,48.1,90.5,89.2
mine095,mine_planner,employee,2019-04-15,67.2,moderate,anomaly,Review in the daily triage queue,1,0,0.0,0,18565250,0.5464212420935123,,92.1,23.9,49.2,48.1,93.0,86.3
cont017,control_room_operator,employee,2019-04-18,67.2,moderate,anomaly,Review in the daily triage queue,0,14,0.0,0,14694683,0.6258034491347679,,43.2,99.3,49.2,48.1,97.9,78.3
cont026,control_room_operator,employee,2019-04-10,67.1,moderate,anomaly,Review in the daily triage queue,0,7,0.0,0,24097589,0.5212221375496666,,43.2,91.1,49.2,48.1,90.1,93.5
mine090,mine_planner,employee,2019-04-02,67.1,moderate,anomaly,Review in the daily triage queue,0,4,0.0,0,40788276,0.5539313612005556,,43.2,75.0,49.2,48.1,93.7,99.5
cont007,control_room_operator,employee,2019-04-17,67.1,moderate,anomaly,Review in the daily triage queue,0,6,0.0,0,27169674,0.5238487004573219,,43.2,87.3,49.2,48.1,90.5,95.6
cont016,control_room_operator,employee,2019-04-30,67.1,moderate,anomaly,Review in the daily triage queue,1,7,0.0,0,8969694,0.47791875126410566,,92.1,91.1,49.2,48.1,81.4,56.1
mine094,mine_planner,employee,2019-04-22,67.1,moderate,anomaly,Review in the daily triage queue,0,5,0.0,0,28571589,0.53763642107164,,43.2,82.0,49.2,48.1,92.3,96.3
main045,maintenance_engineer,employee,2019-04-19,67.1,moderate,anomaly,Review in the daily triage queue,0,8,0.0,0,28326178,0.497772906242867,,43.2,94.0,49.2,48.1,86.7,96.2
cont007,control_room_operator,employee,2019-04-23,67.0,moderate,anomaly,Review in the daily triage queue,0,16,0.0,0,15104664,0.5826002176227234,,43.2,99.8,49.2,48.1,96.1,79.1
main030,maintenance_engineer,employee,2019-04-19,67.0,moderate,priv_no_mfa,Review in the daily triage queue,0,6,2.0,0,3291873,0.5363670850723248,,43.2,87.3,49.2,98.5,92.0,25.3
cont012,control_room_operator,employee,2019-04-09,67.0,moderate,anomaly,Review in the daily triage queue,0,7,0.0,0,26921698,0.5035668748571202,,43.2,91.1,49.2,48.1,88.1,95.4
cont011,control_room_operator,employee,2019-04-19,67.0,moderate,anomaly,Review in the daily triage queue,0,14,0.0,0,21642526,0.5023104941841324,,43.2,99.3,49.2,48.1,87.8,90.7
cont021,control_room_operator,employee,2019-04-03,67.0,moderate,anomaly,Review in the daily triage queue,0,11,0.0,0,23743989,0.4955479832436668,,43.2,98.0,49.2,48.1,86.1,93.3
cont007,control_room_operator,employee,2019-04-29,67.0,moderate,anomaly,Review in the daily triage queue,0,8,0.0,0,16500659,0.5875008535848079,,43.2,94.0,49.2,48.1,96.6,82.4
mine098,mine_planner,employee,2019-04-30,67.0,moderate,anomaly,Review in the daily triage queue,1,3,0.0,0,11415636,0.4910223322425809,,92.1,66.4,49.2,48.1,84.9,67.0
supe110,supervisor,employee,2019-04-30,66.9,moderate,anomaly,Review in the daily triage queue,0,8,0.0,0,26246406,0.49761443536621286,,43.2,94.0,49.2,48.1,86.6,95.2
vend076,vendor_technician,vendor,2019-04-28,66.9,moderate,priv_no_mfa,Review in the daily triage queue,0,0,2.0,0,19316416,0.46481609046959194,,43.2,23.9,49.2,98.5,76.8,87.6
cont084,contractor_surveyor,contractor,2019-04-30,66.9,moderate,anomaly,Review in the daily triage queue,0,4,0.0,0,39854575,0.540573670043364,,43.2,75.0,49.2,48.1,92.5,99.4
cont022,control_room_operator,employee,2019-04-12,66.9,moderate,anomaly,Review in the daily triage queue,0,13,0.0,0,22983538,0.49465727207839033,,43.2,98.9,49.2,48.1,86.0,92.3
main044,maintenance_engineer,employee,2019-04-23,66.9,moderate,anomaly,Review in the daily triage queue,0,7,0.0,0,33509436,0.4928127361116661,,43.2,91.1,49.2,48.1,85.4,98.5
cont006,control_room_operator,employee,2019-04-19,66.8,moderate,anomaly,Review in the daily triage queue,1,7,0.0,0,7709976,0.4882929482742933,,92.1,91.1,49.2,48.1,84.3,50.2
supe111,supervisor,employee,2019-04-30,66.8,moderate,anomaly,Review in the daily triage queue,0,4,0.0,0,29307372,0.5571560799868556,,43.2,75.0,49.2,48.1,94.0,96.8
cont012,control_room_operator,employee,2019-04-05,66.8,moderate,anomaly,Review in the daily triage queue,0,7,0.0,0,24464044,0.5041062813605003,,43.2,91.1,49.2,48.1,88.1,94.1
cont089,contractor_surveyor,contractor,2019-04-19,66.8,moderate,anomaly,Review in the daily triage queue,1,0,0.0,0,19218646,0.5201134928316545,,92.1,23.9,49.2,48.1,89.9,87.5
vend074,vendor_technician,vendor,2019-04-10,66.7,moderate,anomaly,Review in the daily triage queue,0,10,0.0,0,19424934,0.5149574356881879,,43.2,97.2,49.2,48.1,89.4,87.8
cont010,control_room_operator,employee,2019-04-30,66.7,moderate,anomaly,Review in the daily triage queue,0,5,0.0,0,38626568,0.5067490162290864,,43.2,82.0,49.2,48.1,88.5,99.2
cont003,control_room_operator,employee,2019-04-20,66.7,moderate,anomaly,Review in the daily triage queue,0,14,0.0,0,23526328,0.48766813878297094,,43.2,99.3,49.2,48.1,84.2,93.1
main034,maintenance_engineer,employee,2019-04-24,66.7,moderate,anomaly,Review in the daily triage queue,0,5,0.0,0,27664834,0.5256257047040904,,43.2,82.0,49.2,48.1,90.7,95.8
mine096,mine_planner,employee,2019-04-02,66.5,moderate,anomaly,Review in the daily triage queue,1,0,0.0,0,17980640,0.5210779928730769,,92.1,23.9,49.2,48.1,90.0,85.5
ot058,ot_network_admin,employee,2019-04-01,66.5,moderate,anomaly,Review in the daily triage queue,0,6,0.0,0,20233094,0.5365458438577754,,43.2,87.3,49.2,48.1,92.1,89.0
it062,it_service_desk,employee,2019-04-17,66.5,moderate,anomaly,Review in the daily triage queue,0,4,0.0,0,31502122,0.5333850283967984,,43.2,75.0,49.2,48.1,91.7,97.9
main041,maintenance_engineer,employee,2019-04-04,66.4,moderate,anomaly,Review in the daily triage queue,0,9,0.0,0,28843660,0.4797117238334283,,43.2,96.0,49.2,48.1,81.9,96.5
cont019,control_room_operator,employee,2019-04-04,66.4,moderate,anomaly,Review in the daily triage queue,0,6,0.0,0,17949506,0.5681034975227615,,43.2,87.3,49.2,48.1,94.5,85.5
ot058,ot_network_admin,employee,2019-04-29,66.4,moderate,anomaly,Review in the daily triage queue,0,5,0.0,0,28839971,0.5111036630550111,,43.2,82.0,49.2,48.1,88.9,96.4
main036,maintenance_engineer,employee,2019-04-08,66.4,moderate,anomaly,Review in the daily triage queue,2,2,0.0,0,7218295,0.5835089165658068,,98.7,57.6,49.2,48.1,96.2,47.5
supe111,supervisor,employee,2019-04-10,66.4,moderate,anomaly,Review in the daily triage queue,0,2,0.0,0,46127537,0.6771702327438937,,43.2,57.6,49.2,48.1,98.9,99.7
ot053,ot_network_admin,employee,2019-04-17,66.4,moderate,anomaly,Review in the daily triage queue,0,6,0.0,0,19013123,0.5472918298710348,,43.2,87.3,49.2,48.1,93.1,87.3
main048,maintenance_engineer,employee,2019-04-02,66.3,low,anomaly,No action; keep in the baseline,1,0,0.0,0,17227058,0.5215999658881603,,92.1,23.9,49.2,48.1,90.2,83.9
supe110,supervisor,employee,2019-04-17,66.3,low,anomaly,No action; keep in the baseline,0,6,0.0,0,22363947,0.5146737771301012,,43.2,87.3,49.2,48.1,89.3,91.5
cont013,control_room_operator,employee,2019-04-26,66.3,low,anomaly,No action; keep in the baseline,1,7,0.0,0,8692077,0.46824209382167453,,92.1,91.1,49.2,48.1,78.5,55.0
cont010,control_room_operator,employee,2019-04-13,66.2,low,anomaly,No action; keep in the baseline,0,13,0.0,0,21912065,0.4857831434004031,,43.2,98.9,49.2,48.1,83.5,91.0
main048,maintenance_engineer,employee,2019-04-30,66.2,low,anomaly,No action; keep in the baseline,1,5,0.0,0,11122588,0.4565396257388467,,92.1,82.0,49.2,48.1,74.5,65.7
ot052,ot_network_admin,employee,2019-04-16,66.2,low,anomaly,No action; keep in the baseline,0,9,0.0,0,18783160,0.5042885199207381,,43.2,96.0,49.2,48.1,88.2,86.9
vend076,vendor_technician,vendor,2019-04-12,66.2,low,priv_no_mfa,No action; keep in the baseline,0,0,3.0,0,13441696,0.480963513330449,,43.2,23.9,49.2,99.1,82.6,74.6
ot054,ot_network_admin,employee,2019-04-16,66.2,low,anomaly,No action; keep in the baseline,1,6,0.0,0,7363642,0.4889766273887999,,92.1,87.3,49.2,48.1,84.5,48.2
cont009,control_room_operator,employee,2019-04-09,66.2,low,anomaly,No action; keep in the baseline,0,4,0.0,0,30378307,0.5263086005163242,,43.2,75.0,49.2,48.1,90.9,97.4
cont015,control_room_operator,employee,2019-04-18,66.2,low,priv_no_mfa,No action; keep in the baseline,0,5,2.0,0,6374291,0.4660350382264783,,43.2,82.0,49.2,98.5,77.7,43.2
cont020,control_room_operator,employee,2019-04-26,66.2,low,anomaly,No action; keep in the baseline,0,9,0.0,0,19355005,0.5009762688630622,,43.2,96.0,49.2,48.1,87.3,87.7
mine092,mine_planner,employee,2019-04-22,66.2,low,anomaly,No action; keep in the baseline,0,7,0.0,0,24249792,0.4929881037360457,,43.2,91.1,49.2,48.1,85.4,93.7
supe110,supervisor,employee,2019-04-04,66.2,low,anomaly,No action; keep in the baseline,0,11,0.0,0,22000302,0.48639155349344676,,43.2,98.0,49.2,48.1,83.7,91.1
cont024,control_room_operator,employee,2019-04-15,66.1,low,anomaly,No action; keep in the baseline,0,10,0.0,0,20838919,0.49081848686243684,,43.2,97.2,49.2,48.1,84.9,89.8
mine099,mine_planner,employee,2019-04-29,66.1,low,anomaly,No action; keep in the baseline,1,0,0.0,0,22656173,0.4849561667361916,,92.1,23.9,49.2,48.1,83.0,91.8
cont019,control_room_operator,employee,2019-04-01,66.1,low,anomaly,No action; keep in the baseline,1,6,0.0,0,6028007,0.5135332581284138,,92.1,87.3,49.2,48.1,89.1,41.7
supe104,supervisor,employee,2019-04-12,66.0,low,anomaly,No action; keep in the baseline,1,6,0.0,0,8297439,0.47277267823443053,,92.1,87.3,49.2,48.1,79.9,53.4
ot054,ot_network_admin,employee,2019-04-09,66.0,low,anomaly,No action; keep in the baseline,0,5,0.0,0,24135864,0.511754100912472,,43.2,82.0,49.2,48.1,89.0,93.7
it059,it_service_desk,employee,2019-04-04,66.0,low,priv_no_mfa,No action; keep in the baseline,0,0,2.0,0,11635524,0.500537841321624,,43.2,23.9,49.2,98.5,87.2,67.7
vend070,vendor_technician,vendor,2019-04-12,66.0,low,priv_no_mfa,No action; keep in the baseline,0,0,1.0,0,18143180,0.4579022633485729,,43.2,23.9,49.2,97.2,74.7,85.7
cont019,control_room_operator,employee,2019-04-17,66.0,low,anomaly,No action; keep in the baseline,0,5,0.0,0,20382491,0.5407457584577082,,43.2,82.0,49.2,48.1,92.6,89.2
it059,it_service_desk,employee,2019-04-14,66.0,low,priv_no_mfa,No action; keep in the baseline,1,0,1.0,0,1685490,0.5226630448421342,,92.1,23.9,49.2,97.2,90.3,16.2
ot053,ot_network_admin,employee,2019-04-01,65.9,low,anomaly,No action; keep in the baseline,0,9,0.0,0,15950826,0.5276061216512484,,43.2,96.0,49.2,48.1,91.0,81.2
main034,maintenance_engineer,employee,2019-04-25,65.9,low,anomaly,No action; keep in the baseline,0,6,0.0,0,22969292,0.4995145028112651,,43.2,87.3,49.2,48.1,87.0,92.3
cont022,control_room_operator,employee,2019-04-05,65.9,low,anomaly,No action; keep in the baseline,2,7,0.0,0,3432588,0.5467853681876285,,98.7,91.1,49.2,48.1,93.0,26.1
cont020,control_room_operator,employee,2019-04-03,65.8,low,anomaly,No action; keep in the baseline,0,4,0.0,0,25918776,0.5242022195067074,,43.2,75.0,49.2,48.1,90.6,95.0
cont022,control_room_operator,employee,2019-04-16,65.8,low,anomaly,No action; keep in the baseline,0,4,0.0,0,32506442,0.5030806279351452,,43.2,75.0,49.2,48.1,88.0,98.2
cont019,control_room_operator,employee,2019-04-30,65.8,low,anomaly,No action; keep in the baseline,0,8,0.0,0,18263159,0.5026396840791064,,43.2,94.0,49.2,48.1,87.8,85.9
ot054,ot_network_admin,employee,2019-04-11,65.8,low,anomaly,No action; keep in the baseline,0,6,0.0,0,22251299,0.499757991182094,,43.2,87.3,49.2,48.1,87.1,91.3
cont008,control_room_operator,employee,2019-04-15,65.7,low,anomaly,No action; keep in the baseline,0,14,0.0,0,19099720,0.4864075951728408,,43.2,99.3,49.2,48.1,83.8,87.4
cont088,contractor_surveyor,contractor,2019-04-30,65.7,low,anomaly,No action; keep in the baseline,2,0,0.0,0,12426572,0.5375674122585581,,98.7,23.9,49.2,48.1,92.3,70.2
supe109,supervisor,employee,2019-04-17,65.6,low,anomaly,No action; keep in the baseline,0,7,0.0,0,26633516,0.4768374925642247,,43.2,91.1,49.2,48.1,81.2,95.3
cont016,control_room_operator,employee,2019-04-17,65.6,low,anomaly,No action; keep in the baseline,0,5,0.0,0,18720582,0.5404642364933463,,43.2,82.0,49.2,48.1,92.5,86.7
cont005,control_room_operator,employee,2019-04-30,65.6,low,anomaly,No action; keep in the baseline,1,5,0.0,0,8918504,0.4684804775827645,,92.1,82.0,49.2,48.1,78.6,55.8
cont005,control_room_operator,employee,2019-04-14,65.5,low,anomaly,No action; keep in the baseline,1,4,0.0,0,10249365,0.4640697089199469,,92.1,75.0,49.2,48.1,76.6,62.4
it066,it_service_desk,employee,2019-04-10,65.5,low,anomaly,No action; keep in the baseline,0,5,0.0,0,25055923,0.4938527162826891,,43.2,82.0,49.2,48.1,85.7,94.6
cont008,control_room_operator,employee,2019-04-09,65.4,low,anomaly,No action; keep in the baseline,0,8,0.0,0,24302129,0.47357286751651156,,43.2,94.0,49.2,48.1,80.2,93.8
main047,maintenance_engineer,employee,2019-04-18,65.4,low,anomaly,No action; keep in the baseline,0,7,0.0,0,18018642,0.5017899478090527,,43.2,91.1,49.2,48.1,87.6,85.5
ot055,ot_network_admin,employee,2019-04-15,65.3,low,anomaly,No action; keep in the baseline,0,4,0.0,0,21510320,0.5331037957587073,,43.2,75.0,49.2,48.1,91.6,90.4
vend074,vendor_technician,vendor,2019-04-19,65.3,low,anomaly,No action; keep in the baseline,0,8,0.0,0,13382871,0.5616113471246422,,43.2,94.0,49.2,48.1,94.1,74.2
it066,it_service_desk,employee,2019-04-26,65.3,low,anomaly,No action; keep in the baseline,1,0,0.0,0,17579093,0.4893320469925926,,92.1,23.9,49.2,48.1,84.6,84.7
main027,maintenance_engineer,employee,2019-04-26,65.3,low,anomaly,No action; keep in the baseline,0,2,0.0,0,33640849,0.5614861662055929,,43.2,57.6,49.2,48.1,94.1,98.6
cont007,control_room_operator,employee,2019-04-24,65.3,low,anomaly,No action; keep in the baseline,0,7,0.0,0,20657929,0.487599718123937,,43.2,91.1,49.2,48.1,84.1,89.6
it062,it_service_desk,employee,2019-04-02,65.3,low,anomaly,No action; keep in the baseline,1,0,0.0,0,14824837,0.5148195763968471,,92.1,23.9,49.2,48.1,89.3,78.5
vend076,vendor_technician,vendor,2019-04-17,65.3,low,priv_no_mfa,No action; keep in the baseline,0,0,2.0,0,10987164,0.49453300238260034,,43.2,23.9,49.2,98.5,85.9,64.9
cont007,control_room_operator,employee,2019-04-04,65.3,low,anomaly,No action; keep in the baseline,0,3,0.0,0,30034608,0.5233000933241815,,43.2,66.4,49.2,48.1,90.4,97.2
supe112,supervisor,employee,2019-04-08,65.3,low,anomaly,No action; keep in the baseline,0,7,0.0,0,18822926,0.4962191480495039,,43.2,91.1,49.2,48.1,86.2,86.9
cont085,contractor_surveyor,contractor,2019-04-22,65.2,low,anomaly,No action; keep in the baseline,1,0,0.0,0,14842871,0.5057170121035379,,92.1,23.9,49.2,48.1,88.4,78.6
vend076,vendor_technician,vendor,2019-04-19,65.2,low,priv_no_mfa,No action; keep in the baseline,0,0,1.0,0,15255673,0.4603935092358694,,43.2,23.9,49.2,97.2,75.5,79.6
vend074,vendor_technician,vendor,2019-04-16,65.1,low,anomaly,No action; keep in the baseline,1,5,0.0,0,6095941,0.49654934111655663,,92.1,82.0,49.2,48.1,86.3,42.0
main029,maintenance_engineer,employee,2019-04-25,65.1,low,anomaly,No action; keep in the baseline,0,5,0.0,0,22978366,0.493059010884725,,43.2,82.0,49.2,48.1,85.4,92.3
cont008,control_room_operator,employee,2019-04-26,65.1,low,anomaly,No action; keep in the baseline,0,7,0.0,0,25365818,0.470144525757715,,43.2,91.1,49.2,48.1,78.9,94.8
cont015,control_room_operator,employee,2019-04-26,65.1,low,priv_no_mfa,No action; keep in the baseline,0,0,3.0,0,10634467,0.4906628357155533,,43.2,23.9,49.2,99.1,84.8,63.8
cont017,control_room_operator,employee,2019-04-23,65.1,low,anomaly,No action; keep in the baseline,0,12,0.0,0,14442187,0.5073703759512462,,43.2,98.5,49.2,48.1,88.5,77.3
cont082,contractor_surveyor,contractor,2019-04-21,65.0,low,anomaly,No action; keep in the baseline,0,5,0.0,0,27357161,0.48158145215744763,,43.2,82.0,49.2,48.1,82.7,95.8
supe106,supervisor,employee,2019-04-11,65.0,low,anomaly,No action; keep in the baseline,0,6,0.0,0,17078337,0.5093400297101464,,43.2,87.3,49.2,48.1,88.8,83.5
cont009,control_room_operator,employee,2019-04-13,65.0,low,anomaly,No action; keep in the baseline,1,5,0.0,0,9338682,0.4555414676913033,,92.1,82.0,49.2,48.1,74.1,57.9
cont025,control_room_operator,employee,2019-04-03,65.0,low,anomaly,No action; keep in the baseline,0,8,0.0,0,24738150,0.46698655995229016,,43.2,94.0,49.2,48.1,77.8,94.2
cont025,control_room_operator,employee,2019-04-05,65.0,low,anomaly,No action; keep in the baseline,0,11,0.0,0,18179623,0.4803555040684386,,43.2,98.0,49.2,48.1,82.1,85.8
ot053,ot_network_admin,employee,2019-04-09,64.9,low,anomaly,No action; keep in the baseline,0,5,0.0,0,23148289,0.48868292022814797,,43.2,82.0,49.2,48.1,84.4,92.6
main027,maintenance_engineer,employee,2019-04-01,64.9,low,anomaly,No action; keep in the baseline,1,3,0.0,0,12943452,0.4476384946255442,,92.1,66.4,49.2,48.1,70.7,72.5
supe107,supervisor,employee,2019-04-03,64.9,low,anomaly,No action; keep in the baseline,0,5,0.0,0,22213426,0.4933108856175228,,43.2,82.0,49.2,48.1,85.5,91.3
ot052,ot_network_admin,employee,2019-04-26,64.9,low,anomaly,No action; keep in the baseline,0,7,0.0,0,18202090,0.4903188824691813,,43.2,91.1,49.2,48.1,84.7,85.8
main045,maintenance_engineer,employee,2019-04-17,64.9,low,anomaly,No action; keep in the baseline,0,3,0.0,0,27227757,0.5194867405095157,,43.2,66.4,49.2,48.1,89.8,95.6
cont001,control_room_operator,employee,2019-04-24,64.9,low,anomaly,No action; keep in the baseline,0,4,0.0,0,20738756,0.5207877318581287,,43.2,75.0,49.2,48.1,89.9,89.6
mine102,mine_planner,employee,2019-04-12,64.8,low,anomaly,No action; keep in the baseline,2,0,0.0,0,11411545,0.5248516219439504,,98.7,23.9,49.2,48.1,90.7,66.9
mine090,mine_planner,employee,2019-04-25,64.7,low,anomaly,No action; keep in the baseline,0,8,0.0,0,18606540,0.4795799964562048,,43.2,94.0,49.2,48.1,81.8,86.6
ot053,ot_network_admin,employee,2019-04-29,64.6,low,anomaly,No action; keep in the baseline,0,6,0.0,0,15226311,0.5214748199101531,,43.2,87.3,49.2,48.1,90.1,79.5
main028,maintenance_engineer,employee,2019-04-12,64.6,low,anomaly,No action; keep in the baseline,0,5,0.0,0,25151206,0.47773028743547336,,43.2,82.0,49.2,48.1,81.4,94.6
cont023,control_room_operator,employee,2019-04-08,64.6,low,anomaly,No action; keep in the baseline,0,5,0.0,0,24711908,0.4792379809306913,,43.2,82.0,49.2,48.1,81.8,94.2
mine093,mine_planner,employee,2019-04-29,64.5,low,anomaly,No action; keep in the baseline,1,0,0.0,0,15713178,0.4862721761063727,,92.1,23.9,49.2,48.1,83.7,80.7
main047,maintenance_engineer,employee,2019-04-23,64.5,low,anomaly,No action; keep in the baseline,0,9,0.0,0,17751670,0.4765646255361154,,43.2,96.0,49.2,48.1,81.1,85.1
cont010,control_room_operator,employee,2019-04-26,64.5,low,anomaly,No action; keep in the baseline,0,10,0.0,0,24785355,0.45491713180727644,,43.2,97.2,49.2,48.1,73.6,94.3
cont003,control_room_operator,employee,2019-04-15,64.5,low,anomaly,No action; keep in the baseline,0,4,0.0,0,23199584,0.4946306627039433,,43.2,75.0,49.2,48.1,85.9,92.7
cont015,control_room_operator,employee,2019-04-01,64.4,low,anomaly,No action; keep in the baseline,2,4,0.0,0,3168987,0.5717996265904114,,98.7,75.0,49.2,48.1,94.8,24.6
cont007,control_room_operator,employee,2019-04-15,64.4,low,anomaly,No action; keep in the baseline,0,7,0.0,0,15195986,0.5002513351436222,,43.2,91.1,49.2,48.1,87.2,79.4
mine099,mine_planner,employee,2019-04-05,64.4,low,anomaly,No action; keep in the baseline,0,2,0.0,0,29503837,0.5260930156185262,,43.2,57.6,49.2,48.1,90.8,97.0
cont009,control_room_operator,employee,2019-04-19,64.4,low,anomaly,No action; keep in the baseline,0,2,0.0,0,28870449,0.5295836953300583,,43.2,57.6,49.2,48.1,91.2,96.5
cont019,control_room_operator,employee,2019-04-08,64.4,low,anomaly,No action; keep in the baseline,0,7,0.0,0,12970130,0.5386461536087116,,43.2,91.1,49.2,48.1,92.4,72.7
supe106,supervisor,employee,2019-04-04,64.3,low,anomaly,No action; keep in the baseline,0,1,0.0,0,27754116,0.5690473657329114,,43.2,50.8,49.2,48.1,94.6,95.9
main035,maintenance_engineer,employee,2019-04-03,64.3,low,anomaly,No action; keep in the baseline,0,5,0.0,0,20797980,0.48620044230950354,,43.2,82.0,49.2,48.1,83.6,89.7
main036,maintenance_engineer,employee,2019-04-19,64.3,low,anomaly,No action; keep in the baseline,0,2,0.0,0,35293463,0.5089802749762252,,43.2,57.6,49.2,48.1,88.7,98.9
it063,it_service_desk,employee,2019-04-10,64.3,low,anomaly,No action; keep in the baseline,1,0,0.0,0,15123923,0.486295203572999,,92.1,23.9,49.2,48.1,83.7,79.2
cont024,control_room_operator,employee,2019-04-30,64.3,low,anomaly,No action; keep in the baseline,1,6,0.0,0,6819984,0.4654152230887989,,92.1,87.3,49.2,48.1,77.2,45.5
cont022,control_room_operator,employee,2019-04-08,64.2,low,anomaly,No action; keep in the baseline,0,3,0.0,0,29519820,0.49273040187591166,,43.2,66.4,49.2,48.1,85.3,97.0
ot054,ot_network_admin,employee,2019-04-14,64.2,low,anomaly,No action; keep in the baseline,1,2,0.0,0,8577511,0.4920572376507853,,92.1,57.6,49.2,48.1,85.1,54.5
cont002,control_room_operator,employee,2019-04-10,64.2,low,anomaly,No action; keep in the baseline,0,4,0.0,0,20652303,0.4971277215699017,,43.2,75.0,49.2,48.1,86.5,89.5
cont017,control_room_operator,employee,2019-04-10,64.1,low,anomaly,No action; keep in the baseline,0,5,0.0,0,22683088,0.4759389054517004,,43.2,82.0,49.2,48.1,80.8,91.9
it068,it_service_desk,employee,2019-04-22,64.1,low,priv_no_mfa,No action; keep in the baseline,0,0,1.0,0,15667390,0.4453289078511149,,43.2,23.9,49.2,97.2,69.4,80.6
cont003,control_room_operator,employee,2019-04-30,64.1,low,anomaly,No action; keep in the baseline,0,4,0.0,0,29114919,0.4760368612426346,,43.2,75.0,49.2,48.1,80.9,96.7
cont015,control_room_operator,employee,2019-04-27,64.1,low,priv_no_mfa,No action; keep in the baseline,0,5,1.0,0,4937062,0.4580896570339917,,43.2,82.0,49.2,97.2,74.9,34.6
vend073,vendor_technician,vendor,2019-04-06,64.1,low,anomaly,No action; keep in the baseline,0,6,0.0,0,17665613,0.485818925603655,,43.2,87.3,49.2,48.1,83.5,84.8
it062,it_service_desk,employee,2019-04-09,64.1,low,anomaly,No action; keep in the baseline,0,1,0.0,0,24771216,0.5697432456472837,,43.2,50.8,49.2,48.1,94.7,94.3
cont086,contractor_surveyor,contractor,2019-04-25,64.0,low,anomaly,No action; keep in the baseline,1,2,0.0,0,11179804,0.4606052066919113,,92.1,57.6,49.2,48.1,75.6,65.9
cont011,control_room_operator,employee,2019-04-22,64.0,low,anomaly,No action; keep in the baseline,0,13,0.0,0,12793104,0.49973687391790067,,43.2,98.9,49.2,48.1,87.1,71.9
cont008,control_room_operator,employee,2019-04-05,64.0,low,anomaly,No action; keep in the baseline,0,9,0.0,0,14941024,0.48549840838341,,43.2,96.0,49.2,48.1,83.3,78.9
main037,maintenance_engineer,employee,2019-04-04,64.0,low,anomaly,No action; keep in the baseline,0,5,0.0,0,19825203,0.481216136687903,,43.2,82.0,49.2,48.1,82.6,88.6
cont022,control_room_operator,employee,2019-04-04,63.9,low,anomaly,No action; keep in the baseline,0,4,0.0,0,22689601,0.48556150166857653,,43.2,75.0,49.2,48.1,83.3,91.9
vend070,vendor_technician,vendor,2019-04-05,63.9,low,priv_no_mfa,No action; keep in the baseline,0,0,1.0,0,10724082,0.4754387932583663,,43.2,23.9,49.2,97.2,80.6,64.1
main049,maintenance_engineer,employee,2019-04-02,63.9,low,anomaly,No action; keep in the baseline,1,2,0.0,0,8664842,0.48559645110008276,,92.1,57.6,49.2,48.1,83.3,54.8
main038,maintenance_engineer,employee,2019-04-19,63.8,low,anomaly,No action; keep in the baseline,1,4,0.0,0,5732667,0.49177322595492245,,92.1,75.0,49.2,48.1,85.1,40.0
cont088,contractor_surveyor,contractor,2019-04-05,63.7,low,anomaly,No action; keep in the baseline,1,3,0.0,0,11113375,0.44574345742517074,,92.1,66.4,49.2,48.1,69.6,65.6
cont019,control_room_operator,employee,2019-04-18,63.7,low,anomaly,No action; keep in the baseline,0,9,0.0,0,12808758,0.49949323431228315,,43.2,96.0,49.2,48.1,86.9,72.0
mine099,mine_planner,employee,2019-04-09,63.7,low,anomaly,No action; keep in the baseline,1,0,0.0,0,15860008,0.47143017842004287,,92.1,23.9,49.2,48.1,79.4,80.9
mine097,mine_planner,employee,2019-04-05,63.7,low,anomaly,No action; keep in the baseline,1,0,0.0,0,19535903,0.45610831785586076,,92.1,23.9,49.2,48.1,74.3,88.0
vend072,vendor_technician,vendor,2019-04-09,63.7,low,anomaly,No action; keep in the baseline,0,5,0.0,0,24342222,0.46534284744189525,,43.2,82.0,49.2,48.1,77.1,93.9
ot052,ot_network_admin,employee,2019-04-25,63.6,low,anomaly,No action; keep in the baseline,0,5,0.0,0,22189859,0.4693041816025332,,43.2,82.0,49.2,48.1,78.7,91.3
cont025,control_room_operator,employee,2019-04-20,63.6,low,anomaly,No action; keep in the baseline,0,8,0.0,0,19388609,0.4604838014529924,,43.2,94.0,49.2,48.1,75.5,87.8
it068,it_service_desk,employee,2019-04-08,63.6,low,priv_no_mfa,No action; keep in the baseline,0,3,1.0,0,9059925,0.4345892227841572,,43.2,66.4,49.2,97.2,63.8,56.5
cont012,control_room_operator,employee,2019-04-15,63.6,low,anomaly,No action; keep in the baseline,0,8,0.0,0,16421413,0.47139476849071826,,43.2,94.0,49.2,48.1,79.4,82.3
cont019,control_room_operator,employee,2019-04-26,63.5,low,anomaly,No action; keep in the baseline,0,2,0.0,0,22991116,0.5190319877882719,,43.2,57.6,49.2,48.1,89.8,92.4
ot055,ot_network_admin,employee,2019-04-23,63.5,low,anomaly,No action; keep in the baseline,0,11,0.0,0,14666344,0.47297799945893987,,43.2,98.0,49.2,48.1,80.0,78.2
supe107,supervisor,employee,2019-04-24,63.5,low,anomaly,No action; keep in the baseline,0,4,0.0,0,28129587,0.4674399033779476,,43.2,75.0,49.2,48.1,78.1,96.1
supe111,supervisor,employee,2019-04-12,63.5,low,anomaly,No action; keep in the baseline,0,4,0.0,0,23608560,0.47540056250700646,,43.2,75.0,49.2,48.1,80.6,93.2
main036,maintenance_engineer,employee,2019-04-11,63.5,low,anomaly,No action; keep in the baseline,1,5,0.0,0,6625107,0.4649668405498697,,92.1,82.0,49.2,48.1,77.0,44.4
cont009,control_room_operator,employee,2019-04-04,63.5,low,anomaly,No action; keep in the baseline,0,9,0.0,0,21590922,0.4501636690407487,,43.2,96.0,49.2,48.1,71.8,90.6
cont002,control_room_operator,employee,2019-04-17,63.4,low,anomaly,No action; keep in the baseline,0,8,0.0,0,16388863,0.4692165787037201,,43.2,94.0,49.2,48.1,78.7,82.2
cont080,contractor_surveyor,contractor,2019-04-30,63.4,low,anomaly,No action; keep in the baseline,0,5,0.0,0,23925795,0.46227547983788864,,43.2,82.0,49.2,48.1,76.1,93.4
cont020,control_room_operator,employee,2019-04-30,63.4,low,anomaly,No action; keep in the baseline,0,7,0.0,0,17625282,0.46764800509683435,,43.2,91.1,49.2,48.1,78.3,84.7
supe113,supervisor,employee,2019-04-02,63.4,low,anomaly,No action; keep in the baseline,0,9,0.0,0,17912875,0.4593819572775304,,43.2,96.0,49.2,48.1,75.2,85.3
cont016,control_room_operator,employee,2019-04-25,63.4,low,anomaly,No action; keep in the baseline,1,0,0.0,0,19980097,0.45036569102399776,,92.1,23.9,49.2,48.1,72.0,88.8
ot051,ot_network_admin,employee,2019-04-07,63.3,low,anomaly,No action; keep in the baseline,0,3,0.0,0,24120083,0.48534431157973434,,43.2,66.4,49.2,48.1,83.2,93.6
mine099,mine_planner,employee,2019-04-01,63.3,low,anomaly,No action; keep in the baseline,0,6,0.0,0,21197842,0.4610210434831464,,43.2,87.3,49.2,48.1,75.7,90.2
mine093,mine_planner,employee,2019-04-15,63.2,low,anomaly,No action; keep in the baseline,1,2,0.0,0,8569983,0.4721857524086999,,92.1,57.6,49.2,48.1,79.7,54.5
ot057,ot_network_admin,employee,2019-04-02,63.2,low,anomaly,No action; keep in the baseline,0,4,0.0,0,19550777,0.48258819571947503,,43.2,75.0,49.2,48.1,82.8,88.0
supe104,supervisor,employee,2019-04-24,63.2,low,anomaly,No action; keep in the baseline,0,7,0.0,0,21661097,0.45230349705701944,,43.2,91.1,49.2,48.1,72.7,90.7
main043,maintenance_engineer,employee,2019-04-06,63.1,low,anomaly,No action; keep in the baseline,0,9,0.0,0,16019648,0.46492578121502,,43.2,96.0,49.2,48.1,76.9,81.3
main045,maintenance_engineer,employee,2019-04-08,63.1,low,anomaly,No action; keep in the baseline,2,2,0.0,0,4562762,0.5282108153792702,,98.7,57.6,49.2,48.1,91.0,32.6
cont013,control_room_operator,employee,2019-04-23,63.1,low,anomaly,No action; keep in the baseline,0,13,0.0,0,9123535,0.5501888830178848,,43.2,98.9,49.2,48.1,93.3,57.1
ot057,ot_network_admin,employee,2019-04-24,63.1,low,anomaly,No action; keep in the baseline,0,4,0.0,0,16358864,0.49731932616066044,,43.2,75.0,49.2,48.1,86.6,82.0
cont005,control_room_operator,employee,2019-04-12,63.1,low,anomaly,No action; keep in the baseline,1,3,0.0,0,8052895,0.46456819771312774,,92.1,66.4,49.2,48.1,76.8,52.1
main033,maintenance_engineer,employee,2019-04-30,63.1,low,anomaly,No action; keep in the baseline,0,4,0.0,0,16868730,0.4953882240265003,,43.2,75.0,49.2,48.1,86.0,83.2
cont019,control_room_operator,employee,2019-04-19,63.0,low,anomaly,No action; keep in the baseline,0,6,0.0,0,12711512,0.5024610554650151,,43.2,87.3,49.2,48.1,87.8,71.6
mine091,mine_planner,employee,2019-04-03,63.0,low,anomaly,No action; keep in the baseline,0,2,0.0,0,15850475,0.5803679564568243,,43.2,57.6,49.2,48.1,95.8,80.9
ot056,ot_network_admin,employee,2019-04-18,63.0,low,anomaly,No action; keep in the baseline,0,9,0.0,0,19378305,0.44897024247857076,,43.2,96.0,49.2,48.1,71.4,87.8
it060,it_service_desk,employee,2019-04-01,63.0,low,anomaly,No action; keep in the baseline,0,0,0.0,0,43740970,0.6570605010276818,,43.2,23.9,49.2,48.1,98.4,99.6
cont024,control_room_operator,employee,2019-04-10,63.0,low,anomaly,No action; keep in the baseline,1,1,0.0,0,11559053,0.45226175898567245,,92.1,50.8,49.2,48.1,72.7,67.4
cont005,control_room_operator,employee,2019-04-19,62.9,low,anomaly,No action; keep in the baseline,0,12,0.0,0,17300517,0.4513184994699985,,43.2,98.5,49.2,48.1,72.2,84.1
main040,maintenance_engineer,employee,2019-04-22,62.9,low,anomaly,No action; keep in the baseline,2,0,0.0,0,9141121,0.5063229636354931,,98.7,23.9,49.2,48.1,88.5,57.2
cont078,contractor_surveyor,contractor,2019-04-10,62.9,low,anomaly,No action; keep in the baseline,1,0,0.0,0,15559865,0.46175096987605074,,92.1,23.9,49.2,48.1,75.9,80.4
ot058,ot_network_admin,employee,2019-04-12,62.9,low,anomaly,No action; keep in the baseline,0,2,0.0,0,26618340,0.49009569609566017,,43.2,57.6,49.2,48.1,84.7,95.3
supe108,supervisor,employee,2019-04-03,62.9,low,anomaly,No action; keep in the baseline,0,6,0.0,0,17323260,0.46762842960937534,,43.2,87.3,49.2,48.1,78.2,84.1
main049,maintenance_engineer,employee,2019-04-09,62.9,low,anomaly,No action; keep in the baseline,0,7,0.0,0,11229039,0.515154030617762,,43.2,91.1,49.2,48.1,89.4,66.1
vend075,vendor_technician,vendor,2019-04-04,62.9,low,anomaly,No action; keep in the baseline,1,0,0.0,0,10294373,0.5149842124685058,,92.1,23.9,49.2,48.1,89.4,62.6
main043,maintenance_engineer,employee,2019-04-09,62.8,low,anomaly,No action; keep in the baseline,0,3,0.0,0,25036918,0.47366065050103406,,43.2,66.4,49.2,48.1,80.2,94.5
mine103,mine_planner,employee,2019-04-22,62.8,low,anomaly,No action; keep in the baseline,0,3,0.0,0,24804365,0.47391947288539427,,43.2,66.4,49.2,48.1,80.3,94.3
main037,maintenance_engineer,employee,2019-04-09,62.8,low,anomaly,No action; keep in the baseline,0,2,0.0,0,27258561,0.4870975488009264,,43.2,57.6,49.2,48.1,84.0,95.6
ot057,ot_network_admin,employee,2019-04-23,62.7,low,anomaly,No action; keep in the baseline,0,8,0.0,0,12097943,0.48952478092598456,,43.2,94.0,49.2,48.1,84.6,69.3
cont013,control_room_operator,employee,2019-04-21,62.7,low,anomaly,No action; keep in the baseline,1,5,0.0,0,5459354,0.46577990442687206,,92.1,82.0,49.2,48.1,77.4,38.4
cont017,control_room_operator,employee,2019-04-14,62.7,low,anomaly,No action; keep in the baseline,0,9,0.0,0,13903432,0.47027842499565725,,43.2,96.0,49.2,48.1,79.0,75.8
supe113,supervisor,employee,2019-04-30,62.7,low,anomaly,No action; keep in the baseline,0,12,0.0,0,14877469,0.4601558800914603,,43.2,98.5,49.2,48.1,75.4,78.8
cont020,control_room_operator,employee,2019-04-09,62.7,low,anomaly,No action; keep in the baseline,0,2,0.0,0,33394305,0.47652492225466364,,43.2,57.6,49.2,48.1,81.0,98.5
vend074,vendor_technician,vendor,2019-04-03,62.7,low,anomaly,No action; keep in the baseline,0,7,0.0,0,18734987,0.45350136324442614,,43.2,91.1,49.2,48.1,73.2,86.8
mine095,mine_planner,employee,2019-04-05,62.7,low,anomaly,No action; keep in the baseline,0,4,0.0,0,22771353,0.46542364006184733,,43.2,75.0,49.2,48.1,77.3,92.0
ot051,ot_network_admin,employee,2019-04-13,62.6,low,anomaly,No action; keep in the baseline,1,5,0.0,0,5427114,0.4650980555635111,,92.1,82.0,49.2,48.1,77.0,38.0
main048,maintenance_engineer,employee,2019-04-13,62.6,low,failures,No action; keep in the baseline,1,5,0.0,0,8241068,0.43830535552852756,,92.1,82.0,49.2,48.1,65.6,53.0
cont007,control_room_operator,employee,2019-04-14,62.6,low,anomaly,No action; keep in the baseline,0,7,0.0,0,17274901,0.4570162473735852,,43.2,91.1,49.2,48.1,74.6,84.0
cont024,control_room_operator,employee,2019-04-01,62.6,low,egress,No action; keep in the baseline,0,7,0.0,0,22964723,0.4437885053388892,,43.2,91.1,49.2,48.1,68.8,92.2
vend074,vendor_technician,vendor,2019-04-13,62.6,low,anomaly,No action; keep in the baseline,0,6,0.0,0,14474853,0.47919432148620583,,43.2,87.3,49.2,48.1,81.8,77.4
cont014,control_room_operator,employee,2019-04-11,62.6,low,anomaly,No action; keep in the baseline,0,6,0.0,0,17202056,0.46391252162544083,,43.2,87.3,49.2,48.1,76.6,83.8
cont001,control_room_operator,employee,2019-04-12,62.5,low,anomaly,No action; keep in the baseline,0,5,0.0,0,13854447,0.49259367593433656,,43.2,82.0,49.2,48.1,85.3,75.6
main038,maintenance_engineer,employee,2019-04-15,62.5,low,anomaly,No action; keep in the baseline,1,2,0.0,0,5858495,0.4970109885435743,,92.1,57.6,49.2,48.1,86.5,40.9
main041,maintenance_engineer,employee,2019-04-05,62.5,low,anomaly,No action; keep in the baseline,1,0,0.0,0,12877808,0.47218206513104694,,92.1,23.9,49.2,48.1,79.7,72.2
it063,it_service_desk,employee,2019-04-16,62.4,low,anomaly,No action; keep in the baseline,0,5,0.0,0,23603298,0.4489285066978667,,43.2,82.0,49.2,48.1,71.3,93.2
mine100,mine_planner,employee,2019-04-01,62.4,low,anomaly,No action; keep in the baseline,1,0,0.0,0,13302301,0.46713757141533896,,92.1,23.9,49.2,48.1,77.9,74.0
cont007,control_room_operator,employee,2019-04-09,62.4,low,anomaly,No action; keep in the baseline,0,8,0.0,0,13156378,0.47502278862003205,,43.2,94.0,49.2,48.1,80.4,73.2
ot056,ot_network_admin,employee,2019-04-08,62.4,low,anomaly,No action; keep in the baseline,0,0,0.0,0,32174220,0.5868009558142073,,43.2,23.9,49.2,48.1,96.5,98.1
supe110,supervisor,employee,2019-04-16,62.4,low,anomaly,No action; keep in the baseline,0,4,0.0,0,22862808,0.4602482602590801,,43.2,75.0,49.2,48.1,75.5,92.1
mine096,mine_planner,employee,2019-04-04,62.4,low,anomaly,No action; keep in the baseline,0,0,0.0,0,41000018,0.580235864687815,,43.2,23.9,49.2,48.1,95.8,99.6
vend076,vendor_technician,vendor,2019-04-13,62.4,low,priv_no_mfa,No action; keep in the baseline,0,0,2.0,0,8345732,0.4722108893516545,,43.2,23.9,49.2,98.5,79.7,53.7
cont017,control_room_operator,employee,2019-04-04,62.3,low,anomaly,No action; keep in the baseline,0,11,0.0,0,9635341,0.5049095862590932,,43.2,98.0,49.2,48.1,88.3,59.3
main031,maintenance_engineer,employee,2019-04-05,62.3,low,anomaly,No action; keep in the baseline,0,3,0.0,0,23096282,0.47057866728952075,,43.2,66.4,49.2,48.1,79.2,92.5
supe105,supervisor,employee,2019-04-08,62.2,low,anomaly,No action; keep in the baseline,0,4,0.0,0,18069577,0.4725356659210135,,43.2,75.0,49.2,48.1,79.8,85.6
cont004,control_room_operator,employee,2019-04-01,62.2,low,anomaly,No action; keep in the baseline,0,6,0.0,0,22114224,0.44419264532628394,,43.2,87.3,49.2,48.1,69.1,91.2
supe110,supervisor,employee,2019-04-07,62.2,low,anomaly,No action; keep in the baseline,0,8,0.0,0,16279620,0.4521269691842646,,43.2,94.0,49.2,48.1,72.7,81.9
cont011,control_room_operator,employee,2019-04-11,62.2,low,anomaly,No action; keep in the baseline,1,0,0.0,0,11808982,0.4776039349808874,,92.1,23.9,49.2,48.1,81.3,68.2
cont022,control_room_operator,employee,2019-04-11,62.2,low,anomaly,No action; keep in the baseline,0,10,0.0,0,14147427,0.460150310999185,,43.2,97.2,49.2,48.1,75.4,76.4
cont088,contractor_surveyor,contractor,2019-04-17,62.1,low,anomaly,No action; keep in the baseline,0,6,0.0,0,19320835,0.4493838217636483,,43.2,87.3,49.2,48.1,71.5,87.6
cont008,control_room_operator,employee,2019-04-10,62.1,low,anomaly,No action; keep in the baseline,1,2,0.0,0,9379452,0.44978182646853365,,92.1,57.6,49.2,48.1,71.6,58.1
ot058,ot_network_admin,employee,2019-04-11,62.1,low,anomaly,No action; keep in the baseline,0,3,0.0,0,21973674,0.47190413925317926,,43.2,66.4,49.2,48.1,79.5,91.0
mine101,mine_planner,employee,2019-04-19,62.0,low,anomaly,No action; keep in the baseline,1,0,0.0,0,14560808,0.45400312952947697,,92.1,23.9,49.2,48.1,73.3,77.8
cont001,control_room_operator,employee,2019-04-29,62.0,low,anomaly,No action; keep in the baseline,2,3,0.0,0,1546997,0.5524955581940174,,98.7,66.4,49.2,48.1,93.5,15.7
cont018,control_room_operator,employee,2019-04-28,62.0,low,anomaly,No action; keep in the baseline,0,9,0.0,0,19571877,0.43895857314222253,,43.2,96.0,49.2,48.1,66.2,88.1
cont012,control_room_operator,employee,2019-04-06,62.0,low,anomaly,No action; keep in the baseline,0,9,0.0,0,13412290,0.463316081905725,,43.2,96.0,49.2,48.1,76.5,74.4
cont019,control_room_operator,employee,2019-04-12,61.9,low,anomaly,No action; keep in the baseline,0,4,0.0,0,14604040,0.48641318317972926,,43.2,75.0,49.2,48.1,83.8,78.0
cont083,contractor_surveyor,contractor,2019-04-30,61.9,low,anomaly,No action; keep in the baseline,0,5,0.0,0,19532347,0.4526420031997454,,43.2,82.0,49.2,48.1,72.9,87.9
main029,maintenance_engineer,employee,2019-04-09,61.9,low,anomaly,No action; keep in the baseline,0,2,0.0,0,21252091,0.48545588337625145,,43.2,57.6,49.2,48.1,83.2,90.3
main042,maintenance_engineer,employee,2019-04-03,61.9,low,anomaly,No action; keep in the baseline,1,2,0.0,0,7857554,0.46206511733470224,,92.1,57.6,49.2,48.1,76.0,51.0
it062,it_service_desk,employee,2019-04-12,61.9,low,anomaly,No action; keep in the baseline,1,0,0.0,0,10739201,0.4822444940853773,,92.1,23.9,49.2,48.1,82.7,64.1
vend072,vendor_technician,vendor,2019-04-30,61.9,low,anomaly,No action; keep in the baseline,0,7,0.0,0,14444082,0.46306329943324065,,43.2,91.1,49.2,48.1,76.4,77.3
cont024,control_room_operator,employee,2019-04-22,61.9,low,anomaly,No action; keep in the baseline,1,5,0.0,0,4710051,0.4644155596821104,,92.1,82.0,49.2,48.1,76.7,33.5
ot054,ot_network_admin,employee,2019-04-17,61.9,low,anomaly,No action; keep in the baseline,0,0,0.0,0,33574544,0.5560825447602403,,43.2,23.9,49.2,48.1,93.8,98.6
cont024,control_room_operator,employee,2019-04-29,61.8,low,anomaly,No action; keep in the baseline,0,11,0.0,0,15201436,0.44733737822414277,,43.2,98.0,49.2,48.1,70.5,79.4
it059,it_service_desk,employee,2019-04-08,61.8,low,priv_no_mfa,No action; keep in the baseline,0,0,1.0,0,12374899,0.43818497740761597,,43.2,23.9,49.2,97.2,65.5,70.1
cont011,control_room_operator,employee,2019-04-26,61.8,low,anomaly,No action; keep in the baseline,0,10,0.0,0,14102445,0.4545062160004695,,43.2,97.2,49.2,48.1,73.5,76.4
cont020,control_room_operator,employee,2019-04-08,61.8,low,egress,No action; keep in the baseline,0,6,0.0,0,23551915,0.43842435045238454,,43.2,87.3,49.2,48.1,65.7,93.1
mine091,mine_planner,employee,2019-04-20,61.8,low,anomaly,No action; keep in the baseline,0,1,0.0,0,20593010,0.4996117974943898,,43.2,50.8,49.2,48.1,87.0,89.4
cont015,control_room_operator,employee,2019-04-08,61.8,low,priv_no_mfa,No action; keep in the baseline,0,0,2.0,0,7535154,0.47266621797990493,,43.2,23.9,49.2,98.5,79.9,49.4
cont001,control_room_operator,employee,2019-04-23,61.7,low,anomaly,No action; keep in the baseline,0,5,0.0,0,12723607,0.4866691288113149,,43.2,82.0,49.2,48.1,83.8,71.6
cont085,contractor_surveyor,contractor,2019-04-10,61.7,low,anomaly,No action; keep in the baseline,0,0,0.0,0,30851071,0.5554820190508596,,43.2,23.9,49.2,48.1,93.8,97.6
cont018,control_room_operator,employee,2019-04-17,61.7,low,anomaly,No action; keep in the baseline,0,11,0.0,0,16837103,0.44129786184834086,,43.2,98.0,49.2,48.1,67.6,83.1
cont019,control_room_operator,employee,2019-04-29,61.7,low,anomaly,No action; keep in the baseline,0,9,0.0,0,10562511,0.4848088467131308,,43.2,96.0,49.2,48.1,83.0,63.5
cont017,control_room_operator,employee,2019-04-15,61.7,low,anomaly,No action; keep in the baseline,0,7,0.0,0,16279180,0.4498165151870045,,43.2,91.1,49.2,48.1,71.7,81.9
ot052,ot_network_admin,employee,2019-04-30,61.7,low,anomaly,No action; keep in the baseline,1,4,0.0,0,3725346,0.4870019854345271,,92.1,75.0,49.2,48.1,83.9,27.7
mine102,mine_planner,employee,2019-04-25,61.7,low,anomaly,No action; keep in the baseline,0,6,0.0,0,19284620,0.4454959579225171,,43.2,87.3,49.2,48.1,69.6,87.5
mine101,mine_planner,employee,2019-04-03,61.7,low,anomaly,No action; keep in the baseline,1,0,0.0,0,14160222,0.4524064325131548,,92.1,23.9,49.2,48.1,72.8,76.5
ot055,ot_network_admin,employee,2019-04-10,61.7,low,anomaly,No action; keep in the baseline,0,5,0.0,0,16277330,0.46296810781922754,,43.2,82.0,49.2,48.1,76.3,81.8
ot051,ot_network_admin,employee,2019-04-20,61.7,low,anomaly,No action; keep in the baseline,0,2,0.0,0,17149257,0.5013883590533742,,43.2,57.6,49.2,48.1,87.5,83.6
vend074,vendor_technician,vendor,2019-04-05,61.6,low,anomaly,No action; keep in the baseline,0,3,0.0,0,16851387,0.4839586082736484,,43.2,66.4,49.2,48.1,83.0,83.1
vend071,vendor_technician,vendor,2019-04-10,61.6,low,egress,No action; keep in the baseline,0,4,0.0,0,25464719,0.4458690600752956,,43.2,75.0,49.2,48.1,69.7,94.8
ot051,ot_network_admin,employee,2019-04-18,61.6,low,anomaly,No action; keep in the baseline,0,7,0.0,0,14828194,0.45546068436392206,,43.2,91.1,49.2,48.1,73.9,78.5
cont006,control_room_operator,employee,2019-04-08,61.6,low,egress,No action; keep in the baseline,0,4,0.0,0,24322730,0.4466446765255548,,43.2,75.0,49.2,48.1,70.2,93.9
ot051,ot_network_admin,employee,2019-04-17,61.6,low,anomaly,No action; keep in the baseline,0,3,0.0,0,24318188,0.45815421567666065,,43.2,66.4,49.2,48.1,74.9,93.8
cont089,contractor_surveyor,contractor,2019-04-03,61.6,low,anomaly,No action; keep in the baseline,0,0,0.0,0,24112872,0.5814341169102277,,43.2,23.9,49.2,48.1,96.0,93.6
cont010,control_room_operator,employee,2019-04-03,61.5,low,anomaly,No action; keep in the baseline,0,10,0.0,0,18071652,0.43753584065133716,,43.2,97.2,49.2,48.1,65.1,85.6
main032,maintenance_engineer,employee,2019-04-23,61.5,low,anomaly,No action; keep in the baseline,0,4,0.0,0,20087827,0.45525101902848564,,43.2,75.0,49.2,48.1,73.8,88.9
cont087,contractor_surveyor,contractor,2019-04-05,61.5,low,anomaly,No action; keep in the baseline,1,0,0.0,0,13913210,0.45132376647539424,,92.1,23.9,49.2,48.1,72.3,75.8
cont013,control_room_operator,employee,2019-04-16,61.5,low,anomaly,No action; keep in the baseline,0,8,0.0,0,15773006,0.4462060465609348,,43.2,94.0,49.2,48.1,69.9,80.8
cont014,control_room_operator,employee,2019-04-15,61.5,low,anomaly,No action; keep in the baseline,1,5,0.0,0,4034228,0.4664510909888921,,92.1,82.0,49.2,48.1,77.8,29.7
vend077,vendor_technician,vendor,2019-04-04,61.5,low,anomaly,No action; keep in the baseline,1,0,0.0,0,10999279,0.47444710189106465,,92.1,23.9,49.2,48.1,80.3,65.0
main028,maintenance_engineer,employee,2019-04-29,61.5,low,anomaly,No action; keep in the baseline,0,6,0.0,0,19535889,0.4421769847225916,,43.2,87.3,49.2,48.1,67.9,88.0
supe104,supervisor,employee,2019-04-03,61.5,low,anomaly,No action; keep in the baseline,1,4,0.0,0,5399669,0.459907485585972,,92.1,75.0,49.2,48.1,75.4,37.8
main042,maintenance_engineer,employee,2019-04-02,61.5,low,anomaly,No action; keep in the baseline,0,2,0.0,0,23351439,0.4719423933638655,,43.2,57.6,49.2,48.1,79.5,92.9
supe106,supervisor,employee,2019-04-29,61.5,low,anomaly,No action; keep in the baseline,0,3,0.0,0,14581582,0.4967351747049317,,43.2,66.4,49.2,48.1,86.4,77.9
cont002,control_room_operator,employee,2019-04-07,61.4,low,anomaly,No action; keep in the baseline,0,4,0.0,0,18642407,0.4586756226954682,,43.2,75.0,49.2,48.1,75.0,86.6
cont010,control_room_operator,employee,2019-04-24,61.4,low,anomaly,No action; keep in the baseline,0,10,0.0,0,17099136,0.43850361437607016,,43.2,97.2,49.2,48.1,65.8,83.6
cont079,contractor_surveyor,contractor,2019-04-29,61.4,low,anomaly,No action; keep in the baseline,0,0,0.0,0,29687624,0.5417799441597058,,43.2,23.9,49.2,48.1,92.7,97.0
main045,maintenance_engineer,employee,2019-04-22,61.4,low,anomaly,No action; keep in the baseline,0,9,0.0,0,15423982,0.4440192407210755,,43.2,96.0,49.2,48.1,69.0,80.2
vend075,vendor_technician,vendor,2019-04-16,61.4,low,anomaly,No action; keep in the baseline,1,0,0.0,0,9039789,0.4965674884658816,,92.1,23.9,49.2,48.1,86.4,56.4
vend073,vendor_technician,vendor,2019-04-19,61.4,low,anomaly,No action; keep in the baseline,0,2,0.0,0,24701946,0.46611423516370426,,43.2,57.6,49.2,48.1,77.7,94.1
cont002,control_room_operator,employee,2019-04-01,61.4,low,anomaly,No action; keep in the baseline,1,3,0.0,0,3917561,0.49431562041298027,,92.1,66.4,49.2,48.1,85.8,28.8
cont079,contractor_surveyor,contractor,2019-04-03,61.3,low,anomaly,No action; keep in the baseline,1,2,0.0,0,6615639,0.46716943044699166,,92.1,57.6,49.2,48.1,77.9,44.3
main033,maintenance_engineer,employee,2019-04-19,61.3,low,anomaly,No action; keep in the baseline,1,4,0.0,0,6413096,0.4468981720939487,,92.1,75.0,49.2,48.1,70.3,43.4
main038,maintenance_engineer,employee,2019-04-25,61.3,low,anomaly,No action; keep in the baseline,0,6,0.0,0,13063584,0.46757726909162506,,43.2,87.3,49.2,48.1,78.2,73.1
supe112,supervisor,employee,2019-04-18,61.3,low,priv_no_mfa,No action; keep in the baseline,0,0,1.0,0,12618861,0.43287914372471614,,43.2,23.9,49.2,97.2,62.6,71.0
main034,maintenance_engineer,employee,2019-04-23,61.3,low,anomaly,No action; keep in the baseline,0,0,0.0,0,30250248,0.5340232579467309,,43.2,23.9,49.2,48.1,91.8,97.3
cont089,contractor_surveyor,contractor,2019-04-29,61.3,low,anomaly,No action; keep in the baseline,0,0,0.0,0,30554377,0.5340165461289776,,43.2,23.9,49.2,48.1,91.8,97.5
main034,maintenance_engineer,employee,2019-04-21,61.3,low,egress,No action; keep in the baseline,0,7,0.0,0,24077107,0.4305814871472979,,43.2,91.1,49.2,48.1,61.2,93.4
mine095,mine_planner,employee,2019-04-23,61.3,low,anomaly,No action; keep in the baseline,1,0,0.0,0,7905824,0.5159007567593696,,92.1,23.9,49.2,48.1,89.5,51.3
main042,maintenance_engineer,employee,2019-04-05,61.2,low,anomaly,No action; keep in the baseline,0,8,0.0,0,16365506,0.44099757796994077,,43.2,94.0,49.2,48.1,67.5,82.1
cont007,control_room_operator,employee,2019-04-07,61.2,low,anomaly,No action; keep in the baseline,0,0,0.0,0,30490191,0.5291669637541965,,43.2,23.9,49.2,48.1,91.1,97.5
supe114,supervisor,employee,2019-04-01,61.2,low,anomaly,No action; keep in the baseline,0,5,0.0,0,14845191,0.4627382313129054,,43.2,82.0,49.2,48.1,76.2,78.7
supe114,supervisor,employee,2019-04-04,61.2,low,anomaly,No action; keep in the baseline,0,8,0.0,0,16763765,0.44041507336194047,,43.2,94.0,49.2,48.1,67.1,83.0
ot053,ot_network_admin,employee,2019-04-15,61.2,low,anomaly,No action; keep in the baseline,0,5,0.0,0,11375212,0.49360113601166355,,43.2,82.0,49.2,48.1,85.6,66.6
ot055,ot_network_admin,employee,2019-04-16,61.2,low,anomaly,No action; keep in the baseline,1,0,0.0,0,10642049,0.47210397470637183,,92.1,23.9,49.2,48.1,79.6,63.9
ot057,ot_network_admin,employee,2019-04-19,61.2,low,anomaly,No action; keep in the baseline,0,0,0.0,0,30703540,0.5300112017186005,,43.2,23.9,49.2,48.1,91.2,97.5
cont003,control_room_operator,employee,2019-04-11,61.1,low,anomaly,No action; keep in the baseline,0,2,0.0,0,27012994,0.4593889057564724,,43.2,57.6,49.2,48.1,75.2,95.5
mine091,mine_planner,employee,2019-04-08,61.1,low,anomaly,No action; keep in the baseline,1,1,0.0,0,5108081,0.49969846053778694,,92.1,50.8,49.2,48.1,87.1,35.7
cont014,control_room_operator,employee,2019-04-02,61.1,low,anomaly,No action; keep in the baseline,1,5,0.0,0,4723843,0.45343036670411296,,92.1,82.0,49.2,48.1,73.1,33.5
mine097,mine_planner,employee,2019-04-03,61.1,low,egress,No action; keep in the baseline,0,3,0.0,0,27321191,0.4484305341035878,,43.2,66.4,49.2,48.1,71.0,95.7
ot051,ot_network_admin,employee,2019-04-23,61.1,low,anomaly,No action; keep in the baseline,1,5,0.0,0,1398921,0.49787567257472515,,92.1,82.0,49.2,48.1,86.7,15.1
main043,maintenance_engineer,employee,2019-04-12,61.0,low,anomaly,No action; keep in the baseline,0,4,0.0,0,17692652,0.45626101307462347,,43.2,75.0,49.2,48.1,74.3,85.0
cont023,control_room_operator,employee,2019-04-28,61.0,low,anomaly,No action; keep in the baseline,0,7,0.0,0,11046859,0.47554126094634436,,43.2,91.1,49.2,48.1,80.6,65.2
it062,it_service_desk,employee,2019-04-19,61.0,low,anomaly,No action; keep in the baseline,0,0,0.0,0,28400700,0.5291278939308807,,43.2,23.9,49.2,48.1,91.1,96.2
cont085,contractor_surveyor,contractor,2019-04-03,61.0,low,anomaly,No action; keep in the baseline,0,3,0.0,0,21610240,0.45589179364459687,,43.2,66.4,49.2,48.1,74.2,90.6
vend076,vendor_technician,vendor,2019-04-03,61.0,low,priv_no_mfa,No action; keep in the baseline,0,0,2.0,0,9392780,0.44536098762176374,,43.2,23.9,49.2,98.5,69.5,58.1
supe107,supervisor,employee,2019-04-11,60.9,low,anomaly,No action; keep in the baseline,0,6,0.0,0,14424215,0.45388373932838244,,43.2,87.3,49.2,48.1,73.2,77.1
cont082,contractor_surveyor,contractor,2019-04-22,60.9,low,egress,No action; keep in the baseline,0,7,0.0,0,18860897,0.4347260777323667,,43.2,91.1,49.2,48.1,63.8,87.0
mine098,mine_planner,employee,2019-04-22,60.9,low,anomaly,No action; keep in the baseline,0,0,0.0,0,27915948,0.5261658606795292,,43.2,23.9,49.2,48.1,90.8,96.0
supe114,supervisor,employee,2019-04-12,60.9,low,anomaly,No action; keep in the baseline,0,0,0.0,0,35139010,0.5114727355838199,,43.2,23.9,49.2,48.1,88.9,98.8
cont017,control_room_operator,employee,2019-04-11,60.9,low,anomaly,No action; keep in the baseline,0,7,0.0,0,15010060,0.44656400517769934,,43.2,91.1,49.2,48.1,70.1,78.9
main046,maintenance_engineer,employee,2019-04-17,60.9,low,failures,No action; keep in the baseline,1,0,0.0,0,15341664,0.4388739888823672,,92.1,23.9,49.2,48.1,66.0,79.8
ot056,ot_network_admin,employee,2019-04-04,60.9,low,anomaly,No action; keep in the baseline,0,5,0.0,0,18268498,0.44427812527658,,43.2,82.0,49.2,48.1,69.1,86.0
main047,maintenance_engineer,employee,2019-04-30,60.9,low,anomaly,No action; keep in the baseline,0,1,0.0,0,16715190,0.500756438196909,,43.2,50.8,49.2,48.1,87.3,83.0
ot056,ot_network_admin,employee,2019-04-20,60.9,low,anomaly,No action; keep in the baseline,1,0,0.0,0,12932091,0.4506038770264141,,92.1,23.9,49.2,48.1,72.0,72.4
main038,maintenance_engineer,employee,2019-04-26,60.9,low,anomaly,No action; keep in the baseline,0,10,0.0,0,11396310,0.46176062950696606,,43.2,97.2,49.2,48.1,75.9,66.8
mine092,mine_planner,employee,2019-04-24,60.9,low,anomaly,No action; keep in the baseline,0,4,0.0,0,14593279,0.4684453179788086,,43.2,75.0,49.2,48.1,78.5,78.0
ot057,ot_network_admin,employee,2019-04-11,60.8,low,anomaly,No action; keep in the baseline,0,3,0.0,0,14604451,0.48176308025475933,,43.2,66.4,49.2,48.1,82.7,78.1
supe114,supervisor,employee,2019-04-15,60.8,low,egress,No action; keep in the baseline,0,5,0.0,0,20802648,0.4384346103465442,,43.2,82.0,49.2,48.1,65.7,89.8
cont006,control_room_operator,employee,2019-04-17,60.8,low,anomaly,No action; keep in the baseline,0,4,0.0,0,13032537,0.4797563462083631,,43.2,75.0,49.2,48.1,82.0,72.9
main030,maintenance_engineer,employee,2019-04-11,60.7,low,priv_no_mfa,No action; keep in the baseline,0,0,1.0,0,10148121,0.4388753522901943,,43.2,23.9,49.2,97.2,66.1,62.0
cont009,control_room_operator,employee,2019-04-16,60.7,low,egress,No action; keep in the baseline,0,5,0.0,0,23495120,0.433615698605481,,43.2,82.0,49.2,48.1,63.1,93.0
main045,maintenance_engineer,employee,2019-04-26,60.7,low,anomaly,No action; keep in the baseline,0,6,0.0,0,15570357,0.4461520926035475,,43.2,87.3,49.2,48.1,69.8,80.4
main039,maintenance_engineer,employee,2019-04-05,60.7,low,anomaly,No action; keep in the baseline,0,7,0.0,0,11824278,0.46526374896042333,,43.2,91.1,49.2,48.1,77.1,68.3
ot057,ot_network_admin,employee,2019-04-27,60.7,low,anomaly,No action; keep in the baseline,0,0,0.0,0,26105361,0.5231455138126806,,43.2,23.9,49.2,48.1,90.4,95.1
main030,maintenance_engineer,employee,2019-04-01,60.7,low,priv_no_mfa,No action; keep in the baseline,0,3,1.0,0,5040679,0.4377812044471399,,43.2,66.4,49.2,97.2,65.2,35.1
it066,it_service_desk,employee,2019-04-16,60.7,low,anomaly,No action; keep in the baseline,0,0,0.0,0,22849673,0.5415174398763077,,43.2,23.9,49.2,48.1,92.6,92.1
ot058,ot_network_admin,employee,2019-04-30,60.7,low,anomaly,No action; keep in the baseline,0,1,0.0,0,13475794,0.5368599916313931,,43.2,50.8,49.2,48.1,92.2,74.6
vend075,vendor_technician,vendor,2019-04-06,60.7,low,anomaly,No action; keep in the baseline,0,5,0.0,0,10556665,0.4921454753112235,,43.2,82.0,49.2,48.1,85.1,63.5
it066,it_service_desk,employee,2019-04-15,60.6,low,anomaly,No action; keep in the baseline,0,0,0.0,0,22909510,0.540027215804989,,43.2,23.9,49.2,48.1,92.4,92.2
cont013,control_room_operator,employee,2019-04-28,60.6,low,anomaly,No action; keep in the baseline,0,8,0.0,0,14877091,0.4405432745862409,,43.2,94.0,49.2,48.1,67.2,78.7
it059,it_service_desk,employee,2019-04-11,60.6,low,priv_no_mfa,No action; keep in the baseline,0,0,2.0,0,4763478,0.4937119792746988,,43.2,23.9,49.2,98.5,85.6,33.8
main037,maintenance_engineer,employee,2019-04-12,60.6,low,egress,No action; keep in the baseline,0,6,0.0,0,19076054,0.43544917920002096,,43.2,87.3,49.2,48.1,64.2,87.4
mine101,mine_planner,employee,2019-04-29,60.6,low,anomaly,No action; keep in the baseline,0,0,0.0,0,31364835,0.5042123236377213,,43.2,23.9,49.2,48.1,88.1,97.7
cont014,control_room_operator,employee,2019-04-07,60.5,low,egress,No action; keep in the baseline,0,6,0.0,0,19895548,0.4329521360124177,,43.2,87.3,49.2,48.1,62.8,88.7
cont003,control_room_operator,employee,2019-04-08,60.5,low,failures,No action; keep in the baseline,1,4,0.0,0,5793211,0.44286963285711817,,92.1,75.0,49.2,48.1,68.4,40.3
cont021,control_room_operator,employee,2019-04-08,60.5,low,anomaly,No action; keep in the baseline,0,9,0.0,0,10007082,0.4700752177535972,,43.2,96.0,49.2,48.1,78.9,61.2
cont008,control_room_operator,employee,2019-04-29,60.5,low,anomaly,No action; keep in the baseline,0,9,0.0,0,10091967,0.468514035339655,,43.2,96.0,49.2,48.1,78.6,61.7
cont007,control_room_operator,employee,2019-04-25,60.5,low,anomaly,No action; keep in the baseline,0,6,0.0,0,13640590,0.4529256401988789,,43.2,87.3,49.2,48.1,73.0,75.0
main049,maintenance_engineer,employee,2019-04-01,60.4,low,anomaly,No action; keep in the baseline,1,5,0.0,0,3202692,0.46126464903437087,,92.1,82.0,49.2,48.1,75.8,24.8
vend072,vendor_technician,vendor,2019-04-22,60.3,low,anomaly,No action; keep in the baseline,1,0,0.0,0,7997176,0.48837626587602495,,92.1,23.9,49.2,48.1,84.3,51.6
main050,maintenance_engineer,employee,2019-04-09,60.3,low,anomaly,No action; keep in the baseline,0,0,0.0,0,30948662,0.49678219011141045,,43.2,23.9,49.2,48.1,86.4,97.7
main047,maintenance_engineer,employee,2019-04-03,60.3,low,anomaly,No action; keep in the baseline,0,3,0.0,0,16915426,0.4624164661286912,,43.2,66.4,49.2,48.1,76.1,83.3
mine096,mine_planner,employee,2019-04-26,60.2,low,egress,No action; keep in the baseline,0,3,0.0,0,28145194,0.4389354275340898,,43.2,66.4,49.2,48.1,66.2,96.1
vend070,vendor_technician,vendor,2019-04-23,60.2,low,priv_no_mfa,No action; keep in the baseline,0,0,1.0,0,5520497,0.47671282515732394,,43.2,23.9,49.2,97.2,81.1,38.6
cont016,control_room_operator,employee,2019-04-08,60.2,low,anomaly,No action; keep in the baseline,1,1,0.0,0,7822655,0.4485475065188893,,92.1,50.8,49.2,48.1,71.1,50.8
main040,maintenance_engineer,employee,2019-04-24,60.2,low,egress,No action; keep in the baseline,0,8,0.0,0,21019855,0.4222564620305796,,43.2,94.0,49.2,48.1,56.6,90.0
cont021,control_room_operator,employee,2019-04-19,60.2,low,anomaly,No action; keep in the baseline,0,8,0.0,0,15531682,0.4349693885576474,,43.2,94.0,49.2,48.1,64.0,80.4
it059,it_service_desk,employee,2019-04-22,60.2,low,priv_no_mfa,No action; keep in the baseline,0,0,1.0,0,10009335,0.4355326919998647,,43.2,23.9,49.2,97.2,64.3,61.2
cont006,control_room_operator,employee,2019-04-01,60.2,low,egress,No action; keep in the baseline,0,6,0.0,0,19739422,0.4302317835751224,,43.2,87.3,49.2,48.1,61.1,88.4
main047,maintenance_engineer,employee,2019-04-04,60.1,low,anomaly,No action; keep in the baseline,0,0,0.0,0,26343635,0.5009920421064733,,43.2,23.9,49.2,48.1,87.5,95.2
mine091,mine_planner,employee,2019-04-10,60.1,low,anomaly,No action; keep in the baseline,0,0,0.0,0,23141860,0.5175979170646878,,43.2,23.9,49.2,48.1,89.6,92.6
cont017,control_room_operator,employee,2019-04-26,60.1,low,anomaly,No action; keep in the baseline,1,2,0.0,0,4440285,0.47868873757582275,,92.1,57.6,49.2,48.1,81.6,31.8
main047,maintenance_engineer,employee,2019-04-01,60.1,low,anomaly,No action; keep in the baseline,0,1,0.0,0,22522733,0.46435392431796896,,43.2,50.8,49.2,48.1,76.7,91.7
ot058,ot_network_admin,employee,2019-04-02,60.1,low,anomaly,No action; keep in the baseline,0,3,0.0,0,18905627,0.4510063272750679,,43.2,66.4,49.2,48.1,72.2,87.1
mine099,mine_planner,employee,2019-04-02,60.1,low,egress,No action; keep in the baseline,0,4,0.0,0,23194291,0.4349070508091636,,43.2,75.0,49.2,48.1,63.9,92.6
cont012,control_room_operator,employee,2019-04-19,60.1,low,anomaly,No action; keep in the baseline,0,5,0.0,0,16540138,0.4422572960762092,,43.2,82.0,49.2,48.1,67.9,82.6
cont089,contractor_surveyor,contractor,2019-04-21,60.1,low,anomaly,No action; keep in the baseline,0,4,0.0,0,17918526,0.44431691747576035,,43.2,75.0,49.2,48.1,69.2,85.4
main042,maintenance_engineer,employee,2019-04-17,60.1,low,anomaly,No action; keep in the baseline,0,0,0.0,0,30205846,0.493959103845115,,43.2,23.9,49.2,48.1,85.7,97.3
ot055,ot_network_admin,employee,2019-04-03,60.1,low,anomaly,No action; keep in the baseline,0,0,0.0,0,18545762,0.5568633371910653,,43.2,23.9,49.2,48.1,93.9,86.2
main047,maintenance_engineer,employee,2019-04-26,60.1,low,anomaly,No action; keep in the baseline,0,6,0.0,0,13157167,0.45150091735618914,,43.2,87.3,49.2,48.1,72.4,73.3
cont020,control_room_operator,employee,2019-04-17,60.1,low,egress,No action; keep in the baseline,0,7,0.0,0,17563582,0.4322597319501953,,43.2,91.1,49.2,48.1,62.0,84.6
cont025,control_room_operator,employee,2019-04-22,60.1,low,anomaly,No action; keep in the baseline,0,9,0.0,0,13266986,0.44126892736312723,,43.2,96.0,49.2,48.1,67.6,73.8
it060,it_service_desk,employee,2019-04-19,60.1,low,egress,No action; keep in the baseline,0,8,0.0,0,17565110,0.4288877025210469,,43.2,94.0,49.2,48.1,60.6,84.6
cont008,control_room_operator,employee,2019-04-17,60.0,low,anomaly,No action; keep in the baseline,0,9,0.0,0,14150212,0.4366443037592484,,43.2,96.0,49.2,48.1,64.8,76.5
cont014,control_room_operator,employee,2019-04-16,60.0,low,anomaly,No action; keep in the baseline,0,10,0.0,0,14589176,0.43363163461832327,,43.2,97.2,49.2,48.1,63.2,78.0
ot052,ot_network_admin,employee,2019-04-17,59.9,low,anomaly,No action; keep in the baseline,0,7,0.0,0,9767872,0.4717477696393537,,43.2,91.1,49.2,48.1,79.5,59.8
it064,it_service_desk,employee,2019-04-06,59.9,low,anomaly,No action; keep in the baseline,1,1,0.0,0,5237999,0.47477172709409204,,92.1,50.8,49.2,48.1,80.4,36.6
supe111,supervisor,employee,2019-04-16,59.9,low,anomaly,No action; keep in the baseline,0,5,0.0,0,13821694,0.4506038845943492,,43.2,82.0,49.2,48.1,72.0,75.5
cont001,control_room_operator,employee,2019-04-11,59.9,low,anomaly,No action; keep in the baseline,0,8,0.0,0,8899921,0.475965359990942,,43.2,94.0,49.2,48.1,80.8,55.8
cont013,control_room_operator,employee,2019-04-08,59.9,low,anomaly,No action; keep in the baseline,0,3,0.0,0,19490570,0.4483812097504913,,43.2,66.4,49.2,48.1,70.9,87.9
it059,it_service_desk,employee,2019-04-10,59.8,low,priv_no_mfa,No action; keep in the baseline,0,0,1.0,0,7023054,0.45504650842397953,,43.2,23.9,49.2,97.2,73.7,46.3
it063,it_service_desk,employee,2019-04-22,59.8,low,egress,No action; keep in the baseline,0,6,0.0,0,22390450,0.42293397406254046,,43.2,87.3,49.2,48.1,56.9,91.6
ot051,ot_network_admin,employee,2019-04-08,59.8,low,anomaly,No action; keep in the baseline,1,3,0.0,0,2807905,0.48317164030903265,,92.1,66.4,49.2,48.1,82.8,22.3
main049,maintenance_engineer,employee,2019-04-10,59.7,low,anomaly,No action; keep in the baseline,0,3,0.0,0,19678314,0.44446715298229295,,43.2,66.4,49.2,48.1,69.2,88.3
mine098,mine_planner,employee,2019-04-19,59.7,low,anomaly,No action; keep in the baseline,0,0,0.0,0,25891388,0.49380814848532717,,43.2,23.9,49.2,48.1,85.6,95.0
cont007,control_room_operator,employee,2019-04-12,59.7,low,anomaly,No action; keep in the baseline,0,2,0.0,0,11185750,0.5257483188383774,,43.2,57.6,49.2,48.1,90.7,65.9
main047,maintenance_engineer,employee,2019-04-25,59.6,low,anomaly,No action; keep in the baseline,0,5,0.0,0,12164097,0.45894306663145656,,43.2,82.0,49.2,48.1,75.1,69.5
main037,maintenance_engineer,employee,2019-04-05,59.6,low,anomaly,No action; keep in the baseline,0,4,0.0,0,16692047,0.4437267335204726,,43.2,75.0,49.2,48.1,68.7,82.8
cont019,control_room_operator,employee,2019-04-03,59.6,low,anomaly,No action; keep in the baseline,0,10,0.0,0,6522419,0.4982292281013208,,43.2,97.2,49.2,48.1,86.7,43.8
it066,it_service_desk,employee,2019-04-21,59.6,low,anomaly,No action; keep in the baseline,0,3,0.0,0,13417807,0.4708790562765159,,43.2,66.4,49.2,48.1,79.2,74.4
mine102,mine_planner,employee,2019-04-23,59.6,low,anomaly,No action; keep in the baseline,0,0,0.0,0,29215162,0.4861469718631273,,43.2,23.9,49.2,48.1,83.6,96.7
mine092,mine_planner,employee,2019-04-11,59.5,low,anomaly,No action; keep in the baseline,0,0,0.0,0,19925509,0.5125163135002696,,43.2,23.9,49.2,48.1,89.0,88.8
cont022,control_room_operator,employee,2019-04-02,59.5,low,anomaly,No action; keep in the baseline,0,6,0.0,0,15895012,0.4343174655421213,,43.2,87.3,49.2,48.1,63.5,81.1
cont080,contractor_surveyor,contractor,2019-04-11,59.5,low,anomaly,No action; keep in the baseline,0,3,0.0,0,12249256,0.4809043124878726,,43.2,66.4,49.2,48.1,82.5,69.8
cont020,control_room_operator,employee,2019-04-29,59.5,low,egress,No action; keep in the baseline,0,4,0.0,0,23280055,0.42933067888062554,,43.2,75.0,49.2,48.1,60.7,92.8
cont025,control_room_operator,employee,2019-04-23,59.5,low,anomaly,No action; keep in the baseline,1,3,0.0,0,5246361,0.4471164973646556,,92.1,66.4,49.2,48.1,70.3,36.7
cont020,control_room_operator,employee,2019-04-01,59.5,low,anomaly,No action; keep in the baseline,0,10,0.0,0,11889854,0.44197862910759084,,43.2,97.2,49.2,48.1,67.8,68.4
mine091,mine_planner,employee,2019-04-17,59.5,low,anomaly,No action; keep in the baseline,0,0,0.0,0,21346260,0.5052645878695887,,43.2,23.9,49.2,48.1,88.3,90.3
it066,it_service_desk,employee,2019-04-23,59.5,low,anomaly,No action; keep in the baseline,1,0,0.0,0,7513814,0.47971596949220024,,92.1,23.9,49.2,48.1,82.0,49.2
mine095,mine_planner,employee,2019-04-04,59.5,low,anomaly,No action; keep in the baseline,2,1,0.0,0,0,0.5958863016497742,,98.7,50.8,49.2,48.1,96.9,5.1
vend076,vendor_technician,vendor,2019-04-04,59.4,low,anomaly,No action; keep in the baseline,0,7,0.0,0,14025028,0.43651396548123744,,43.2,91.1,49.2,48.1,64.7,76.2
cont025,control_room_operator,employee,2019-04-13,59.4,low,anomaly,No action; keep in the baseline,0,8,0.0,0,14289100,0.4326197305104468,,43.2,94.0,49.2,48.1,62.4,76.9
it068,it_service_desk,employee,2019-04-25,59.4,low,priv_no_mfa,No action; keep in the baseline,0,0,2.0,0,5656713,0.4597095429053767,,43.2,23.9,49.2,98.5,75.3,39.3
cont004,control_room_operator,employee,2019-04-30,59.4,low,anomaly,No action; keep in the baseline,0,11,0.0,0,12039329,0.44001658953028916,,43.2,98.0,49.2,48.1,66.7,69.0
cont010,control_room_operator,employee,2019-04-12,59.4,low,anomaly,No action; keep in the baseline,0,10,0.0,0,12744017,0.43655857515489427,,43.2,97.2,49.2,48.1,64.8,71.7
it065,it_service_desk,employee,2019-04-01,59.4,low,anomaly,No action; keep in the baseline,1,0,0.0,0,9554736,0.45632306937536643,,92.1,23.9,49.2,48.1,74.4,58.8
cont011,control_room_operator,employee,2019-04-25,59.3,low,egress,No action; keep in the baseline,0,4,0.0,0,19782507,0.4333682705877689,,43.2,75.0,49.2,48.1,62.9,88.5
cont009,control_room_operator,employee,2019-04-27,59.3,low,egress,No action; keep in the baseline,0,6,0.0,0,17429828,0.4284888954348869,,43.2,87.3,49.2,48.1,60.0,84.5
mine102,mine_planner,employee,2019-04-30,59.3,low,anomaly,No action; keep in the baseline,0,0,0.0,0,29503584,0.48038396907826975,,43.2,23.9,49.2,48.1,82.2,96.9
main030,maintenance_engineer,employee,2019-04-23,59.3,low,priv_no_mfa,No action; keep in the baseline,0,0,1.0,0,8131958,0.43924979182024915,,43.2,23.9,49.2,97.2,66.4,52.5
cont007,control_room_operator,employee,2019-04-08,59.3,low,anomaly,No action; keep in the baseline,1,3,0.0,0,2862812,0.4733017763100976,,92.1,66.4,49.2,48.1,80.1,22.6
mine098,mine_planner,employee,2019-04-08,59.3,low,anomaly,No action; keep in the baseline,0,2,0.0,0,15427321,0.4672209819543457,,43.2,57.6,49.2,48.1,78.0,80.2
cont080,contractor_surveyor,contractor,2019-04-02,59.3,low,anomaly,No action; keep in the baseline,0,3,0.0,0,15359907,0.45506580416011366,,43.2,66.4,49.2,48.1,73.7,79.9
mine097,mine_planner,employee,2019-04-01,59.3,low,failures,No action; keep in the baseline,1,0,0.0,0,12677012,0.4360501853819761,,92.1,23.9,49.2,48.1,64.5,71.3
supe112,supervisor,employee,2019-04-27,59.3,low,priv_no_mfa,No action; keep in the baseline,0,4,1.0,0,4093842,0.4244081592348259,,43.2,75.0,49.2,97.2,57.7,29.9
supe108,supervisor,employee,2019-04-23,59.3,low,anomaly,No action; keep in the baseline,1,4,0.0,0,1374260,0.4771442726311802,,92.1,75.0,49.2,48.1,81.2,15.0
cont008,control_room_operator,employee,2019-04-30,59.2,low,anomaly,No action; keep in the baseline,0,7,0.0,0,15136800,0.43034643731794786,,43.2,91.1,49.2,48.1,61.1,79.3
it062,it_service_desk,employee,2019-04-03,59.2,low,anomaly,No action; keep in the baseline,0,2,0.0,0,17158157,0.45786588111314624,,43.2,57.6,49.2,48.1,74.7,83.7
it060,it_service_desk,employee,2019-04-16,59.2,low,anomaly,No action; keep in the baseline,1,0,0.0,0,9057299,0.4595393805709838,,92.1,23.9,49.2,48.1,75.3,56.4
cont079,contractor_surveyor,contractor,2019-04-22,59.2,low,egress,No action; keep in the baseline,0,2,0.0,0,22632995,0.4438158622213352,,43.2,57.6,49.2,48.1,68.8,91.8
cont010,control_room_operator,employee,2019-04-08,59.2,low,egress,No action; keep in the baseline,0,5,0.0,0,21420021,0.42429140138039456,,43.2,82.0,49.2,48.1,57.6,90.3
cont002,control_room_operator,employee,2019-04-28,59.2,low,anomaly,No action; keep in the baseline,0,4,0.0,0,14186264,0.44853128948539783,,43.2,75.0,49.2,48.1,71.1,76.6
main033,maintenance_engineer,employee,2019-04-08,59.2,low,anomaly,No action; keep in the baseline,0,5,0.0,0,14891975,0.43919041614768234,,43.2,82.0,49.2,48.1,66.3,78.8
mine095,mine_planner,employee,2019-04-25,59.1,low,anomaly,No action; keep in the baseline,0,6,0.0,0,7369450,0.4942588639640242,,43.2,87.3,49.2,48.1,85.8,48.3
main042,maintenance_engineer,employee,2019-04-11,59.1,low,anomaly,No action; keep in the baseline,0,8,0.0,0,14928170,0.4282962198553611,,43.2,94.0,49.2,48.1,59.8,78.8
cont087,contractor_surveyor,contractor,2019-04-25,59.1,low,anomaly,No action; keep in the baseline,0,0,0.0,0,23273775,0.48830849961729356,,43.2,23.9,49.2,48.1,84.3,92.8
cont011,control_room_operator,employee,2019-04-09,59.1,low,egress,No action; keep in the baseline,0,4,0.0,0,21186987,0.4296333839628007,,43.2,75.0,49.2,48.1,60.8,90.2
supe108,supervisor,employee,2019-04-18,59.1,low,anomaly,No action; keep in the baseline,0,3,0.0,0,10744327,0.48923434991317327,,43.2,66.4,49.2,48.1,84.5,64.2
mine103,mine_planner,employee,2019-04-12,59.1,low,failures,No action; keep in the baseline,1,0,0.0,0,10784581,0.4435153067322793,,92.1,23.9,49.2,48.1,68.6,64.3
mine094,mine_planner,employee,2019-04-04,59.0,low,anomaly,No action; keep in the baseline,1,0,0.0,0,9200827,0.45417636179897963,,92.1,23.9,49.2,48.1,73.4,57.4
cont080,contractor_surveyor,contractor,2019-04-15,59.0,low,anomaly,No action; keep in the baseline,0,0,0.0,0,27758245,0.47826589668451286,,43.2,23.9,49.2,48.1,81.6,95.9
mine095,mine_planner,employee,2019-04-29,58.9,low,anomaly,No action; keep in the baseline,1,0,0.0,0,7073385,0.47631019829683746,,92.1,23.9,49.2,48.1,80.9,46.6
supe107,supervisor,employee,2019-04-06,58.9,low,anomaly,No action; keep in the baseline,0,5,0.0,0,12679003,0.4464936156148768,,43.2,82.0,49.2,48.1,70.1,71.4
cont010,control_room_operator,employee,2019-04-23,58.9,low,anomaly,No action; keep in the baseline,0,7,0.0,0,13806405,0.4328173354082706,,43.2,91.1,49.2,48.1,62.5,75.5
it061,it_service_desk,employee,2019-04-19,58.9,low,egress,No action; keep in the baseline,0,4,0.0,0,19785360,0.42967491470102714,,43.2,75.0,49.2,48.1,60.8,88.6
ot052,ot_network_admin,employee,2019-04-04,58.9,low,anomaly,No action; keep in the baseline,1,3,0.0,0,3294498,0.4608719818950247,,92.1,66.4,49.2,48.1,75.6,25.4
cont082,contractor_surveyor,contractor,2019-04-15,58.8,low,egress,No action; keep in the baseline,0,4,0.0,0,21063200,0.42705948712702907,,43.2,75.0,49.2,48.1,59.2,90.1
it068,it_service_desk,employee,2019-04-13,58.8,low,anomaly,No action; keep in the baseline,1,3,0.0,0,1300652,0.48533609424727897,,92.1,66.4,49.2,48.1,83.1,14.8
cont004,control_room_operator,employee,2019-04-11,58.8,low,egress,No action; keep in the baseline,0,8,0.0,0,15671090,0.4224617356772691,,43.2,94.0,49.2,48.1,56.7,80.6
mine091,mine_planner,employee,2019-04-05,58.8,low,anomaly,No action; keep in the baseline,0,4,0.0,0,12953906,0.4517876047660113,,43.2,75.0,49.2,48.1,72.5,72.6
it066,it_service_desk,employee,2019-04-11,58.8,low,anomaly,No action; keep in the baseline,0,0,0.0,0,17854848,0.507890376764408,,43.2,23.9,49.2,48.1,88.6,85.2
mine100,mine_planner,employee,2019-04-16,58.8,low,anomaly,No action; keep in the baseline,1,0,0.0,0,8879305,0.4545772976495917,,92.1,23.9,49.2,48.1,73.6,55.7
ot054,ot_network_admin,employee,2019-04-12,58.8,low,anomaly,No action; keep in the baseline,0,0,0.0,0,24433150,0.4790687018934605,,43.2,23.9,49.2,48.1,81.7,94.0
vend076,vendor_technician,vendor,2019-04-23,58.8,low,priv_no_mfa,No action; keep in the baseline,0,3,1.0,0,2858895,0.4370714408804544,,43.2,66.4,49.2,97.2,65.0,22.5
cont083,contractor_surveyor,contractor,2019-04-28,58.8,low,anomaly,No action; keep in the baseline,1,4,0.0,0,0,0.4953885801450006,,92.1,75.0,49.2,48.1,86.1,5.1
supe110,supervisor,employee,2019-04-23,58.7,low,egress,No action; keep in the baseline,0,8,0.0,0,14572599,0.42506127217964856,,43.2,94.0,49.2,48.1,58.2,77.9
cont013,control_room_operator,employee,2019-04-11,58.7,low,anomaly,No action; keep in the baseline,0,3,0.0,0,18693743,0.4380155940409091,,43.2,66.4,49.2,48.1,65.4,86.7
mine099,mine_planner,employee,2019-04-08,58.7,low,anomaly,No action; keep in the baseline,2,1,0.0,0,0,0.5415474153995219,,98.7,50.8,49.2,48.1,92.7,5.1
mine091,mine_planner,employee,2019-04-25,58.7,low,anomaly,No action; keep in the baseline,0,0,0.0,0,14640968,0.5504204097691271,,43.2,23.9,49.2,48.1,93.4,78.2
main050,maintenance_engineer,employee,2019-04-18,58.6,low,anomaly,No action; keep in the baseline,2,0,0.0,0,3011830,0.5345161075228543,,98.7,23.9,49.2,48.1,91.9,23.6
cont017,control_room_operator,employee,2019-04-22,58.6,low,anomaly,No action; keep in the baseline,0,4,0.0,0,10890885,0.46561830441886615,,43.2,75.0,49.2,48.1,77.4,64.7
it061,it_service_desk,employee,2019-04-07,58.6,low,anomaly,No action; keep in the baseline,0,6,0.0,0,12861701,0.4384907044760277,,43.2,87.3,49.2,48.1,65.8,72.1
cont003,control_room_operator,employee,2019-04-25,58.6,low,anomaly,No action; keep in the baseline,0,9,0.0,0,9870966,0.4462821308541481,,43.2,96.0,49.2,48.1,70.0,60.5
ot051,ot_network_admin,employee,2019-04-25,58.6,low,anomaly,No action; keep in the baseline,0,6,0.0,0,14476194,0.43079700923386066,,43.2,87.3,49.2,48.1,61.4,77.5
mine090,mine_planner,employee,2019-04-08,58.6,low,egress,No action; keep in the baseline,0,4,0.0,0,24809055,0.4195616160242404,,43.2,75.0,49.2,48.1,54.9,94.4
supe109,supervisor,employee,2019-04-30,58.6,low,anomaly,No action; keep in the baseline,0,8,0.0,0,10004722,0.4471617264090036,,43.2,94.0,49.2,48.1,70.3,61.1
ot054,ot_network_admin,employee,2019-04-02,58.6,low,anomaly,No action; keep in the baseline,1,0,0.0,0,7003516,0.47326284937987045,,92.1,23.9,49.2,48.1,80.1,46.1
main044,maintenance_engineer,employee,2019-04-16,58.6,low,egress,No action; keep in the baseline,0,4,0.0,0,20611303,0.42664711721340226,,43.2,75.0,49.2,48.1,58.9,89.5
mine090,mine_planner,employee,2019-04-04,58.6,low,anomaly,No action; keep in the baseline,0,0,0.0,0,26555734,0.4722317484825763,,43.2,23.9,49.2,48.1,79.8,95.2
cont016,control_room_operator,employee,2019-04-18,58.6,low,egress,No action; keep in the baseline,0,7,0.0,0,20259231,0.41428836096007954,,43.2,91.1,49.2,48.1,50.7,89.1
main029,maintenance_engineer,employee,2019-04-23,58.6,low,anomaly,No action; keep in the baseline,0,0,0.0,0,25031668,0.4751578262727792,,43.2,23.9,49.2,48.1,80.5,94.5
vend070,vendor_technician,vendor,2019-04-20,58.6,low,anomaly,No action; keep in the baseline,1,0,0.0,0,4650019,0.5154055988701214,,92.1,23.9,49.2,48.1,89.5,33.1
main030,maintenance_engineer,employee,2019-04-12,58.5,low,anomaly,No action; keep in the baseline,1,1,0.0,0,0,0.5883181012224326,,92.1,50.8,49.2,48.1,96.7,5.1
main050,maintenance_engineer,employee,2019-04-16,58.5,low,anomaly,No action; keep in the baseline,0,0,0.0,0,23433134,0.47716059659686605,,43.2,23.9,49.2,48.1,81.3,93.0
cont017,control_room_operator,employee,2019-04-21,58.5,low,anomaly,No action; keep in the baseline,1,1,0.0,0,0,0.5883181012224326,,92.1,50.8,49.2,48.1,96.7,5.1
main030,maintenance_engineer,employee,2019-04-26,58.5,low,priv_no_mfa,No action; keep in the baseline,0,2,1.0,0,5590406,0.42031802457327533,,43.2,57.6,49.2,97.2,55.5,39.0
it065,it_service_desk,employee,2019-04-23,58.4,low,failures,No action; keep in the baseline,1,4,0.0,0,3660064,0.44119453079126447,,92.1,75.0,49.2,48.1,67.5,27.5
main045,maintenance_engineer,employee,2019-04-04,58.4,low,anomaly,No action; keep in the baseline,0,0,0.0,0,24641367,0.47253831917343564,,43.2,23.9,49.2,48.1,79.9,94.1
main045,maintenance_engineer,employee,2019-04-11,58.4,low,egress,No action; keep in the baseline,0,4,0.0,0,21005494,0.42384904677892166,,43.2,75.0,49.2,48.1,57.4,90.0
it068,it_service_desk,employee,2019-04-18,58.4,low,priv_no_mfa,No action; keep in the baseline,0,0,1.0,0,8413839,0.42885426893418205,,43.2,23.9,49.2,97.2,60.5,54.0
it067,it_service_desk,employee,2019-04-09,58.3,low,anomaly,No action; keep in the baseline,0,0,0.0,0,17910622,0.4941855244915958,,43.2,23.9,49.2,48.1,85.7,85.3
cont088,contractor_surveyor,contractor,2019-04-09,58.3,low,egress,No action; keep in the baseline,0,1,0.0,0,22082726,0.44270742344545,,43.2,50.8,49.2,48.1,68.3,91.2
main046,maintenance_engineer,employee,2019-04-19,58.3,low,egress,No action; keep in the baseline,0,1,0.0,0,22660578,0.44056773402044475,,43.2,50.8,49.2,48.1,67.3,91.8
vend077,vendor_technician,vendor,2019-04-22,58.3,low,egress,No action; keep in the baseline,0,5,0.0,0,18085018,0.4222858926514126,,43.2,82.0,49.2,48.1,56.6,85.7
main050,maintenance_engineer,employee,2019-04-02,58.3,low,egress,No action; keep in the baseline,0,7,0.0,0,16510430,0.4187827643981136,,43.2,91.1,49.2,48.1,54.2,82.5
cont006,control_room_operator,employee,2019-04-22,58.3,low,egress,No action; keep in the baseline,0,1,0.0,0,23875093,0.4388761966131768,,43.2,50.8,49.2,48.1,66.1,93.4
mine099,mine_planner,employee,2019-04-04,58.2,low,anomaly,No action; keep in the baseline,1,3,0.0,0,3598434,0.44856464251908496,,92.1,66.4,49.2,48.1,71.2,27.1
main035,maintenance_engineer,employee,2019-04-12,58.2,low,egress,No action; keep in the baseline,0,4,0.0,0,20506941,0.42237226263440486,,43.2,75.0,49.2,48.1,56.7,89.3
ot053,ot_network_admin,employee,2019-04-23,58.2,low,anomaly,No action; keep in the baseline,0,0,0.0,0,19654021,0.4854527532338748,,43.2,23.9,49.2,48.1,83.2,88.3
ot054,ot_network_admin,employee,2019-04-01,58.2,low,anomaly,No action; keep in the baseline,0,5,0.0,0,12444931,0.4407764362780621,,43.2,82.0,49.2,48.1,67.3,70.3
cont009,control_room_operator,employee,2019-04-12,58.2,low,anomaly,No action; keep in the baseline,1,2,0.0,0,2933529,0.4691591861704278,,92.1,57.6,49.2,48.1,78.7,23.0
supe114,supervisor,employee,2019-04-03,58.2,low,egress,No action; keep in the baseline,0,6,0.0,0,15283288,0.42453774183986037,,43.2,87.3,49.2,48.1,57.7,79.6
cont007,control_room_operator,employee,2019-04-28,58.2,low,anomaly,No action; keep in the baseline,1,1,0.0,0,0,0.5765105954486176,,92.1,50.8,49.2,48.1,95.5,5.1
cont008,control_room_operator,employee,2019-04-21,58.2,low,anomaly,No action; keep in the baseline,1,1,0.0,0,0,0.5765105954486176,,92.1,50.8,49.2,48.1,95.5,5.1
supe113,supervisor,employee,2019-04-25,58.2,low,anomaly,No action; keep in the baseline,1,1,0.0,0,0,0.5765105954486176,,92.1,50.8,49.2,48.1,95.5,5.1
cont079,contractor_surveyor,contractor,2019-04-10,58.2,low,anomaly,No action; keep in the baseline,0,0,0.0,0,30870306,0.4625764074381307,,43.2,23.9,49.2,48.1,76.1,97.6
cont016,control_room_operator,employee,2019-04-24,58.2,low,anomaly,No action; keep in the baseline,1,1,0.0,0,0,0.5765105954486176,,92.1,50.8,49.2,48.1,95.5,5.1
cont012,control_room_operator,employee,2019-04-01,58.2,low,anomaly,No action; keep in the baseline,0,6,0.0,0,11342195,0.4416305331677734,,43.2,87.3,49.2,48.1,67.7,66.5
main041,maintenance_engineer,employee,2019-04-16,58.2,low,anomaly,No action; keep in the baseline,1,1,0.0,0,0,0.5765105954486176,,92.1,50.8,49.2,48.1,95.5,5.1
cont014,control_room_operator,employee,2019-04-25,58.2,low,anomaly,No action; keep in the baseline,1,1,0.0,0,0,0.5765105954486176,,92.1,50.8,49.2,48.1,95.5,5.1
supe106,supervisor,employee,2019-04-17,58.2,low,anomaly,No action; keep in the baseline,0,7,0.0,0,9209785,0.45185056428880066,,43.2,91.1,49.2,48.1,72.6,57.5
cont022,control_room_operator,employee,2019-04-27,58.1,low,anomaly,No action; keep in the baseline,0,6,0.0,0,12749117,0.43371978365126274,,43.2,87.3,49.2,48.1,63.4,71.7
it064,it_service_desk,employee,2019-04-23,58.1,low,anomaly,No action; keep in the baseline,0,6,0.0,0,12869610,0.4331318929218778,,43.2,87.3,49.2,48.1,62.9,72.2
mine098,mine_planner,employee,2019-04-29,58.1,low,anomaly,No action; keep in the baseline,0,6,0.0,0,12561964,0.4355601930859745,,43.2,87.3,49.2,48.1,64.3,70.7
main039,maintenance_engineer,employee,2019-04-01,58.1,low,failures,No action; keep in the baseline,1,0,0.0,0,10066144,0.43876177405512334,,92.1,23.9,49.2,48.1,66.0,61.5
cont003,control_room_operator,employee,2019-04-22,58.1,low,anomaly,No action; keep in the baseline,0,8,0.0,0,11250310,0.4353418523371813,,43.2,94.0,49.2,48.1,64.1,66.3
cont015,control_room_operator,employee,2019-04-30,58.1,low,priv_no_mfa,No action; keep in the baseline,0,0,1.0,0,5126523,0.4528034433201184,,43.2,23.9,49.2,97.2,73.0,35.8
main030,maintenance_engineer,employee,2019-04-08,58.1,low,priv_no_mfa,No action; keep in the baseline,0,0,2.0,0,5721080,0.44328672655665086,,43.2,23.9,49.2,98.5,68.6,39.8
it068,it_service_desk,employee,2019-04-01,58.0,low,priv_no_mfa,No action; keep in the baseline,0,0,1.0,0,4101345,0.464932872516807,,43.2,23.9,49.2,97.2,76.9,30.0
supe105,supervisor,employee,2019-04-14,58.0,low,anomaly,No action; keep in the baseline,0,0,0.0,0,18720948,0.48581080819806427,,43.2,23.9,49.2,48.1,83.5,86.7
cont001,control_room_operator,employee,2019-04-26,58.0,low,anomaly,No action; keep in the baseline,0,5,0.0,0,10069246,0.4535189015320218,,43.2,82.0,49.2,48.1,73.2,61.6
cont019,control_room_operator,employee,2019-04-16,58.0,low,anomaly,No action; keep in the baseline,0,5,0.0,0,10750794,0.44868217691005713,,43.2,82.0,49.2,48.1,71.2,64.2
ot057,ot_network_admin,employee,2019-04-30,58.0,low,anomaly,No action; keep in the baseline,0,5,0.0,0,11624480,0.4430561025037363,,43.2,82.0,49.2,48.1,68.6,67.6
cont089,contractor_surveyor,contractor,2019-04-02,58.0,low,anomaly,No action; keep in the baseline,1,2,0.0,0,1604702,0.4852868799243582,,92.1,57.6,49.2,48.1,83.1,15.8
ot054,ot_network_admin,employee,2019-04-08,58.0,low,anomaly,No action; keep in the baseline,0,0,0.0,0,16300969,0.49962788507870753,,43.2,23.9,49.2,48.1,87.0,81.9
it061,it_service_desk,employee,2019-04-16,58.0,low,anomaly,No action; keep in the baseline,0,0,0.0,0,23212953,0.4694947074468439,,43.2,23.9,49.2,48.1,78.8,92.7
cont013,control_room_operator,employee,2019-04-24,58.0,low,anomaly,No action; keep in the baseline,0,9,0.0,0,8684028,0.4484113656969194,,43.2,96.0,49.2,48.1,71.0,54.9
cont082,contractor_surveyor,contractor,2019-04-03,57.9,low,anomaly,No action; keep in the baseline,0,3,0.0,0,15763192,0.4386157083312261,,43.2,66.4,49.2,48.1,65.9,80.7
mine090,mine_planner,employee,2019-04-01,57.9,low,anomaly,No action; keep in the baseline,0,0,0.0,0,23361594,0.46761660902719965,,43.2,23.9,49.2,48.1,78.2,92.9
supe108,supervisor,employee,2019-04-25,57.9,low,anomaly,No action; keep in the baseline,0,1,0.0,0,15406714,0.45559041751492824,,43.2,50.8,49.2,48.1,74.1,80.1
supe108,supervisor,employee,2019-04-07,57.9,low,anomaly,No action; keep in the baseline,0,6,0.0,0,7700367,0.4679498556325443,,43.2,87.3,49.2,48.1,78.4,50.1
cont021,control_room_operator,employee,2019-04-10,57.9,low,anomaly,No action; keep in the baseline,0,5,0.0,0,12920871,0.4359407061687108,,43.2,82.0,49.2,48.1,64.4,72.3
ot057,ot_network_admin,employee,2019-04-18,57.9,low,anomaly,No action; keep in the baseline,0,0,0.0,0,17721538,0.4876605263191854,,43.2,23.9,49.2,48.1,84.1,85.0
cont082,contractor_surveyor,contractor,2019-04-11,57.9,low,anomaly,No action; keep in the baseline,2,0,0.0,0,2050136,0.5457612070161331,,98.7,23.9,49.2,48.1,92.9,17.9
main038,maintenance_engineer,employee,2019-04-04,57.9,low,anomaly,No action; keep in the baseline,0,0,0.0,0,15136748,0.5088283591430546,,43.2,23.9,49.2,48.1,88.6,79.2
mine101,mine_planner,employee,2019-04-01,57.9,low,anomaly,No action; keep in the baseline,1,4,0.0,0,1509480,0.45536830991337607,,92.1,75.0,49.2,48.1,73.9,15.5
cont007,control_room_operator,employee,2019-04-05,57.8,low,anomaly,No action; keep in the baseline,0,7,0.0,0,8046735,0.45680427778806426,,43.2,91.1,49.2,48.1,74.5,52.1
it061,it_service_desk,employee,2019-04-17,57.8,low,anomaly,No action; keep in the baseline,1,2,0.0,0,1289943,0.48344627435334037,,92.1,57.6,49.2,48.1,82.9,14.6
cont011,control_room_operator,employee,2019-04-03,57.8,low,anomaly,No action; keep in the baseline,1,3,0.0,0,2327482,0.45897882238913484,,92.1,66.4,49.2,48.1,75.1,19.1
it064,it_service_desk,employee,2019-04-30,57.7,low,egress,No action; keep in the baseline,0,3,0.0,0,19769805,0.4268588514325682,,43.2,66.4,49.2,48.1,59.1,88.5
supe112,supervisor,employee,2019-04-20,57.7,low,priv_no_mfa,No action; keep in the baseline,0,3,1.0,0,2910751,0.4271385708297039,,43.2,66.4,49.2,97.2,59.3,22.8
supe114,supervisor,employee,2019-04-17,57.7,low,anomaly,No action; keep in the baseline,0,7,0.0,0,12779622,0.42764183956609897,,43.2,91.1,49.2,48.1,59.5,71.8
mine099,mine_planner,employee,2019-04-26,57.7,low,egress,No action; keep in the baseline,0,4,0.0,0,17327761,0.42494668352777504,,43.2,75.0,49.2,48.1,58.1,84.2
cont013,control_room_operator,employee,2019-04-25,57.7,low,anomaly,No action; keep in the baseline,1,3,0.0,0,0,0.492511101351864,,92.1,66.4,49.2,48.1,85.2,5.1
supe109,supervisor,employee,2019-04-15,57.7,low,egress,No action; keep in the baseline,0,4,0.0,0,22274842,0.4162687154975288,,43.2,75.0,49.2,48.1,52.8,91.4
main027,maintenance_engineer,employee,2019-04-05,57.7,low,egress,No action; keep in the baseline,0,10,0.0,0,13684274,0.4182824468627514,,43.2,97.2,49.2,48.1,53.8,75.1
vend073,vendor_technician,vendor,2019-04-07,57.7,low,anomaly,No action; keep in the baseline,1,3,0.0,0,2985272,0.44926183989860097,,92.1,66.4,49.2,48.1,71.5,23.5
ot058,ot_network_admin,employee,2019-04-10,57.6,low,anomaly,No action; keep in the baseline,0,2,0.0,0,13583459,0.45451426269061385,,43.2,57.6,49.2,48.1,73.5,74.9
cont003,control_room_operator,employee,2019-04-14,57.6,low,failures,No action; keep in the baseline,1,3,0.0,0,3812028,0.44049060715467586,,92.1,66.4,49.2,48.1,67.2,28.3
main048,maintenance_engineer,employee,2019-04-29,57.6,low,anomaly,No action; keep in the baseline,1,1,0.0,0,4789385,0.4479680239790593,,92.1,50.8,49.2,48.1,70.8,33.9
vend069,vendor_technician,vendor,2019-04-17,57.6,low,egress,No action; keep in the baseline,0,4,0.0,0,17066832,0.425048911492686,,43.2,75.0,49.2,48.1,58.2,83.4
supe114,supervisor,employee,2019-04-29,57.6,low,anomaly,No action; keep in the baseline,1,2,0.0,0,0,0.5128249913361214,,92.1,57.6,49.2,48.1,89.1,5.1
cont001,control_room_operator,employee,2019-04-08,57.6,low,anomaly,No action; keep in the baseline,1,2,0.0,0,162637,0.4907686171431783,,92.1,57.6,49.2,48.1,84.8,10.8
cont025,control_room_operator,employee,2019-04-10,57.5,low,anomaly,No action; keep in the baseline,0,7,0.0,0,9863145,0.44032137973272606,,43.2,91.1,49.2,48.1,67.0,60.4
supe104,supervisor,employee,2019-04-28,57.5,low,egress,No action; keep in the baseline,0,7,0.0,0,13522794,0.4213592935091763,,43.2,91.1,49.2,48.1,56.0,74.8
supe108,supervisor,employee,2019-04-10,57.5,low,anomaly,No action; keep in the baseline,0,5,0.0,0,8951323,0.45749132284485006,,43.2,82.0,49.2,48.1,74.6,56.0
cont012,control_room_operator,employee,2019-04-03,57.5,low,anomaly,No action; keep in the baseline,0,5,0.0,0,14159937,0.42719018858343444,,43.2,82.0,49.2,48.1,59.3,76.5
main043,maintenance_engineer,employee,2019-04-27,57.5,low,anomaly,No action; keep in the baseline,0,0,0.0,0,22600519,0.4651118448561831,,43.2,23.9,49.2,48.1,77.0,91.7
mine099,mine_planner,employee,2019-04-10,57.5,low,anomaly,No action; keep in the baseline,1,0,0.0,0,8022545,0.44717727227869575,,92.1,23.9,49.2,48.1,70.4,51.8
it064,it_service_desk,employee,2019-04-18,57.5,low,anomaly,No action; keep in the baseline,0,0,0.0,0,18587832,0.4760603641396111,,43.2,23.9,49.2,48.1,80.9,86.5
mine093,mine_planner,employee,2019-04-08,57.5,low,anomaly,No action; keep in the baseline,0,0,0.0,0,20728820,0.46936309720296443,,43.2,23.9,49.2,48.1,78.8,89.6
supe112,supervisor,employee,2019-04-10,57.4,low,priv_no_mfa,No action; keep in the baseline,0,0,2.0,0,5374682,0.44019447487561786,,43.2,23.9,49.2,98.5,67.0,37.5
supe112,supervisor,employee,2019-04-05,57.4,low,anomaly,No action; keep in the baseline,1,3,0.0,0,0,0.4856785066566466,,92.1,66.4,49.2,48.1,83.4,5.1
cont005,control_room_operator,employee,2019-04-18,57.4,low,egress,No action; keep in the baseline,0,7,0.0,0,13595596,0.42068475283448487,,43.2,91.1,49.2,48.1,55.7,74.9
main039,maintenance_engineer,employee,2019-04-15,57.4,low,egress,No action; keep in the baseline,0,8,0.0,0,13679606,0.4187663488052616,,43.2,94.0,49.2,48.1,54.2,75.1
cont019,control_room_operator,employee,2019-04-23,57.4,low,anomaly,No action; keep in the baseline,0,0,0.0,0,16277934,0.487657481147339,,43.2,23.9,49.2,48.1,84.1,81.8
mine091,mine_planner,employee,2019-04-30,57.4,low,anomaly,No action; keep in the baseline,0,3,0.0,0,13007295,0.4457836116849325,,43.2,66.4,49.2,48.1,69.7,72.9
supe107,supervisor,employee,2019-04-16,57.4,low,anomaly,No action; keep in the baseline,0,0,0.0,0,19744360,0.47025693668518653,,43.2,23.9,49.2,48.1,79.0,88.4
it062,it_service_desk,employee,2019-04-14,57.4,low,anomaly,No action; keep in the baseline,0,0,0.0,0,24126991,0.4584545178147099,,43.2,23.9,49.2,48.1,74.9,93.6
cont089,contractor_surveyor,contractor,2019-04-30,57.4,low,anomaly,No action; keep in the baseline,1,2,0.0,0,0,0.5030294801238587,,92.1,57.6,49.2,48.1,87.9,5.1
it066,it_service_desk,employee,2019-04-12,57.4,low,anomaly,No action; keep in the baseline,0,0,0.0,0,20219699,0.4698460913497546,,43.2,23.9,49.2,48.1,78.8,89.0
cont016,control_room_operator,employee,2019-04-05,57.4,low,egress,No action; keep in the baseline,0,4,0.0,0,16653879,0.42470763557500946,,43.2,75.0,49.2,48.1,57.9,82.7
cont002,control_room_operator,employee,2019-04-16,57.3,low,anomaly,No action; keep in the baseline,0,6,0.0,0,10529691,0.4380700360257426,,43.2,87.3,49.2,48.1,65.4,63.3
main042,maintenance_engineer,employee,2019-04-26,57.3,low,failures,No action; keep in the baseline,1,1,0.0,0,5507356,0.4383209498169414,,92.1,50.8,49.2,48.1,65.6,38.5
supe113,supervisor,employee,2019-04-05,57.3,low,egress,No action; keep in the baseline,0,7,0.0,0,18214588,0.408775551788189,,43.2,91.1,49.2,48.1,47.0,85.9
it059,it_service_desk,employee,2019-04-19,57.3,low,anomaly,No action; keep in the baseline,0,4,0.0,0,12378907,0.4397104880236645,,43.2,75.0,49.2,48.1,66.5,70.1
supe110,supervisor,employee,2019-04-09,57.3,low,anomaly,No action; keep in the baseline,0,8,0.0,0,9881471,0.4350017335258342,,43.2,94.0,49.2,48.1,64.1,60.6
ot057,ot_network_admin,employee,2019-04-29,57.3,low,anomaly,No action; keep in the baseline,0,7,0.0,0,10620713,0.43371951019850463,,43.2,91.1,49.2,48.1,63.3,63.8
it059,it_service_desk,employee,2019-04-12,57.3,low,priv_no_mfa,No action; keep in the baseline,0,0,1.0,0,4158802,0.45299016469085257,,43.2,23.9,49.2,97.2,73.0,30.4
main037,maintenance_engineer,employee,2019-04-01,57.3,low,anomaly,No action; keep in the baseline,1,0,0.0,0,5329028,0.4727941127088952,,92.1,23.9,49.2,48.1,80.0,37.3
cont005,control_room_operator,employee,2019-04-29,57.3,low,anomaly,No action; keep in the baseline,0,9,0.0,0,11933039,0.4237326545570539,,43.2,96.0,49.2,48.1,57.4,68.6
main031,maintenance_engineer,employee,2019-04-22,57.2,low,anomaly,No action; keep in the baseline,0,4,0.0,0,12329518,0.4397754010653145,,43.2,75.0,49.2,48.1,66.6,69.9
main046,maintenance_engineer,employee,2019-04-08,57.2,low,failures,No action; keep in the baseline,1,1,0.0,0,6845567,0.42844888640698536,,92.1,50.8,49.2,48.1,60.0,45.6
supe110,supervisor,employee,2019-04-24,57.2,low,anomaly,No action; keep in the baseline,0,0,0.0,0,24449872,0.4552599190663221,,43.2,23.9,49.2,48.1,73.8,94.0
cont083,contractor_surveyor,contractor,2019-04-13,57.2,low,egress,No action; keep in the baseline,0,4,0.0,0,16251917,0.42459959239375133,,43.2,75.0,49.2,48.1,57.8,81.7
supe108,supervisor,employee,2019-04-16,57.2,low,anomaly,No action; keep in the baseline,0,3,0.0,0,14537047,0.43647856021749015,,43.2,66.4,49.2,48.1,64.7,77.7
cont018,control_room_operator,employee,2019-04-23,57.2,low,failures,No action; keep in the baseline,1,1,0.0,0,6880275,0.42820984545277974,,92.1,50.8,49.2,48.1,59.8,45.7
main040,maintenance_engineer,employee,2019-04-01,57.2,low,anomaly,No action; keep in the baseline,1,4,0.0,0,880911,0.4501682207148211,,92.1,75.0,49.2,48.1,71.9,13.3
it060,it_service_desk,employee,2019-04-02,57.2,low,anomaly,No action; keep in the baseline,1,2,0.0,0,2087810,0.4654726136687431,,92.1,57.6,49.2,48.1,77.3,18.1
ot056,ot_network_admin,employee,2019-04-09,57.2,low,anomaly,No action; keep in the baseline,1,0,0.0,0,3645489,0.49907763552490914,,92.1,23.9,49.2,48.1,86.9,27.4
main033,maintenance_engineer,employee,2019-04-15,57.2,low,anomaly,No action; keep in the baseline,0,7,0.0,0,9085385,0.442430614936169,,43.2,91.1,49.2,48.1,68.1,56.7
vend069,vendor_technician,vendor,2019-04-23,57.2,low,anomaly,No action; keep in the baseline,0,0,0.0,0,23721333,0.45576175579143546,,43.2,23.9,49.2,48.1,74.2,93.3
cont014,control_room_operator,employee,2019-04-10,57.1,low,egress,No action; keep in the baseline,0,4,0.0,0,17153650,0.4208065047639739,,43.2,75.0,49.2,48.1,55.8,83.6
supe108,supervisor,employee,2019-04-08,57.1,low,anomaly,No action; keep in the baseline,0,6,0.0,0,7978623,0.4546585097697761,,43.2,87.3,49.2,48.1,73.6,51.5
cont003,control_room_operator,employee,2019-04-26,57.1,low,egress,No action; keep in the baseline,0,9,0.0,0,12814297,0.41825151340251177,,43.2,96.0,49.2,48.1,53.8,72.0
main027,maintenance_engineer,employee,2019-04-18,57.1,low,anomaly,No action; keep in the baseline,0,0,0.0,0,26623775,0.4516571936908943,,43.2,23.9,49.2,48.1,72.5,95.3
cont019,control_room_operator,employee,2019-04-24,57.0,low,anomaly,No action; keep in the baseline,0,0,0.0,0,12604816,0.5225007353349784,,43.2,23.9,49.2,48.1,90.3,70.9
mine090,mine_planner,employee,2019-04-29,57.0,low,egress,No action; keep in the baseline,0,3,0.0,0,17729857,0.4249994748588986,,43.2,66.4,49.2,48.1,58.2,85.0
ot052,ot_network_admin,employee,2019-04-15,57.0,low,anomaly,No action; keep in the baseline,0,0,0.0,0,20255340,0.463449313983732,,43.2,23.9,49.2,48.1,76.5,89.1
cont015,control_room_operator,employee,2019-04-11,57.0,low,anomaly,No action; keep in the baseline,0,2,0.0,0,14045020,0.4454063597571988,,43.2,57.6,49.2,48.1,69.5,76.3
cont013,control_room_operator,employee,2019-04-14,57.0,low,anomaly,No action; keep in the baseline,1,0,0.0,0,5226645,0.47054899834993713,,92.1,23.9,49.2,48.1,79.1,36.5
cont024,control_room_operator,employee,2019-04-14,56.9,low,anomaly,No action; keep in the baseline,1,1,0.0,0,0,0.5091847007773628,,92.1,50.8,49.2,48.1,88.7,5.1
cont080,contractor_surveyor,contractor,2019-04-18,56.9,low,anomaly,No action; keep in the baseline,0,5,0.0,0,13206176,0.42558749741799307,,43.2,82.0,49.2,48.1,58.5,73.5
ot053,ot_network_admin,employee,2019-04-02,56.9,low,anomaly,No action; keep in the baseline,0,0,0.0,0,11076564,0.5550914635739946,,43.2,23.9,49.2,48.1,93.7,65.3
vend076,vendor_technician,vendor,2019-04-08,56.9,low,anomaly,No action; keep in the baseline,1,2,0.0,0,0,0.4923611335358319,,92.1,57.6,49.2,48.1,85.2,5.1
it062,it_service_desk,employee,2019-04-16,56.9,low,anomaly,No action; keep in the baseline,0,0,0.0,0,19430893,0.4646836633679296,,43.2,23.9,49.2,48.1,76.8,87.9
main050,maintenance_engineer,employee,2019-04-29,56.9,low,anomaly,No action; keep in the baseline,2,0,0.0,0,0,0.6041861866259373,,98.7,23.9,49.2,48.1,97.3,5.1
mine094,mine_planner,employee,2019-04-02,56.9,low,anomaly,No action; keep in the baseline,1,0,0.0,0,5995232,0.4588834825217119,,92.1,23.9,49.2,48.1,75.0,41.5
it061,it_service_desk,employee,2019-04-02,56.9,low,anomaly,No action; keep in the baseline,0,0,0.0,0,17156198,0.47425822146491,,43.2,23.9,49.2,48.1,80.3,83.7
main029,maintenance_engineer,employee,2019-04-05,56.8,low,anomaly,No action; keep in the baseline,0,3,0.0,0,13004021,0.4395082923046274,,43.2,66.4,49.2,48.1,66.5,72.8
main046,maintenance_engineer,employee,2019-04-18,56.8,low,egress,No action; keep in the baseline,0,7,0.0,0,15476004,0.4111176032964361,,43.2,91.1,49.2,48.1,48.7,80.3
supe111,supervisor,employee,2019-04-03,56.8,low,anomaly,No action; keep in the baseline,0,3,0.0,0,13259288,0.43821867044432794,,43.2,66.4,49.2,48.1,65.5,73.8
cont004,control_room_operator,employee,2019-04-20,56.8,low,anomaly,No action; keep in the baseline,1,3,0.0,0,0,0.4756989104736094,,92.1,66.4,49.2,48.1,80.7,5.1
main044,maintenance_engineer,employee,2019-04-03,56.7,low,egress,No action; keep in the baseline,0,8,0.0,0,15190715,0.40941695712604026,,43.2,94.0,49.2,48.1,47.5,79.3
cont088,contractor_surveyor,contractor,2019-04-14,56.7,low,anomaly,No action; keep in the baseline,1,2,0.0,0,0,0.4900318823324316,,92.1,57.6,49.2,48.1,84.7,5.1
cont022,control_room_operator,employee,2019-04-25,56.7,low,anomaly,No action; keep in the baseline,0,8,0.0,0,6216920,0.45806655740077784,,43.2,94.0,49.2,48.1,74.8,42.6
ot056,ot_network_admin,employee,2019-04-05,56.7,low,anomaly,No action; keep in the baseline,1,2,0.0,0,0,0.4900318823324316,,92.1,57.6,49.2,48.1,84.7,5.1
ot051,ot_network_admin,employee,2019-04-04,56.7,low,anomaly,No action; keep in the baseline,0,7,0.0,0,12616110,0.41961865951583893,,43.2,91.1,49.2,48.1,54.9,71.0
mine096,mine_planner,employee,2019-04-20,56.7,low,anomaly,No action; keep in the baseline,1,0,0.0,0,5079042,0.468162466294169,,92.1,23.9,49.2,48.1,78.4,35.5
cont002,control_room_operator,employee,2019-04-13,56.7,low,anomaly,No action; keep in the baseline,0,6,0.0,0,7175482,0.45807100467737083,,43.2,87.3,49.2,48.1,74.8,47.1
main039,maintenance_engineer,employee,2019-04-10,56.6,low,egress,No action; keep in the baseline,0,5,0.0,0,18356932,0.4095175694548661,,43.2,82.0,49.2,48.1,47.6,86.1
ot057,ot_network_admin,employee,2019-04-14,56.6,low,anomaly,No action; keep in the baseline,1,2,0.0,0,2723313,0.4495176435861733,,92.1,57.6,49.2,48.1,71.6,21.7
it061,it_service_desk,employee,2019-04-04,56.6,low,anomaly,No action; keep in the baseline,0,0,0.0,0,17401638,0.4673675744526468,,43.2,23.9,49.2,48.1,78.0,84.3
cont013,control_room_operator,employee,2019-04-30,56.6,low,anomaly,No action; keep in the baseline,0,3,0.0,0,14007169,0.43342872827372253,,43.2,66.4,49.2,48.1,63.0,76.2
supe110,supervisor,employee,2019-04-14,56.6,low,anomaly,No action; keep in the baseline,0,2,0.0,0,16506897,0.43314378977701634,,43.2,57.6,49.2,48.1,62.9,82.4
cont012,control_room_operator,employee,2019-04-02,56.6,low,anomaly,No action; keep in the baseline,1,2,0.0,0,640730,0.46783450213703626,,92.1,57.6,49.2,48.1,78.3,12.4
cont019,control_room_operator,employee,2019-04-25,56.6,low,anomaly,No action; keep in the baseline,0,4,0.0,0,8785679,0.45642574631678656,,43.2,75.0,49.2,48.1,74.5,55.3
cont025,control_room_operator,employee,2019-04-30,56.5,low,anomaly,No action; keep in the baseline,0,9,0.0,0,11827078,0.4181858204519434,,43.2,96.0,49.2,48.1,53.7,68.3
mine101,mine_planner,employee,2019-04-15,56.5,low,anomaly,No action; keep in the baseline,1,2,0.0,0,0,0.48565757752666383,,92.1,57.6,49.2,48.1,83.4,5.1
cont017,control_room_operator,employee,2019-04-19,56.5,low,anomaly,No action; keep in the baseline,0,5,0.0,0,9694021,0.4406925897566948,,43.2,82.0,49.2,48.1,67.3,59.6
mine091,mine_planner,employee,2019-04-01,56.5,low,anomaly,No action; keep in the baseline,0,4,0.0,0,11232286,0.4383568250528026,,43.2,75.0,49.2,48.1,65.7,66.2
cont086,contractor_surveyor,contractor,2019-04-10,56.5,low,anomaly,No action; keep in the baseline,0,0,0.0,0,22696634,0.4499453159156866,,43.2,23.9,49.2,48.1,71.7,91.9
cont009,control_room_operator,employee,2019-04-24,56.5,low,anomaly,No action; keep in the baseline,1,1,0.0,0,0,0.49772214745823445,,92.1,50.8,49.2,48.1,86.6,5.1
vend072,vendor_technician,vendor,2019-04-10,56.5,low,egress,No action; keep in the baseline,0,4,0.0,0,14461211,0.4232025588717734,,43.2,75.0,49.2,48.1,57.1,77.3
cont004,control_room_operator,employee,2019-04-02,56.5,low,egress,No action; keep in the baseline,0,5,0.0,0,17737046,0.40997537334219747,,43.2,82.0,49.2,48.1,48.0,85.1
cont082,contractor_surveyor,contractor,2019-04-20,56.5,low,anomaly,No action; keep in the baseline,1,1,0.0,0,0,0.49830427450264686,,92.1,50.8,49.2,48.1,86.8,5.1
cont013,control_room_operator,employee,2019-04-02,56.5,low,anomaly,No action; keep in the baseline,0,9,0.0,0,6585204,0.44982509396808273,,43.2,96.0,49.2,48.1,71.7,44.1
mine101,mine_planner,employee,2019-04-12,56.4,low,anomaly,No action; keep in the baseline,0,0,0.0,0,16699277,0.467808539006107,,43.2,23.9,49.2,48.1,78.3,82.8
cont012,control_room_operator,employee,2019-04-11,56.4,low,anomaly,No action; keep in the baseline,0,6,0.0,0,8826778,0.4403946762194399,,43.2,87.3,49.2,48.1,67.1,55.6
vend074,vendor_technician,vendor,2019-04-12,56.4,low,anomaly,No action; keep in the baseline,0,0,0.0,0,15923017,0.4710586626649187,,43.2,23.9,49.2,48.1,79.3,81.2
mine101,mine_planner,employee,2019-04-07,56.4,low,anomaly,No action; keep in the baseline,2,0,0.0,0,0,0.5699860579431025,,98.7,23.9,49.2,48.1,94.7,5.1
main038,maintenance_engineer,employee,2019-04-23,56.3,low,anomaly,No action; keep in the baseline,1,0,0.0,0,5308550,0.4588960848172504,,92.1,23.9,49.2,48.1,75.1,37.1
cont087,contractor_surveyor,contractor,2019-04-10,56.3,low,anomaly,No action; keep in the baseline,1,0,0.0,0,6095987,0.45003486970045586,,92.1,23.9,49.2,48.1,71.8,42.0
cont020,control_room_operator,employee,2019-04-05,56.3,low,anomaly,No action; keep in the baseline,0,4,0.0,0,12986898,0.428430775834809,,43.2,75.0,49.2,48.1,59.9,72.8
supe104,supervisor,employee,2019-04-19,56.2,low,egress,No action; keep in the baseline,0,4,0.0,0,14427975,0.4214968486267157,,43.2,75.0,49.2,48.1,56.2,77.2
supe109,supervisor,employee,2019-04-03,56.2,low,failures,No action; keep in the baseline,1,0,0.0,0,7406688,0.43907854552417275,,92.1,23.9,49.2,48.1,66.3,48.6
cont002,control_room_operator,employee,2019-04-20,56.2,low,anomaly,No action; keep in the baseline,0,0,0.0,0,20598815,0.4512692362543586,,43.2,23.9,49.2,48.1,72.2,89.5
cont087,contractor_surveyor,contractor,2019-04-29,56.2,low,failures,No action; keep in the baseline,1,3,0.0,0,1772159,0.4439132043280044,,92.1,66.4,49.2,48.1,68.9,16.7
main035,maintenance_engineer,employee,2019-04-23,56.2,low,egress,No action; keep in the baseline,0,6,0.0,0,17227044,0.40620116381402127,,43.2,87.3,49.2,48.1,44.6,83.8
main050,maintenance_engineer,employee,2019-04-26,56.2,low,egress,No action; keep in the baseline,0,2,0.0,0,17629786,0.42673991479698486,,43.2,57.6,49.2,48.1,59.0,84.8
supe105,supervisor,employee,2019-04-09,56.1,low,anomaly,No action; keep in the baseline,0,5,0.0,0,9807440,0.43680679766176356,,43.2,82.0,49.2,48.1,64.9,60.1
supe113,supervisor,employee,2019-04-01,56.1,low,egress,No action; keep in the baseline,0,7,0.0,0,12485200,0.4158593147272613,,43.2,91.1,49.2,48.1,52.5,70.5
main027,maintenance_engineer,employee,2019-04-03,56.1,low,anomaly,No action; keep in the baseline,1,3,0.0,0,1226597,0.44646379685192056,,92.1,66.4,49.2,48.1,70.1,14.5
supe105,supervisor,employee,2019-04-02,56.0,low,anomaly,No action; keep in the baseline,1,1,0.0,0,363723,0.4721248496243432,,92.1,50.8,49.2,48.1,79.6,11.4
cont008,control_room_operator,employee,2019-04-12,56.0,low,egress,No action; keep in the baseline,0,6,0.0,0,13856801,0.4127320590566696,,43.2,87.3,49.2,48.1,49.9,75.7
ot057,ot_network_admin,employee,2019-04-09,56.0,low,anomaly,No action; keep in the baseline,1,2,0.0,0,0,0.4759952771009451,,92.1,57.6,49.2,48.1,80.8,5.1
cont014,control_room_operator,employee,2019-04-26,56.0,low,anomaly,No action; keep in the baseline,0,1,0.0,0,13515588,0.4440614115261414,,43.2,50.8,49.2,48.1,69.0,74.7
mine101,mine_planner,employee,2019-04-09,56.0,low,anomaly,No action; keep in the baseline,1,0,0.0,0,5794355,0.44867018134050246,,92.1,23.9,49.2,48.1,71.2,40.3
cont021,control_room_operator,employee,2019-04-29,56.0,low,anomaly,No action; keep in the baseline,1,2,0.0,0,1796064,0.4507371182020307,,92.1,57.6,49.2,48.1,72.1,16.9
mine098,mine_planner,employee,2019-04-01,56.0,low,anomaly,No action; keep in the baseline,1,0,0.0,0,3925963,0.4732475552122385,,92.1,23.9,49.2,48.1,80.1,29.0
main033,maintenance_engineer,employee,2019-04-03,56.0,low,anomaly,No action; keep in the baseline,0,0,0.0,0,16917508,0.46117399710021045,,43.2,23.9,49.2,48.1,75.7,83.3
vend070,vendor_technician,vendor,2019-04-06,55.9,low,priv_no_mfa,No action; keep in the baseline,0,0,1.0,0,4553447,0.43601326341749624,,43.2,23.9,49.2,97.2,64.5,32.4
ot057,ot_network_admin,employee,2019-04-21,55.9,low,anomaly,No action; keep in the baseline,0,0,0.0,0,13705741,0.477833625443995,,43.2,23.9,49.2,48.1,81.4,75.2
vend075,vendor_technician,vendor,2019-04-19,55.9,low,anomaly,No action; keep in the baseline,0,2,0.0,0,11107501,0.4501017021296414,,43.2,57.6,49.2,48.1,71.8,65.5
vend075,vendor_technician,vendor,2019-04-03,55.8,low,anomaly,No action; keep in the baseline,2,0,0.0,0,0,0.5343214253948727,,98.7,23.9,49.2,48.1,91.9,5.1
main040,maintenance_engineer,employee,2019-04-26,55.8,low,anomaly,No action; keep in the baseline,2,0,0.0,0,0,0.5355318660781674,,98.7,23.9,49.2,48.1,92.0,5.1
main041,maintenance_engineer,employee,2019-04-01,55.8,low,failures,No action; keep in the baseline,1,0,0.0,0,8119849,0.4300699354765595,,92.1,23.9,49.2,48.1,61.0,52.5
mine093,mine_planner,employee,2019-04-25,55.8,low,anomaly,No action; keep in the baseline,0,0,0.0,0,20516979,0.44720747545221823,,43.2,23.9,49.2,48.1,70.4,89.3
cont019,control_room_operator,employee,2019-04-15,55.8,low,anomaly,No action; keep in the baseline,0,0,0.0,0,16061513,0.46329936947576345,,43.2,23.9,49.2,48.1,76.5,81.4
mine090,mine_planner,employee,2019-04-17,55.8,low,egress,No action; keep in the baseline,0,6,0.0,0,14211608,0.4098288169428397,,43.2,87.3,49.2,48.1,47.9,76.7
cont089,contractor_surveyor,contractor,2019-04-25,55.7,low,anomaly,No action; keep in the baseline,1,0,0.0,0,0,0.5864525943860394,,92.1,23.9,49.2,48.1,96.4,5.1
it060,it_service_desk,employee,2019-04-06,55.7,low,anomaly,No action; keep in the baseline,0,6,0.0,0,4186269,0.480703945178079,,43.2,87.3,49.2,48.1,82.4,30.6
main040,maintenance_engineer,employee,2019-04-23,55.7,low,failures,No action; keep in the baseline,1,0,0.0,0,7480154,0.43361898936822724,,92.1,23.9,49.2,48.1,63.2,49.1
cont001,control_room_operator,employee,2019-04-15,55.7,low,anomaly,No action; keep in the baseline,0,3,0.0,0,9527146,0.4495564532978948,,43.2,66.4,49.2,48.1,71.6,58.6
it067,it_service_desk,employee,2019-04-22,55.7,low,egress,No action; keep in the baseline,0,2,0.0,0,19770794,0.4180303222796027,,43.2,57.6,49.2,48.1,53.5,88.5
cont085,contractor_surveyor,contractor,2019-04-24,55.7,low,anomaly,No action; keep in the baseline,1,0,0.0,0,0,0.5864525943860394,,92.1,23.9,49.2,48.1,96.4,5.1
cont003,control_room_operator,employee,2019-04-03,55.7,low,failures,No action; keep in the baseline,1,1,0.0,0,3823182,0.4381475226488549,,92.1,50.8,49.2,48.1,65.5,28.4
mine099,mine_planner,employee,2019-04-20,55.6,low,anomaly,No action; keep in the baseline,1,0,0.0,0,3006122,0.4790392710658002,,92.1,23.9,49.2,48.1,81.7,23.6
ot052,ot_network_admin,employee,2019-04-03,55.6,low,anomaly,No action; keep in the baseline,0,0,0.0,0,14552040,0.46705013608496465,,43.2,23.9,49.2,48.1,77.9,77.8
cont078,contractor_surveyor,contractor,2019-04-23,55.6,low,anomaly,No action; keep in the baseline,1,3,0.0,0,0,0.4563296639961893,,92.1,66.4,49.2,48.1,74.4,5.1
mine091,mine_planner,employee,2019-04-19,55.6,low,anomaly,No action; keep in the baseline,0,0,0.0,0,15375035,0.4626163911009753,,43.2,23.9,49.2,48.1,76.2,79.9
mine095,mine_planner,employee,2019-04-18,55.6,low,anomaly,No action; keep in the baseline,0,0,0.0,0,14326501,0.46820190763500535,,43.2,23.9,49.2,48.1,78.4,77.0
main042,maintenance_engineer,employee,2019-04-12,55.6,low,anomaly,No action; keep in the baseline,1,2,0.0,0,403634,0.45556082219184296,,92.1,57.6,49.2,48.1,74.1,11.5
mine093,mine_planner,employee,2019-04-28,55.6,low,anomaly,No action; keep in the baseline,1,1,0.0,0,0,0.48116917389276154,,92.1,50.8,49.2,48.1,82.6,5.1
cont078,contractor_surveyor,contractor,2019-04-02,55.6,low,failures,No action; keep in the baseline,1,0,0.0,0,7358207,0.4336943090417637,,92.1,23.9,49.2,48.1,63.3,48.2
it068,it_service_desk,employee,2019-04-02,55.6,low,priv_no_mfa,No action; keep in the baseline,0,0,1.0,0,5992751,0.4218422569787109,,43.2,23.9,49.2,97.2,56.2,41.5
main034,maintenance_engineer,employee,2019-04-30,55.6,low,egress,No action; keep in the baseline,0,5,0.0,0,18448902,0.40415482895482496,,43.2,82.0,49.2,48.1,42.9,86.2
supe104,supervisor,employee,2019-04-10,55.5,low,egress,No action; keep in the baseline,0,0,0.0,0,23001381,0.4399535214026248,,43.2,23.9,49.2,48.1,66.7,92.4
supe105,supervisor,employee,2019-04-19,55.5,low,anomaly,No action; keep in the baseline,0,6,0.0,0,7509524,0.4409743223219849,,43.2,87.3,49.2,48.1,67.4,49.2
mine095,mine_planner,employee,2019-04-26,55.5,low,anomaly,No action; keep in the baseline,0,1,0.0,0,7388422,0.4954833510015127,,43.2,50.8,49.2,48.1,86.1,48.5
cont004,control_room_operator,employee,2019-04-03,55.5,low,failures,No action; keep in the baseline,1,2,0.0,0,2098578,0.44371571638148855,,92.1,57.6,49.2,48.1,68.7,18.1
mine097,mine_planner,employee,2019-04-06,55.5,low,egress,No action; keep in the baseline,0,0,0.0,0,28444103,0.43390405733751114,,43.2,23.9,49.2,48.1,63.4,96.3
cont018,control_room_operator,employee,2019-04-09,55.5,low,egress,No action; keep in the baseline,0,7,0.0,0,12979533,0.40956755836562325,,43.2,91.1,49.2,48.1,47.6,72.7
supe106,supervisor,employee,2019-04-23,55.5,low,anomaly,No action; keep in the baseline,0,3,0.0,0,9452623,0.44826159114286157,,43.2,66.4,49.2,48.1,70.9,58.3
cont084,contractor_surveyor,contractor,2019-04-26,55.4,low,anomaly,No action; keep in the baseline,1,0,0.0,0,0,0.5725939547425813,,92.1,23.9,49.2,48.1,95.0,5.1
mine102,mine_planner,employee,2019-04-09,55.4,low,anomaly,No action; keep in the baseline,1,0,0.0,0,0,0.5725939547425813,,92.1,23.9,49.2,48.1,95.0,5.1
main033,maintenance_engineer,employee,2019-04-23,55.4,low,anomaly,No action; keep in the baseline,1,2,0.0,0,0,0.4666964615634627,,92.1,57.6,49.2,48.1,77.8,5.1
cont001,control_room_operator,employee,2019-04-30,55.4,low,anomaly,No action; keep in the baseline,0,5,0.0,0,9016189,0.4349820285771687,,43.2,82.0,49.2,48.1,64.0,56.3
main027,maintenance_engineer,employee,2019-04-30,55.4,low,egress,No action; keep in the baseline,0,5,0.0,0,20066087,0.3999615415722982,,43.2,82.0,49.2,48.1,39.5,88.9
vend074,vendor_technician,vendor,2019-04-17,55.4,low,anomaly,No action; keep in the baseline,1,0,0.0,0,0,0.5725939547425813,,92.1,23.9,49.2,48.1,95.0,5.1
it065,it_service_desk,employee,2019-04-11,55.4,low,anomaly,No action; keep in the baseline,1,0,0.0,0,0,0.5725939547425813,,92.1,23.9,49.2,48.1,95.0,5.1
supe111,supervisor,employee,2019-04-02,55.4,low,anomaly,No action; keep in the baseline,0,1,0.0,0,9512506,0.46748176800802427,,43.2,50.8,49.2,48.1,78.1,58.5
cont087,contractor_surveyor,contractor,2019-04-30,55.4,low,anomaly,No action; keep in the baseline,1,0,0.0,0,0,0.5725939547425813,,92.1,23.9,49.2,48.1,95.0,5.1
mine092,mine_planner,employee,2019-04-30,55.4,low,egress,No action; keep in the baseline,0,1,0.0,0,20775722,0.41942385914929736,,43.2,50.8,49.2,48.1,54.7,89.7
ot057,ot_network_admin,employee,2019-04-04,55.4,low,anomaly,No action; keep in the baseline,0,0,0.0,0,13597590,0.46995253513946283,,43.2,23.9,49.2,48.1,78.9,75.0
main031,maintenance_engineer,employee,2019-04-30,55.4,low,anomaly,No action; keep in the baseline,1,0,0.0,0,0,0.5725939547425813,,92.1,23.9,49.2,48.1,95.0,5.1
ot053,ot_network_admin,employee,2019-04-13,55.4,low,anomaly,No action; keep in the baseline,1,0,0.0,0,0,0.5725939547425813,,92.1,23.9,49.2,48.1,95.0,5.1
supe106,supervisor,employee,2019-04-10,55.4,low,anomaly,No action; keep in the baseline,1,0,0.0,0,0,0.5725939547425813,,92.1,23.9,49.2,48.1,95.0,5.1
supe113,supervisor,employee,2019-04-09,55.4,low,anomaly,No action; keep in the baseline,1,0,0.0,0,0,0.5725939547425813,,92.1,23.9,49.2,48.1,95.0,5.1
cont078,contractor_surveyor,contractor,2019-04-19,55.4,low,anomaly,No action; keep in the baseline,1,0,0.0,0,0,0.5725939547425813,,92.1,23.9,49.2,48.1,95.0,5.1
cont001,control_room_operator,employee,2019-04-01,55.3,low,anomaly,No action; keep in the baseline,0,5,0.0,0,11172423,0.42216654785266855,,43.2,82.0,49.2,48.1,56.4,65.9
ot058,ot_network_admin,employee,2019-04-09,55.3,low,egress,No action; keep in the baseline,0,6,0.0,0,12100345,0.41477108021916465,,43.2,87.3,49.2,48.1,50.9,69.3
main050,maintenance_engineer,employee,2019-04-05,55.3,low,egress,No action; keep in the baseline,0,0,0.0,0,21784012,0.43985751868543627,,43.2,23.9,49.2,48.1,66.6,90.8
vend072,vendor_technician,vendor,2019-04-26,55.3,low,anomaly,No action; keep in the baseline,0,0,0.0,0,11554065,0.48886624762753383,,43.2,23.9,49.2,48.1,84.4,67.3
main036,maintenance_engineer,employee,2019-04-18,55.3,low,egress,No action; keep in the baseline,0,0,0.0,0,21576955,0.4401282433913482,,43.2,23.9,49.2,48.1,66.9,90.5
ot057,ot_network_admin,employee,2019-04-15,55.3,low,anomaly,No action; keep in the baseline,0,4,0.0,0,8808527,0.4413244065987995,,43.2,75.0,49.2,48.1,67.6,55.4
mine091,mine_planner,employee,2019-04-26,55.3,low,egress,No action; keep in the baseline,0,3,0.0,0,14586505,0.4199197449062667,,43.2,66.4,49.2,48.1,55.2,77.9
supe104,supervisor,employee,2019-04-04,55.2,low,anomaly,No action; keep in the baseline,0,10,0.0,0,9663363,0.41723322020208886,,43.2,97.2,49.2,48.1,53.3,59.5
main032,maintenance_engineer,employee,2019-04-18,55.2,low,failures,No action; keep in the baseline,1,0,0.0,0,5729336,0.4418443981918576,,92.1,23.9,49.2,48.1,67.8,39.9
cont026,control_room_operator,employee,2019-04-09,55.2,low,egress,No action; keep in the baseline,0,0,0.0,0,25274899,0.43360727880693983,,43.2,23.9,49.2,48.1,63.1,94.7
cont007,control_room_operator,employee,2019-04-18,55.2,low,anomaly,No action; keep in the baseline,0,4,0.0,0,9589723,0.4361873585529904,,43.2,75.0,49.2,48.1,64.5,59.0
cont025,control_room_operator,employee,2019-04-01,55.2,low,anomaly,No action; keep in the baseline,0,9,0.0,0,9123181,0.4201764309683238,,43.2,96.0,49.2,48.1,55.3,57.0
supe112,supervisor,employee,2019-04-29,55.2,low,anomaly,No action; keep in the baseline,1,0,0.0,0,3874998,0.4630273588494653,,92.1,23.9,49.2,48.1,76.3,28.6
mine095,mine_planner,employee,2019-04-27,55.1,low,anomaly,No action; keep in the baseline,0,3,0.0,0,8944367,0.4474105523276155,,43.2,66.4,49.2,48.1,70.6,55.9
cont008,control_room_operator,employee,2019-04-22,55.1,low,anomaly,No action; keep in the baseline,0,3,0.0,0,12620059,0.4274728113813077,,43.2,66.4,49.2,48.1,59.5,71.1
it066,it_service_desk,employee,2019-04-17,55.0,low,anomaly,No action; keep in the baseline,0,0,0.0,0,14216334,0.4612885040897374,,43.2,23.9,49.2,48.1,75.8,76.8
supe113,supervisor,employee,2019-04-23,55.0,low,failures,No action; keep in the baseline,1,0,0.0,0,5887302,0.4386451755428766,,92.1,23.9,49.2,48.1,65.9,41.1
cont088,contractor_surveyor,contractor,2019-04-26,55.0,low,anomaly,No action; keep in the baseline,0,5,0.0,0,11843958,0.4170319574832211,,43.2,82.0,49.2,48.1,53.2,68.3
cont020,control_room_operator,employee,2019-04-15,55.0,low,egress,No action; keep in the baseline,0,4,0.0,0,12936494,0.4175196043120277,,43.2,75.0,49.2,48.1,53.4,72.5
main041,maintenance_engineer,employee,2019-04-13,55.0,low,anomaly,No action; keep in the baseline,1,0,0.0,0,5056353,0.4465683060112288,,92.1,23.9,49.2,48.1,70.2,35.2
main038,maintenance_engineer,employee,2019-04-10,55.0,low,anomaly,No action; keep in the baseline,0,5,0.0,0,8037364,0.43783355738002033,,43.2,82.0,49.2,48.1,65.3,52.0
mine092,mine_planner,employee,2019-04-26,54.9,low,egress,No action; keep in the baseline,0,5,0.0,0,20048919,0.3981099208987327,,43.2,82.0,49.2,48.1,37.3,88.8
it067,it_service_desk,employee,2019-04-03,54.9,low,anomaly,No action; keep in the baseline,1,0,0.0,0,4221681,0.4533384453600935,,92.1,23.9,49.2,48.1,73.1,30.7
it060,it_service_desk,employee,2019-04-14,54.9,low,anomaly,No action; keep in the baseline,0,0,0.0,0,15290567,0.4524941748529301,,43.2,23.9,49.2,48.1,72.9,79.7
main049,maintenance_engineer,employee,2019-04-28,54.9,low,anomaly,No action; keep in the baseline,0,3,0.0,0,6945960,0.46533168058339286,,43.2,66.4,49.2,48.1,77.1,45.9
supe105,supervisor,employee,2019-04-23,54.9,low,anomaly,No action; keep in the baseline,0,1,0.0,0,11893947,0.44203053812596516,,43.2,50.8,49.2,48.1,67.8,68.5
supe107,supervisor,employee,2019-04-29,54.9,low,anomaly,No action; keep in the baseline,0,0,0.0,0,19569575,0.4401649549792113,,43.2,23.9,49.2,48.1,67.0,88.1
main044,maintenance_engineer,employee,2019-04-17,54.9,low,anomaly,No action; keep in the baseline,1,0,0.0,0,4968754,0.4464170563947369,,92.1,23.9,49.2,48.1,70.0,34.8
ot051,ot_network_admin,employee,2019-04-24,54.9,low,egress,No action; keep in the baseline,0,2,0.0,0,18586776,0.4149216425364951,,43.2,57.6,49.2,48.1,51.0,86.5
vend077,vendor_technician,vendor,2019-04-23,54.8,low,anomaly,No action; keep in the baseline,0,8,0.0,0,10424449,0.4129820736364423,,43.2,94.0,49.2,48.1,50.0,63.0
cont026,control_room_operator,employee,2019-04-16,54.8,low,egress,No action; keep in the baseline,0,8,0.0,0,12676852,0.4056313272813787,,43.2,94.0,49.2,48.1,44.0,71.3
main050,maintenance_engineer,employee,2019-04-11,54.8,low,egress,No action; keep in the baseline,0,2,0.0,0,22955853,0.4083358155876684,,43.2,57.6,49.2,48.1,46.4,92.2
ot051,ot_network_admin,employee,2019-04-05,54.8,low,anomaly,No action; keep in the baseline,0,3,0.0,0,12948292,0.42255545505259967,,43.2,66.4,49.2,48.1,56.7,72.6
cont026,control_room_operator,employee,2019-04-19,54.8,low,anomaly,No action; keep in the baseline,0,7,0.0,0,11089078,0.4123417736034644,,43.2,91.1,49.2,48.1,49.6,65.4
cont086,contractor_surveyor,contractor,2019-04-05,54.8,low,egress,No action; keep in the baseline,0,6,0.0,0,16102893,0.3999026860164646,,43.2,87.3,49.2,48.1,39.4,81.5
cont012,control_room_operator,employee,2019-04-25,54.8,low,anomaly,No action; keep in the baseline,0,0,0.0,0,18318255,0.44211883836672383,,43.2,23.9,49.2,48.1,67.9,86.0
mine096,mine_planner,employee,2019-04-09,54.8,low,egress,No action; keep in the baseline,0,0,0.0,0,27105073,0.42895386958506176,,43.2,23.9,49.2,48.1,60.6,95.5
vend072,vendor_technician,vendor,2019-04-15,54.7,low,anomaly,No action; keep in the baseline,0,1,0.0,0,11690987,0.4409197736343892,,43.2,50.8,49.2,48.1,67.4,67.9
it066,it_service_desk,employee,2019-04-01,54.7,low,anomaly,No action; keep in the baseline,0,2,0.0,0,12818282,0.43043639431953884,,43.2,57.6,49.2,48.1,61.2,72.0
main038,maintenance_engineer,employee,2019-04-08,54.7,low,anomaly,No action; keep in the baseline,0,0,0.0,0,19010625,0.4392317289430344,,43.2,23.9,49.2,48.1,66.4,87.3
cont010,control_room_operator,employee,2019-04-28,54.7,low,anomaly,No action; keep in the baseline,0,10,0.0,0,6948521,0.4289668887468861,,43.2,97.2,49.2,48.1,60.7,45.9
ot056,ot_network_admin,employee,2019-04-03,54.7,low,anomaly,No action; keep in the baseline,0,1,0.0,0,13218983,0.433681974863509,,43.2,50.8,49.2,48.1,63.3,73.6
vend077,vendor_technician,vendor,2019-04-05,54.7,low,egress,No action; keep in the baseline,0,6,0.0,0,15235501,0.4010319433832322,,43.2,87.3,49.2,48.1,40.5,79.5
mine103,mine_planner,employee,2019-04-16,54.7,low,egress,No action; keep in the baseline,0,3,0.0,0,17949398,0.4085349247434701,,43.2,66.4,49.2,48.1,46.6,85.4
cont001,control_room_operator,employee,2019-04-20,54.7,low,anomaly,No action; keep in the baseline,0,6,0.0,0,10735072,0.41562951181159846,,43.2,87.3,49.2,48.1,52.3,64.1
cont007,control_room_operator,employee,2019-04-01,54.7,low,egress,No action; keep in the baseline,0,3,0.0,0,13761254,0.41889750541154586,,43.2,66.4,49.2,48.1,54.3,75.4
vend076,vendor_technician,vendor,2019-04-07,54.6,low,priv_no_mfa,No action; keep in the baseline,0,0,1.0,0,4595829,0.4246042023019141,,43.2,23.9,49.2,97.2,57.8,32.8
vend070,vendor_technician,vendor,2019-04-07,54.6,low,anomaly,No action; keep in the baseline,1,0,0.0,0,1955608,0.478014970724119,,92.1,23.9,49.2,48.1,81.5,17.6
main043,maintenance_engineer,employee,2019-04-05,54.6,low,anomaly,No action; keep in the baseline,0,4,0.0,0,9881104,0.428668325876477,,43.2,75.0,49.2,48.1,60.4,60.6
main032,maintenance_engineer,employee,2019-04-29,54.6,low,failures,No action; keep in the baseline,1,2,0.0,0,553663,0.44395922589997305,,92.1,57.6,49.2,48.1,68.9,11.9
cont018,control_room_operator,employee,2019-04-12,54.6,low,egress,No action; keep in the baseline,0,0,0.0,0,21871318,0.4335903779518554,,43.2,23.9,49.2,48.1,63.1,90.9
main043,maintenance_engineer,employee,2019-04-24,54.6,low,anomaly,No action; keep in the baseline,1,0,0.0,0,0,0.5239270986565989,,92.1,23.9,49.2,48.1,90.5,5.1
ot054,ot_network_admin,employee,2019-04-26,54.5,low,anomaly,No action; keep in the baseline,0,6,0.0,0,9551966,0.4197149099121031,,43.2,87.3,49.2,48.1,55.1,58.7
vend075,vendor_technician,vendor,2019-04-02,54.5,low,anomaly,No action; keep in the baseline,1,0,0.0,0,2519806,0.4701631975206623,,92.1,23.9,49.2,48.1,79.0,20.4
main048,maintenance_engineer,employee,2019-04-16,54.5,low,egress,No action; keep in the baseline,0,5,0.0,0,17685151,0.3990073969076067,,43.2,82.0,49.2,48.1,38.1,84.9
cont020,control_room_operator,employee,2019-04-04,54.5,low,egress,No action; keep in the baseline,0,5,0.0,0,11990374,0.41323070060208783,,43.2,82.0,49.2,48.1,50.0,68.9
cont085,contractor_surveyor,contractor,2019-04-18,54.5,low,anomaly,No action; keep in the baseline,0,0,0.0,0,14171300,0.45430933298694826,,43.2,23.9,49.2,48.1,73.5,76.6
cont016,control_room_operator,employee,2019-04-14,54.5,low,failures,No action; keep in the baseline,1,0,0.0,0,4842972,0.44291890145053037,,92.1,23.9,49.2,48.1,68.5,34.2
main028,maintenance_engineer,employee,2019-04-23,54.5,low,anomaly,No action; keep in the baseline,1,2,0.0,0,106226,0.4451026333673269,,92.1,57.6,49.2,48.1,69.3,10.6
it068,it_service_desk,employee,2019-04-21,54.5,low,anomaly,No action; keep in the baseline,1,0,0.0,0,2377425,0.471072132202927,,92.1,23.9,49.2,48.1,79.3,19.4
cont001,control_room_operator,employee,2019-04-27,54.5,low,anomaly,No action; keep in the baseline,0,2,0.0,0,6537555,0.47673898003238424,,43.2,57.6,49.2,48.1,81.1,43.9
vend072,vendor_technician,vendor,2019-04-25,54.5,low,anomaly,No action; keep in the baseline,0,0,0.0,0,16367732,0.4451998071355294,,43.2,23.9,49.2,48.1,69.4,82.1
main031,maintenance_engineer,employee,2019-04-11,54.4,low,anomaly,No action; keep in the baseline,1,0,0.0,0,3737656,0.45204951221639783,,92.1,23.9,49.2,48.1,72.6,27.8
cont026,control_room_operator,employee,2019-04-03,54.4,low,egress,No action; keep in the baseline,0,6,0.0,0,16360112,0.39783377151003796,,43.2,87.3,49.2,48.1,37.2,82.1
it066,it_service_desk,employee,2019-04-29,54.4,low,anomaly,No action; keep in the baseline,0,0,0.0,0,11187767,0.4756259954422789,,43.2,23.9,49.2,48.1,80.7,66.0
cont014,control_room_operator,employee,2019-04-23,54.4,low,anomaly,No action; keep in the baseline,0,8,0.0,0,6831473,0.43002387855057717,,43.2,94.0,49.2,48.1,61.0,45.5
main036,maintenance_engineer,employee,2019-04-22,54.4,low,anomaly,No action; keep in the baseline,0,6,0.0,0,8856052,0.42292774634419483,,43.2,87.3,49.2,48.1,56.9,55.7
vend073,vendor_technician,vendor,2019-04-13,54.4,low,failures,No action; keep in the baseline,1,0,0.0,0,4648049,0.44382980672074335,,92.1,23.9,49.2,48.1,68.9,33.1
ot056,ot_network_admin,employee,2019-04-06,54.4,low,anomaly,No action; keep in the baseline,0,5,0.0,0,10830401,0.4169060419135192,,43.2,82.0,49.2,48.1,53.2,64.5
mine098,mine_planner,employee,2019-04-24,54.4,low,anomaly,No action; keep in the baseline,0,0,0.0,0,15880431,0.44590812252177403,,43.2,23.9,49.2,48.1,69.7,81.1
vend075,vendor_technician,vendor,2019-04-25,54.3,low,anomaly,No action; keep in the baseline,0,5,0.0,0,7867671,0.4328661060822718,,43.2,82.0,49.2,48.1,62.6,51.1
main044,maintenance_engineer,employee,2019-04-01,54.3,low,failures,No action; keep in the baseline,1,0,0.0,0,5317244,0.4378633221741129,,92.1,23.9,49.2,48.1,65.3,37.2
mine097,mine_planner,employee,2019-04-25,54.3,low,egress,No action; keep in the baseline,0,0,0.0,0,21718873,0.43171975114388855,,43.2,23.9,49.2,48.1,61.7,90.8
cont084,contractor_surveyor,contractor,2019-04-03,54.3,low,anomaly,No action; keep in the baseline,1,0,0.0,0,3737264,0.45156262782488166,,92.1,23.9,49.2,48.1,72.4,27.7
cont004,control_room_operator,employee,2019-04-06,54.2,low,anomaly,No action; keep in the baseline,0,4,0.0,0,11140813,0.4191625905961382,,43.2,75.0,49.2,48.1,54.5,65.7
it064,it_service_desk,employee,2019-04-25,54.2,low,egress,No action; keep in the baseline,0,4,0.0,0,12706575,0.41349985521647975,,43.2,75.0,49.2,48.1,50.2,71.5
main049,maintenance_engineer,employee,2019-04-30,54.2,low,anomaly,No action; keep in the baseline,0,6,0.0,0,6670879,0.4349317080712669,,43.2,87.3,49.2,48.1,63.9,44.7
mine101,mine_planner,employee,2019-04-28,54.1,low,anomaly,No action; keep in the baseline,1,0,0.0,0,0,0.504848801112937,,92.1,23.9,49.2,48.1,88.2,5.1
it066,it_service_desk,employee,2019-04-20,54.1,low,anomaly,No action; keep in the baseline,1,0,0.0,0,0,0.504848801112937,,92.1,23.9,49.2,48.1,88.2,5.1
supe106,supervisor,employee,2019-04-05,54.1,low,anomaly,No action; keep in the baseline,0,4,0.0,0,6419206,0.4474465003950282,,43.2,75.0,49.2,48.1,70.6,43.4
vend071,vendor_technician,vendor,2019-04-01,54.1,low,egress,No action; keep in the baseline,0,0,0.0,0,25279236,0.4247997182527745,,43.2,23.9,49.2,48.1,58.0,94.7
it064,it_service_desk,employee,2019-04-24,54.1,low,anomaly,No action; keep in the baseline,1,0,0.0,0,786117,0.4807762383195198,,92.1,23.9,49.2,48.1,82.4,13.0
cont003,control_room_operator,employee,2019-04-19,54.0,low,egress,No action; keep in the baseline,0,6,0.0,0,12234438,0.4056811187233479,,43.2,87.3,49.2,48.1,44.1,69.7
ot054,ot_network_admin,employee,2019-04-06,54.0,low,egress,No action; keep in the baseline,0,4,0.0,0,11980604,0.4150324901749012,,43.2,75.0,49.2,48.1,51.5,68.7
ot057,ot_network_admin,employee,2019-04-26,54.0,low,anomaly,No action; keep in the baseline,0,0,0.0,0,9297216,0.4903257554131648,,43.2,23.9,49.2,48.1,84.8,57.9
cont014,control_room_operator,employee,2019-04-18,54.0,low,egress,No action; keep in the baseline,0,2,0.0,0,16603126,0.41253502982504914,,43.2,57.6,49.2,48.1,49.7,82.7
cont085,contractor_surveyor,contractor,2019-04-11,54.0,low,anomaly,No action; keep in the baseline,1,0,0.0,0,0,0.5020121518209301,,92.1,23.9,49.2,48.1,87.7,5.1
it059,it_service_desk,employee,2019-04-25,54.0,low,anomaly,No action; keep in the baseline,1,0,0.0,0,0,0.5020121518209301,,92.1,23.9,49.2,48.1,87.7,5.1
cont017,control_room_operator,employee,2019-04-07,54.0,low,egress,No action; keep in the baseline,0,1,0.0,0,14365018,0.42367287822594346,,43.2,50.8,49.2,48.1,57.3,77.0
cont024,control_room_operator,employee,2019-04-24,53.9,low,egress,No action; keep in the baseline,0,5,0.0,0,11576925,0.41042180074062173,,43.2,82.0,49.2,48.1,48.3,67.4
mine101,mine_planner,employee,2019-04-10,53.9,low,anomaly,No action; keep in the baseline,1,0,0.0,0,0,0.5009793966335605,,92.1,23.9,49.2,48.1,87.4,5.1
supe107,supervisor,employee,2019-04-17,53.9,low,egress,No action; keep in the baseline,0,3,0.0,0,15394526,0.4085486246532279,,43.2,66.4,49.2,48.1,46.6,80.0
main043,maintenance_engineer,employee,2019-04-04,53.9,low,anomaly,No action; keep in the baseline,0,5,0.0,0,6386326,0.43962667652553605,,43.2,82.0,49.2,48.1,66.5,43.2
ot057,ot_network_admin,employee,2019-04-05,53.9,low,anomaly,No action; keep in the baseline,1,0,0.0,0,0,0.5009793966335605,,92.1,23.9,49.2,48.1,87.4,5.1
cont088,contractor_surveyor,contractor,2019-04-19,53.9,low,egress,No action; keep in the baseline,0,3,0.0,0,12765423,0.41607465443898256,,43.2,66.4,49.2,48.1,52.7,71.8
main032,maintenance_engineer,employee,2019-04-05,53.9,low,egress,No action; keep in the baseline,0,5,0.0,0,14843639,0.40042000508515035,,43.2,82.0,49.2,48.1,39.8,78.6
cont013,control_room_operator,employee,2019-04-07,53.9,low,anomaly,No action; keep in the baseline,1,0,0.0,0,0,0.5009793966335605,,92.1,23.9,49.2,48.1,87.4,5.1
vend075,vendor_technician,vendor,2019-04-12,53.9,low,egress,No action; keep in the baseline,0,0,0.0,0,20802332,0.42888452349183276,,43.2,23.9,49.2,48.1,60.5,89.8
main032,maintenance_engineer,employee,2019-04-15,53.8,low,anomaly,No action; keep in the baseline,1,0,0.0,0,2492400,0.45978080759259043,,92.1,23.9,49.2,48.1,75.3,20.3
ot058,ot_network_admin,employee,2019-04-20,53.8,low,anomaly,No action; keep in the baseline,0,1,0.0,0,13299663,0.42580294642813676,,43.2,50.8,49.2,48.1,58.5,73.9
main040,maintenance_engineer,employee,2019-04-12,53.8,low,failures,No action; keep in the baseline,1,2,0.0,0,429320,0.43692902063906036,,92.1,57.6,49.2,48.1,64.9,11.6
cont079,contractor_surveyor,contractor,2019-04-30,53.8,low,egress,No action; keep in the baseline,0,0,0.0,0,21185620,0.4283691677096165,,43.2,23.9,49.2,48.1,59.9,90.1
cont004,control_room_operator,employee,2019-04-22,53.8,low,external_foreign,No action; keep in the baseline,0,6,0.0,0,11058280,0.40854280892271494,,43.2,87.3,49.2,48.1,46.6,65.2
main027,maintenance_engineer,employee,2019-04-19,53.7,low,egress,No action; keep in the baseline,0,6,0.0,0,14679851,0.3965847931779101,,43.2,87.3,49.2,48.1,36.3,78.3
cont019,control_room_operator,employee,2019-04-11,53.7,low,anomaly,No action; keep in the baseline,0,5,0.0,0,9133491,0.41953008193597974,,43.2,82.0,49.2,48.1,54.8,57.1
cont006,control_room_operator,employee,2019-04-25,53.7,low,egress,No action; keep in the baseline,0,2,0.0,0,13378851,0.4187531476288221,,43.2,57.6,49.2,48.1,54.1,74.2
vend076,vendor_technician,vendor,2019-04-14,53.7,low,anomaly,No action; keep in the baseline,1,0,0.0,0,0,0.4963186448534004,,92.1,23.9,49.2,48.1,86.3,5.1
mine095,mine_planner,employee,2019-04-01,53.7,low,anomaly,No action; keep in the baseline,0,0,0.0,0,13736271,0.44736059164199554,,43.2,23.9,49.2,48.1,70.6,75.3
main050,maintenance_engineer,employee,2019-04-08,53.7,low,egress,No action; keep in the baseline,0,6,0.0,0,12179162,0.40394693182669983,,43.2,87.3,49.2,48.1,42.8,69.6
vend073,vendor_technician,vendor,2019-04-12,53.7,low,anomaly,No action; keep in the baseline,0,0,0.0,0,17369189,0.4345105790921604,,43.2,23.9,49.2,48.1,63.8,84.2
mine090,mine_planner,employee,2019-04-05,53.7,low,egress,No action; keep in the baseline,0,4,0.0,0,13891902,0.4058887829475549,,43.2,75.0,49.2,48.1,44.3,75.8
it062,it_service_desk,employee,2019-04-27,53.7,low,anomaly,No action; keep in the baseline,1,0,0.0,0,0,0.4963186448534004,,92.1,23.9,49.2,48.1,86.3,5.1
cont012,control_room_operator,employee,2019-04-18,53.6,low,anomaly,No action; keep in the baseline,0,5,0.0,0,8296701,0.4233920870926972,,43.2,82.0,49.2,48.1,57.2,53.3
supe113,supervisor,employee,2019-04-16,53.6,low,anomaly,No action; keep in the baseline,1,0,0.0,0,1781410,0.4653607091724059,,92.1,23.9,49.2,48.1,77.2,16.8
supe108,supervisor,employee,2019-04-01,53.6,low,egress,No action; keep in the baseline,0,2,0.0,0,13300775,0.41879636938645903,,43.2,57.6,49.2,48.1,54.2,74.0
cont080,contractor_surveyor,contractor,2019-04-07,53.6,low,anomaly,No action; keep in the baseline,0,0,0.0,0,14490867,0.44248305797211734,,43.2,23.9,49.2,48.1,68.1,77.5
main037,maintenance_engineer,employee,2019-04-10,53.6,low,egress,No action; keep in the baseline,0,4,0.0,0,13497502,0.4060657346186447,,43.2,75.0,49.2,48.1,44.5,74.7
mine101,mine_planner,employee,2019-04-30,53.6,low,egress,No action; keep in the baseline,0,0,0.0,0,18866319,0.4297573043036836,,43.2,23.9,49.2,48.1,60.9,87.0
supe113,supervisor,employee,2019-04-29,53.6,low,egress,No action; keep in the baseline,0,5,0.0,0,14436257,0.39981102585019135,,43.2,82.0,49.2,48.1,39.2,77.2
mine095,mine_planner,employee,2019-04-30,53.5,low,anomaly,No action; keep in the baseline,1,0,0.0,0,0,0.493512320266616,,92.1,23.9,49.2,48.1,85.5,5.1
cont009,control_room_operator,employee,2019-04-30,53.5,low,egress,No action; keep in the baseline,0,2,0.0,0,18985373,0.40517140082818903,,43.2,57.6,49.2,48.1,43.7,87.2
cont015,control_room_operator,employee,2019-04-22,53.5,low,anomaly,No action; keep in the baseline,1,0,0.0,0,0,0.493512320266616,,92.1,23.9,49.2,48.1,85.5,5.1
mine101,mine_planner,employee,2019-04-08,53.5,low,anomaly,No action; keep in the baseline,0,3,0.0,0,9817933,0.4276844513732981,,43.2,66.4,49.2,48.1,59.6,60.1
it062,it_service_desk,employee,2019-04-10,53.5,low,anomaly,No action; keep in the baseline,0,0,0.0,0,12646050,0.4520511408135346,,43.2,23.9,49.2,48.1,72.6,71.2
vend071,vendor_technician,vendor,2019-04-02,53.5,low,egress,No action; keep in the baseline,0,7,0.0,0,13344879,0.3972198331943745,,43.2,91.1,49.2,48.1,36.9,74.1
ot052,ot_network_admin,employee,2019-04-08,53.4,low,egress,No action; keep in the baseline,0,4,0.0,0,11946573,0.4102802713317957,,43.2,75.0,49.2,48.1,48.2,68.6
vend077,vendor_technician,vendor,2019-04-25,53.4,low,egress,No action; keep in the baseline,0,0,0.0,0,17659681,0.4313692895382137,,43.2,23.9,49.2,48.1,61.6,84.8
ot053,ot_network_admin,employee,2019-04-03,53.4,low,anomaly,No action; keep in the baseline,0,0,0.0,0,14525420,0.4401271192698373,,43.2,23.9,49.2,48.1,66.9,77.7
mine093,mine_planner,employee,2019-04-24,53.4,low,anomaly,No action; keep in the baseline,0,0,0.0,0,15411137,0.43778575280998805,,43.2,23.9,49.2,48.1,65.3,80.1
main030,maintenance_engineer,employee,2019-04-16,53.4,low,anomaly,No action; keep in the baseline,1,0,0.0,0,0,0.49146266946154715,,92.1,23.9,49.2,48.1,85.0,5.1
cont008,control_room_operator,employee,2019-04-07,53.4,low,egress,No action; keep in the baseline,0,6,0.0,0,11722063,0.40373034958627374,,43.2,87.3,49.2,48.1,42.7,68.0
cont012,control_room_operator,employee,2019-04-17,53.4,low,anomaly,No action; keep in the baseline,0,5,0.0,0,2928947,0.47028515435761564,,43.2,82.0,49.2,48.1,79.1,23.0
main028,maintenance_engineer,employee,2019-04-10,53.4,low,anomaly,No action; keep in the baseline,0,5,0.0,0,9936280,0.4141201399451769,,43.2,82.0,49.2,48.1,50.6,60.8
it059,it_service_desk,employee,2019-04-01,53.4,low,priv_no_mfa,No action; keep in the baseline,0,0,1.0,0,3001255,0.4255234262572155,,43.2,23.9,49.2,97.2,58.4,23.5
mine098,mine_planner,employee,2019-04-26,53.3,low,anomaly,No action; keep in the baseline,0,0,0.0,0,11607223,0.45602826787249595,,43.2,23.9,49.2,48.1,74.2,67.5
mine098,mine_planner,employee,2019-04-04,53.3,low,egress,No action; keep in the baseline,0,0,0.0,0,18360021,0.4287878973524771,,43.2,23.9,49.2,48.1,60.5,86.1
mine096,mine_planner,employee,2019-04-15,53.3,low,failures,No action; keep in the baseline,1,0,0.0,0,5555206,0.4269350963749217,,92.1,23.9,49.2,48.1,59.1,38.9
cont026,control_room_operator,employee,2019-04-02,53.3,low,egress,No action; keep in the baseline,0,0,0.0,0,18895232,0.42790545989898965,,43.2,23.9,49.2,48.1,59.7,87.1
it062,it_service_desk,employee,2019-04-30,53.3,low,anomaly,No action; keep in the baseline,0,6,0.0,0,5599078,0.434446558814725,,43.2,87.3,49.2,48.1,63.7,39.0
mine090,mine_planner,employee,2019-04-22,53.3,low,egress,No action; keep in the baseline,0,1,0.0,0,20839768,0.40580052231089914,,43.2,50.8,49.2,48.1,44.2,89.9
ot054,ot_network_admin,employee,2019-04-18,53.3,low,failures,No action; keep in the baseline,1,0,0.0,0,3508155,0.4426955480969907,,92.1,23.9,49.2,48.1,68.2,26.5
ot056,ot_network_admin,employee,2019-04-25,53.3,low,egress,No action; keep in the baseline,0,3,0.0,0,13677816,0.4093527910883228,,43.2,66.4,49.2,48.1,47.5,75.1
cont006,control_room_operator,employee,2019-04-12,53.3,low,anomaly,No action; keep in the baseline,0,0,0.0,0,16709329,0.4329910803708837,,43.2,23.9,49.2,48.1,62.8,82.9
supe113,supervisor,employee,2019-04-22,53.2,low,egress,No action; keep in the baseline,0,3,0.0,0,19580294,0.3972607013395826,,43.2,66.4,49.2,48.1,36.9,88.2
main047,maintenance_engineer,employee,2019-04-19,53.2,low,anomaly,No action; keep in the baseline,0,5,0.0,0,5255794,0.44177729429693,,43.2,82.0,49.2,48.1,67.7,36.7
cont006,control_room_operator,employee,2019-04-18,53.2,low,anomaly,No action; keep in the baseline,0,3,0.0,0,9647977,0.4261674536969839,,43.2,66.4,49.2,48.1,58.6,59.3
main049,maintenance_engineer,employee,2019-04-15,53.2,low,anomaly,No action; keep in the baseline,0,0,0.0,0,16629479,0.4325757856120721,,43.2,23.9,49.2,48.1,62.4,82.7
mine093,mine_planner,employee,2019-04-01,53.1,low,egress,No action; keep in the baseline,0,4,0.0,0,11296762,0.41079479559063836,,43.2,75.0,49.2,48.1,48.6,66.5
it068,it_service_desk,employee,2019-04-30,53.1,low,priv_no_mfa,No action; keep in the baseline,0,0,1.0,0,2797802,0.4247330114483021,,43.2,23.9,49.2,97.2,57.9,22.2
cont026,control_room_operator,employee,2019-04-17,53.1,low,external_foreign,No action; keep in the baseline,0,8,0.0,0,10601012,0.40139326400203207,,43.2,94.0,49.2,48.1,40.9,63.7
cont006,control_room_operator,employee,2019-04-29,53.1,low,anomaly,No action; keep in the baseline,1,0,0.0,0,2316606,0.4527025731785611,,92.1,23.9,49.2,48.1,72.9,19.0
mine095,mine_planner,employee,2019-04-21,53.1,low,egress,No action; keep in the baseline,0,0,0.0,0,17089761,0.43069756399834824,,43.2,23.9,49.2,48.1,61.3,83.5
main034,maintenance_engineer,employee,2019-04-18,53.1,low,egress,No action; keep in the baseline,0,4,0.0,0,18563458,0.3928782292229542,,43.2,75.0,49.2,48.1,33.5,86.3
it068,it_service_desk,employee,2019-04-19,53.0,low,priv_no_mfa,No action; keep in the baseline,0,0,1.0,0,2762108,0.42477923379799304,,43.2,23.9,49.2,97.2,58.0,22.0
it059,it_service_desk,employee,2019-04-15,53.0,low,anomaly,No action; keep in the baseline,0,0,0.0,0,11763412,0.45099930736523547,,43.2,23.9,49.2,48.1,72.1,68.2
main034,maintenance_engineer,employee,2019-04-27,53.0,low,anomaly,No action; keep in the baseline,0,9,0.0,0,7447879,0.41453180757595953,,43.2,96.0,49.2,48.1,50.8,48.9
ot057,ot_network_admin,employee,2019-04-01,53.0,low,anomaly,No action; keep in the baseline,0,0,0.0,0,9990940,0.465512586480716,,43.2,23.9,49.2,48.1,77.3,61.0
main044,maintenance_engineer,employee,2019-04-22,53.0,low,egress,No action; keep in the baseline,0,0,0.0,0,18441085,0.42619120782748277,,43.2,23.9,49.2,48.1,58.7,86.2
cont087,contractor_surveyor,contractor,2019-04-23,53.0,low,failures,No action; keep in the baseline,1,0,0.0,0,3256114,0.4415000891464349,,92.1,23.9,49.2,48.1,67.7,25.2
cont001,control_room_operator,employee,2019-04-18,53.0,low,anomaly,No action; keep in the baseline,0,7,0.0,0,4133369,0.44009440939705535,,43.2,91.1,49.2,48.1,66.9,30.2
cont089,contractor_surveyor,contractor,2019-04-04,52.9,low,egress,No action; keep in the baseline,0,3,0.0,0,12072372,0.4129500440612967,,43.2,66.4,49.2,48.1,49.9,69.2
main029,maintenance_engineer,employee,2019-04-10,52.9,low,anomaly,No action; keep in the baseline,1,0,0.0,0,0,0.48040395168463146,,92.1,23.9,49.2,48.1,82.3,5.1
supe114,supervisor,employee,2019-04-23,52.9,low,anomaly,No action; keep in the baseline,1,0,0.0,0,0,0.48093600419318494,,92.1,23.9,49.2,48.1,82.5,5.1
ot055,ot_network_admin,employee,2019-04-09,52.9,low,anomaly,No action; keep in the baseline,1,0,0.0,0,0,0.47981190032148824,,92.1,23.9,49.2,48.1,82.1,5.1
ot054,ot_network_admin,employee,2019-04-20,52.9,low,anomaly,No action; keep in the baseline,1,0,0.0,0,0,0.48040395168463146,,92.1,23.9,49.2,48.1,82.3,5.1
it061,it_service_desk,employee,2019-04-27,52.9,low,anomaly,No action; keep in the baseline,1,0,0.0,0,0,0.48040395168463146,,92.1,23.9,49.2,48.1,82.3,5.1
mine093,mine_planner,employee,2019-04-11,52.9,low,anomaly,No action; keep in the baseline,0,3,0.0,0,10117945,0.4202674615498685,,43.2,66.4,49.2,48.1,55.4,61.7
cont022,control_room_operator,employee,2019-04-01,52.9,low,anomaly,No action; keep in the baseline,0,0,0.0,0,15896899,0.4322069598589376,,43.2,23.9,49.2,48.1,61.9,81.1
vend076,vendor_technician,vendor,2019-04-09,52.9,low,anomaly,No action; keep in the baseline,0,0,0.0,0,15207517,0.4341763109092379,,43.2,23.9,49.2,48.1,63.5,79.4
cont026,control_room_operator,employee,2019-04-18,52.9,low,egress,No action; keep in the baseline,0,4,0.0,0,13363252,0.40247718239306973,,43.2,75.0,49.2,48.1,41.7,74.2
supe110,supervisor,employee,2019-04-11,52.9,low,egress,No action; keep in the baseline,0,6,0.0,0,11216167,0.40239495925533425,,43.2,87.3,49.2,48.1,41.5,66.1
mine093,mine_planner,employee,2019-04-02,52.9,low,anomaly,No action; keep in the baseline,1,0,0.0,0,0,0.48040395168463146,,92.1,23.9,49.2,48.1,82.3,5.1
supe114,supervisor,employee,2019-04-09,52.9,low,anomaly,No action; keep in the baseline,1,0,0.0,0,0,0.47981190032148824,,92.1,23.9,49.2,48.1,82.1,5.1
cont019,control_room_operator,employee,2019-04-28,52.9,low,anomaly,No action; keep in the baseline,0,4,0.0,0,4108429,0.45694767370437966,,43.2,75.0,49.2,48.1,74.6,30.1
it064,it_service_desk,employee,2019-04-04,52.9,low,egress,No action; keep in the baseline,0,0,0.0,0,16407031,0.4306799550522233,,43.2,23.9,49.2,48.1,61.3,82.2
it065,it_service_desk,employee,2019-04-17,52.9,low,anomaly,No action; keep in the baseline,1,0,0.0,0,0,0.48040395168463146,,92.1,23.9,49.2,48.1,82.3,5.1
main038,maintenance_engineer,employee,2019-04-22,52.9,low,anomaly,No action; keep in the baseline,0,1,0.0,0,8008394,0.44767691578818525,,43.2,50.8,49.2,48.1,70.7,51.7
vend073,vendor_technician,vendor,2019-04-22,52.8,low,anomaly,No action; keep in the baseline,1,0,0.0,0,2080296,0.4513905232569107,,92.1,23.9,49.2,48.1,72.3,18.0
main048,maintenance_engineer,employee,2019-04-12,52.8,low,egress,No action; keep in the baseline,0,4,0.0,0,13842896,0.4005457450058152,,43.2,75.0,49.2,48.1,40.0,75.6
cont006,control_room_operator,employee,2019-04-16,52.8,low,egress,No action; keep in the baseline,0,4,0.0,0,17396528,0.39329590891730976,,43.2,75.0,49.2,48.1,33.7,84.3
it064,it_service_desk,employee,2019-04-19,52.8,low,egress,No action; keep in the baseline,0,0,0.0,0,17386895,0.42665536149965483,,43.2,23.9,49.2,48.1,59.0,84.2
cont016,control_room_operator,employee,2019-04-20,52.8,low,egress,No action; keep in the baseline,0,0,0.0,0,19583460,0.4221008921200595,,43.2,23.9,49.2,48.1,56.3,88.2
supe111,supervisor,employee,2019-04-27,52.8,low,anomaly,No action; keep in the baseline,0,4,0.0,0,7144607,0.431500906609305,,43.2,75.0,49.2,48.1,61.6,46.9
ot056,ot_network_admin,employee,2019-04-15,52.8,low,anomaly,No action; keep in the baseline,0,2,0.0,0,8368206,0.4376063396370921,,43.2,57.6,49.2,48.1,65.2,53.8
cont088,contractor_surveyor,contractor,2019-04-23,52.8,low,egress,No action; keep in the baseline,0,0,0.0,0,19041248,0.4226452083845698,,43.2,23.9,49.2,48.1,56.8,87.4
cont019,control_room_operator,employee,2019-04-27,52.8,low,anomaly,No action; keep in the baseline,0,5,0.0,0,8136282,0.4181539854714792,,43.2,82.0,49.2,48.1,53.7,52.7
supe105,supervisor,employee,2019-04-18,52.8,low,anomaly,No action; keep in the baseline,1,0,0.0,0,0,0.4790260780671437,,92.1,23.9,49.2,48.1,81.7,5.1
cont026,control_room_operator,employee,2019-04-28,52.8,low,egress,No action; keep in the baseline,0,7,0.0,0,12873708,0.3941728951713657,,43.2,91.1,49.2,48.1,34.6,72.2
cont083,contractor_surveyor,contractor,2019-04-19,52.7,low,anomaly,No action; keep in the baseline,0,0,0.0,0,15617801,0.43043809203929134,,43.2,23.9,49.2,48.1,61.2,80.5
vend073,vendor_technician,vendor,2019-04-04,52.7,low,anomaly,No action; keep in the baseline,1,0,0.0,0,0,0.4771752301448482,,92.1,23.9,49.2,48.1,81.3,5.1
main035,maintenance_engineer,employee,2019-04-06,52.7,low,egress,No action; keep in the baseline,0,5,0.0,0,13051115,0.39886583454090907,,43.2,82.0,49.2,48.1,37.9,73.0
ot056,ot_network_admin,employee,2019-04-11,52.7,low,anomaly,No action; keep in the baseline,0,0,0.0,0,15360375,0.43190180092936153,,43.2,23.9,49.2,48.1,61.8,79.9
ot052,ot_network_admin,employee,2019-04-29,52.7,low,external_foreign,No action; keep in the baseline,0,8,0.0,0,9349646,0.40480295602895744,,43.2,94.0,49.2,48.1,43.4,58.0
cont023,control_room_operator,employee,2019-04-22,52.7,low,external_foreign,No action; keep in the baseline,0,5,0.0,0,10450117,0.4075283286483834,,43.2,82.0,49.2,48.1,45.7,63.0
mine097,mine_planner,employee,2019-04-29,52.7,low,failures,No action; keep in the baseline,1,0,0.0,0,3663675,0.43584457240979685,,92.1,23.9,49.2,48.1,64.4,27.5
main034,maintenance_engineer,employee,2019-04-11,52.7,low,egress,No action; keep in the baseline,0,7,0.0,0,13202982,0.3925518119806056,,43.2,91.1,49.2,48.1,33.3,73.5
supe105,supervisor,employee,2019-04-24,52.7,low,anomaly,No action; keep in the baseline,0,4,0.0,0,5396908,0.4423088744391242,,43.2,75.0,49.2,48.1,68.0,37.7
it068,it_service_desk,employee,2019-04-04,52.7,low,priv_no_mfa,No action; keep in the baseline,0,0,1.0,0,1891301,0.4281574051027485,,43.2,23.9,49.2,97.2,59.7,17.3
main040,maintenance_engineer,employee,2019-04-28,52.6,low,egress,No action; keep in the baseline,0,4,0.0,0,18573398,0.3897433748456301,,43.2,75.0,49.2,48.1,30.9,86.4
cont012,control_room_operator,employee,2019-04-10,52.6,low,anomaly,No action; keep in the baseline,0,2,0.0,0,9962912,0.42639809334730283,,43.2,57.6,49.2,48.1,58.7,61.0
it068,it_service_desk,employee,2019-04-07,52.6,low,priv_no_mfa,No action; keep in the baseline,0,0,1.0,0,1835724,0.4275143073837434,,43.2,23.9,49.2,97.2,59.5,17.1
cont019,control_room_operator,employee,2019-04-02,52.6,low,anomaly,No action; keep in the baseline,0,0,0.0,0,11607653,0.44801989000204245,,43.2,23.9,49.2,48.1,70.8,67.6
mine098,mine_planner,employee,2019-04-12,52.5,low,egress,No action; keep in the baseline,0,0,0.0,0,17285731,0.4242774655547287,,43.2,23.9,49.2,48.1,57.6,84.1
cont004,control_room_operator,employee,2019-04-10,52.5,low,anomaly,No action; keep in the baseline,0,9,0.0,0,4701507,0.4277359212273738,,43.2,96.0,49.2,48.1,59.6,33.4
supe105,supervisor,employee,2019-04-01,52.5,low,anomaly,No action; keep in the baseline,0,0,0.0,0,13035082,0.4389433915624951,,43.2,23.9,49.2,48.1,66.2,73.0
supe104,supervisor,employee,2019-04-09,52.5,low,egress,No action; keep in the baseline,0,3,0.0,0,13834238,0.40377544302966695,,43.2,66.4,49.2,48.1,42.7,75.6
mine101,mine_planner,employee,2019-04-04,52.5,low,egress,No action; keep in the baseline,0,0,0.0,0,18580266,0.4213634592697223,,43.2,23.9,49.2,48.1,56.1,86.4
cont002,control_room_operator,employee,2019-04-18,52.4,low,anomaly,No action; keep in the baseline,0,2,0.0,0,6821547,0.4451799982555007,,43.2,57.6,49.2,48.1,69.4,45.5
main038,maintenance_engineer,employee,2019-04-27,52.4,low,anomaly,No action; keep in the baseline,0,5,0.0,0,2599145,0.46123089462488875,,43.2,82.0,49.2,48.1,75.8,20.9
supe114,supervisor,employee,2019-04-06,52.4,low,failures,No action; keep in the baseline,1,0,0.0,0,3430220,0.43503238913970865,,92.1,23.9,49.2,48.1,64.1,26.0
supe109,supervisor,employee,2019-04-23,52.4,low,external_foreign,No action; keep in the baseline,0,6,0.0,0,10723912,0.4008986804468003,,43.2,87.3,49.2,48.1,40.4,64.0
cont009,control_room_operator,employee,2019-04-15,52.4,low,failures,No action; keep in the baseline,1,0,0.0,0,2432530,0.44382743531926255,,92.1,23.9,49.2,48.1,68.8,19.9
supe114,supervisor,employee,2019-04-14,52.4,low,anomaly,No action; keep in the baseline,0,3,0.0,0,9492348,0.4202879615696007,,43.2,66.4,49.2,48.1,55.5,58.4
cont006,control_room_operator,employee,2019-04-30,52.4,low,egress,No action; keep in the baseline,0,4,0.0,0,14823571,0.39653786241422956,,43.2,75.0,49.2,48.1,36.2,78.4
main049,maintenance_engineer,employee,2019-04-16,52.4,low,anomaly,No action; keep in the baseline,0,1,0.0,0,9225095,0.4349091995108328,,43.2,50.8,49.2,48.1,63.9,57.6
it063,it_service_desk,employee,2019-04-17,52.4,low,anomaly,No action; keep in the baseline,1,0,0.0,0,2344380,0.444349283001467,,92.1,23.9,49.2,48.1,69.2,19.2
it063,it_service_desk,employee,2019-04-19,52.4,low,anomaly,No action; keep in the baseline,0,4,0.0,0,8408286,0.4191182482116193,,43.2,75.0,49.2,48.1,54.5,54.0
vend077,vendor_technician,vendor,2019-04-30,52.4,low,failures,No action; keep in the baseline,1,0,0.0,0,4834461,0.42461052271208644,,92.1,23.9,49.2,48.1,57.8,34.1
vend077,vendor_technician,vendor,2019-04-10,52.3,low,anomaly,No action; keep in the baseline,0,0,0.0,0,12058745,0.44256671527042246,,43.2,23.9,49.2,48.1,68.2,69.1
cont003,control_room_operator,employee,2019-04-18,52.3,low,external_foreign,No action; keep in the baseline,0,7,0.0,0,8525065,0.407081782268039,,43.2,91.1,49.2,48.1,45.4,54.4
ot053,ot_network_admin,employee,2019-04-08,52.3,low,egress,No action; keep in the baseline,0,5,0.0,0,13307756,0.3947828351797956,,43.2,82.0,49.2,48.1,35.1,74.0
ot054,ot_network_admin,employee,2019-04-23,52.3,low,anomaly,No action; keep in the baseline,0,0,0.0,0,14227834,0.4327112518035977,,43.2,23.9,49.2,48.1,62.5,76.8
vend070,vendor_technician,vendor,2019-04-29,52.3,low,anomaly,No action; keep in the baseline,0,3,0.0,0,1778553,0.49452124321933016,,43.2,66.4,49.2,48.1,85.9,16.7
ot056,ot_network_admin,employee,2019-04-26,52.2,low,anomaly,No action; keep in the baseline,0,3,0.0,0,8353109,0.42421969190774395,,43.2,66.4,49.2,48.1,57.5,53.8
main048,maintenance_engineer,employee,2019-04-03,52.2,low,egress,No action; keep in the baseline,0,5,0.0,0,12004306,0.3995283164031397,,43.2,82.0,49.2,48.1,38.7,68.9
ot058,ot_network_admin,employee,2019-04-05,52.2,low,anomaly,No action; keep in the baseline,0,2,0.0,0,10549214,0.4194478864040894,,43.2,57.6,49.2,48.1,54.8,63.4
it060,it_service_desk,employee,2019-04-10,52.2,low,anomaly,No action; keep in the baseline,0,0,0.0,0,11893647,0.44233845056641885,,43.2,23.9,49.2,48.1,68.0,68.4
supe111,supervisor,employee,2019-04-06,52.2,low,anomaly,No action; keep in the baseline,0,2,0.0,0,7579533,0.43763706804848007,,43.2,57.6,49.2,48.1,65.2,49.7
cont006,control_room_operator,employee,2019-04-02,52.2,low,anomaly,No action; keep in the baseline,0,7,0.0,0,2966287,0.44280592959143844,,43.2,91.1,49.2,48.1,68.3,23.3
main046,maintenance_engineer,employee,2019-04-23,52.1,low,egress,No action; keep in the baseline,0,3,0.0,0,18739920,0.3915882469449882,,43.2,66.4,49.2,48.1,32.3,86.8
supe108,supervisor,employee,2019-04-27,52.1,low,anomaly,No action; keep in the baseline,0,4,0.0,0,3922839,0.4490814156634623,,43.2,75.0,49.2,48.1,71.4,28.9
it066,it_service_desk,employee,2019-04-14,52.1,low,anomaly,No action; keep in the baseline,0,0,0.0,0,13165121,0.434384792138992,,43.2,23.9,49.2,48.1,63.6,73.3
it059,it_service_desk,employee,2019-04-17,52.1,low,priv_no_mfa,No action; keep in the baseline,0,0,1.0,0,2385202,0.41986552586116094,,43.2,23.9,49.2,97.2,55.2,19.5
main039,maintenance_engineer,employee,2019-04-19,52.1,low,egress,No action; keep in the baseline,0,3,0.0,0,16831051,0.39490474159048167,,43.2,66.4,49.2,48.1,35.2,83.0
mine100,mine_planner,employee,2019-04-17,52.0,low,egress,No action; keep in the baseline,0,0,0.0,0,16127474,0.42335745574081385,,43.2,23.9,49.2,48.1,57.2,81.5
supe109,supervisor,employee,2019-04-11,52.0,low,egress,No action; keep in the baseline,0,4,0.0,0,16472501,0.3901413135003839,,43.2,75.0,49.2,48.1,31.2,82.4
cont017,control_room_operator,employee,2019-04-09,52.0,low,anomaly,No action; keep in the baseline,0,3,0.0,0,6902900,0.4329472751756235,,43.2,66.4,49.2,48.1,62.7,45.7
cont080,contractor_surveyor,contractor,2019-04-12,52.0,low,anomaly,No action; keep in the baseline,0,0,0.0,0,13755822,0.43179321486660244,,43.2,23.9,49.2,48.1,61.7,75.3
ot053,ot_network_admin,employee,2019-04-05,52.0,low,anomaly,No action; keep in the baseline,0,5,0.0,0,3401795,0.44592530899699007,,43.2,82.0,49.2,48.1,69.8,25.9
mine103,mine_planner,employee,2019-04-04,52.0,low,egress,No action; keep in the baseline,0,0,0.0,0,17240353,0.41985165943980424,,43.2,23.9,49.2,48.1,55.2,83.9
cont001,control_room_operator,employee,2019-04-19,52.0,low,anomaly,No action; keep in the baseline,0,0,0.0,0,13297973,0.43290374147477745,,43.2,23.9,49.2,48.1,62.7,73.9
cont023,control_room_operator,employee,2019-04-09,51.9,low,anomaly,No action; keep in the baseline,0,7,0.0,0,6039412,0.4168177146331282,,43.2,91.1,49.2,48.1,53.1,41.8
main028,maintenance_engineer,employee,2019-04-11,51.9,low,anomaly,No action; keep in the baseline,0,5,0.0,0,4734334,0.43448342428553566,,43.2,82.0,49.2,48.1,63.7,33.6
cont004,control_room_operator,employee,2019-04-17,51.9,low,egress,No action; keep in the baseline,0,4,0.0,0,12036037,0.40130277765357913,,43.2,75.0,49.2,48.1,40.8,68.9
vend076,vendor_technician,vendor,2019-04-02,51.9,low,priv_no_mfa,No action; keep in the baseline,0,0,1.0,0,2746823,0.4159415820702169,,43.2,23.9,49.2,97.2,52.6,21.8
it064,it_service_desk,employee,2019-04-01,51.9,low,egress,No action; keep in the baseline,0,0,0.0,0,15837871,0.4235314898728253,,43.2,23.9,49.2,48.1,57.2,80.8
cont085,contractor_surveyor,contractor,2019-04-01,51.9,low,anomaly,No action; keep in the baseline,0,1,0.0,0,10780598,0.42128877328186326,,43.2,50.8,49.2,48.1,55.9,64.3
main034,maintenance_engineer,employee,2019-04-19,51.9,low,egress,No action; keep in the baseline,0,0,0.0,0,22496393,0.4120692411565075,,43.2,23.9,49.2,48.1,49.2,91.6
mine101,mine_planner,employee,2019-04-02,51.9,low,egress,No action; keep in the baseline,0,0,0.0,0,17087590,0.42024448321067653,,43.2,23.9,49.2,48.1,55.4,83.5
cont011,control_room_operator,employee,2019-04-05,51.9,low,anomaly,No action; keep in the baseline,0,6,0.0,0,5392783,0.4243714093087924,,43.2,87.3,49.2,48.1,57.7,37.6
main039,maintenance_engineer,employee,2019-04-25,51.9,low,egress,No action; keep in the baseline,0,1,0.0,0,19358194,0.39941589408540945,,43.2,50.8,49.2,48.1,38.6,87.7
cont021,control_room_operator,employee,2019-04-25,51.9,low,anomaly,No action; keep in the baseline,0,5,0.0,0,7370998,0.4158874613341746,,43.2,82.0,49.2,48.1,52.5,48.4
it064,it_service_desk,employee,2019-04-12,51.8,low,egress,No action; keep in the baseline,0,0,0.0,0,15465877,0.4237227078692611,,43.2,23.9,49.2,48.1,57.3,80.2
cont014,control_room_operator,employee,2019-04-19,51.8,low,anomaly,No action; keep in the baseline,0,2,0.0,0,8957273,0.425572584381527,,43.2,57.6,49.2,48.1,58.4,56.0
vend072,vendor_technician,vendor,2019-04-12,51.8,low,anomaly,No action; keep in the baseline,0,0,0.0,0,12171094,0.43739515564697234,,43.2,23.9,49.2,48.1,65.0,69.6
cont086,contractor_surveyor,contractor,2019-04-17,51.8,low,external_foreign,No action; keep in the baseline,0,7,0.0,0,8308586,0.40505723256146964,,43.2,91.1,49.2,48.1,43.6,53.4
it061,it_service_desk,employee,2019-04-11,51.8,low,anomaly,No action; keep in the baseline,0,4,0.0,0,5709021,0.4319242034218379,,43.2,75.0,49.2,48.1,61.9,39.8
cont089,contractor_surveyor,contractor,2019-04-28,51.8,low,anomaly,No action; keep in the baseline,0,5,0.0,0,5896004,0.4241307127324755,,43.2,82.0,49.2,48.1,57.5,41.1
ot055,ot_network_admin,employee,2019-04-05,51.8,low,external_foreign,No action; keep in the baseline,0,4,0.0,0,9500170,0.40995619318710635,,43.2,75.0,49.2,48.1,47.9,58.5
vend074,vendor_technician,vendor,2019-04-24,51.7,low,anomaly,No action; keep in the baseline,0,0,0.0,0,8418678,0.4630352935288773,,43.2,23.9,49.2,48.1,76.3,54.1
it063,it_service_desk,employee,2019-04-25,51.7,low,egress,No action; keep in the baseline,0,2,0.0,0,12893371,0.40738095136144015,,43.2,57.6,49.2,48.1,45.7,72.3
cont006,control_room_operator,employee,2019-04-15,51.7,low,anomaly,No action; keep in the baseline,0,6,0.0,0,5175925,0.4247725970293871,,43.2,87.3,49.2,48.1,58.0,36.2
vend071,vendor_technician,vendor,2019-04-11,51.7,low,anomaly,No action; keep in the baseline,1,0,0.0,0,0,0.4631670970391712,,92.1,23.9,49.2,48.1,76.4,5.1
it064,it_service_desk,employee,2019-04-20,51.7,low,anomaly,No action; keep in the baseline,1,0,0.0,0,0,0.4631670970391712,,92.1,23.9,49.2,48.1,76.4,5.1
cont009,control_room_operator,employee,2019-04-29,51.7,low,external_foreign,No action; keep in the baseline,0,6,0.0,0,10057224,0.3997505062248605,,43.2,87.3,49.2,48.1,38.9,61.5
vend073,vendor_technician,vendor,2019-04-15,51.7,low,anomaly,No action; keep in the baseline,0,0,0.0,0,9238124,0.4552015313605176,,43.2,23.9,49.2,48.1,73.7,57.7
cont002,control_room_operator,employee,2019-04-26,51.7,low,anomaly,No action; keep in the baseline,0,8,0.0,0,1787392,0.445041887577165,,43.2,94.0,49.2,48.1,69.3,16.8
ot058,ot_network_admin,employee,2019-04-06,51.6,low,anomaly,No action; keep in the baseline,0,3,0.0,0,7186536,0.4276699992546003,,43.2,66.4,49.2,48.1,59.6,47.2
cont023,control_room_operator,employee,2019-04-02,51.6,low,anomaly,No action; keep in the baseline,0,4,0.0,0,7452947,0.4184201598778231,,43.2,75.0,49.2,48.1,53.9,49.0
mine102,mine_planner,employee,2019-04-02,51.6,low,egress,No action; keep in the baseline,0,0,0.0,0,17031309,0.4184860408008076,,43.2,23.9,49.2,48.1,53.9,83.4
main030,maintenance_engineer,employee,2019-04-14,51.6,low,priv_no_mfa,No action; keep in the baseline,0,0,1.0,0,558001,0.4248764916002283,,43.2,23.9,49.2,97.2,58.1,11.9
cont014,control_room_operator,employee,2019-04-09,51.6,low,anomaly,No action; keep in the baseline,1,0,0.0,0,0,0.4617989847973362,,92.1,23.9,49.2,48.1,76.0,5.1
it062,it_service_desk,employee,2019-04-26,51.6,low,external_foreign,No action; keep in the baseline,0,4,0.0,0,9556571,0.4085508633839974,,43.2,75.0,49.2,48.1,46.7,58.8
supe110,supervisor,employee,2019-04-19,51.6,low,egress,No action; keep in the baseline,0,4,0.0,0,12394332,0.39921962181396314,,43.2,75.0,49.2,48.1,38.4,70.1
it063,it_service_desk,employee,2019-04-02,51.6,low,anomaly,No action; keep in the baseline,1,0,0.0,0,0,0.4617989847973362,,92.1,23.9,49.2,48.1,76.0,5.1
supe109,supervisor,employee,2019-04-09,51.6,low,anomaly,No action; keep in the baseline,1,0,0.0,0,0,0.4617989847973362,,92.1,23.9,49.2,48.1,76.0,5.1
vend070,vendor_technician,vendor,2019-04-01,51.6,low,anomaly,No action; keep in the baseline,0,0,0.0,0,11892399,0.43705326328341565,,43.2,23.9,49.2,48.1,65.0,68.4
it065,it_service_desk,employee,2019-04-29,51.6,low,egress,No action; keep in the baseline,0,0,0.0,0,19612188,0.4128890339721715,,43.2,23.9,49.2,48.1,49.9,88.3
ot057,ot_network_admin,employee,2019-04-10,51.6,low,anomaly,No action; keep in the baseline,1,0,0.0,0,0,0.46061113064954723,,92.1,23.9,49.2,48.1,75.6,5.1
cont010,control_room_operator,employee,2019-04-19,51.5,low,external_foreign,No action; keep in the baseline,0,7,0.0,0,10488501,0.39424497355132126,,43.2,91.1,49.2,48.1,34.6,63.2
cont025,control_room_operator,employee,2019-04-21,51.5,low,anomaly,No action; keep in the baseline,0,6,0.0,0,3976344,0.43195474917188204,,43.2,87.3,49.2,48.1,61.9,29.4
vend069,vendor_technician,vendor,2019-04-19,51.5,low,egress,No action; keep in the baseline,0,5,0.0,0,12491349,0.39330745616272017,,43.2,82.0,49.2,48.1,33.8,70.5
ot053,ot_network_admin,employee,2019-04-30,51.5,low,external_foreign,No action; keep in the baseline,0,4,0.0,0,9057930,0.41027091784655983,,43.2,75.0,49.2,48.1,48.2,56.5
supe105,supervisor,employee,2019-04-21,51.5,low,external_foreign,No action; keep in the baseline,0,4,0.0,0,9445993,0.4085508633839974,,43.2,75.0,49.2,48.1,46.7,58.3
main045,maintenance_engineer,employee,2019-04-13,51.5,low,egress,No action; keep in the baseline,0,3,0.0,0,17666838,0.3901091324289781,,43.2,66.4,49.2,48.1,31.1,84.9
mine102,mine_planner,employee,2019-04-01,51.4,low,egress,No action; keep in the baseline,0,0,0.0,0,20070421,0.41115841282691196,,43.2,23.9,49.2,48.1,48.8,88.9
cont003,control_room_operator,employee,2019-04-09,51.4,low,egress,No action; keep in the baseline,0,2,0.0,0,15724316,0.3987444721146522,,43.2,57.6,49.2,48.1,37.8,80.7
cont081,contractor_surveyor,contractor,2019-04-03,51.4,low,failures,No action; keep in the baseline,1,0,0.0,0,2093728,0.43672389535820694,,92.1,23.9,49.2,48.1,64.8,18.1
main032,maintenance_engineer,employee,2019-04-11,51.4,low,egress,No action; keep in the baseline,0,0,0.0,0,19723194,0.4113621536071075,,43.2,23.9,49.2,48.1,49.0,88.4
cont005,control_room_operator,employee,2019-04-25,51.4,low,external_foreign,No action; keep in the baseline,0,7,0.0,0,7210408,0.4082452162029198,,43.2,91.1,49.2,48.1,46.3,47.4
main047,maintenance_engineer,employee,2019-04-05,51.4,low,anomaly,No action; keep in the baseline,0,3,0.0,0,6760740,0.42864222738443325,,43.2,66.4,49.2,48.1,60.3,45.1
vend075,vendor_technician,vendor,2019-04-27,51.3,low,anomaly,No action; keep in the baseline,0,0,0.0,0,9072593,0.4508938843969284,,43.2,23.9,49.2,48.1,72.1,56.7
cont008,control_room_operator,employee,2019-04-19,51.3,low,external_foreign,No action; keep in the baseline,0,7,0.0,0,7241029,0.4073406550913651,,43.2,91.1,49.2,48.1,45.6,47.7
main037,maintenance_engineer,employee,2019-04-29,51.3,low,anomaly,No action; keep in the baseline,0,2,0.0,0,3444569,0.4683816061775136,,43.2,57.6,49.2,48.1,78.5,26.2
cont026,control_room_operator,employee,2019-04-01,51.3,low,external_foreign,No action; keep in the baseline,0,8,0.0,0,9022383,0.3982506991279116,,43.2,94.0,49.2,48.1,37.5,56.3
main029,maintenance_engineer,employee,2019-04-17,51.3,low,anomaly,No action; keep in the baseline,0,1,0.0,0,8376004,0.4297348297131537,,43.2,50.8,49.2,48.1,60.9,53.9
vend072,vendor_technician,vendor,2019-04-14,51.3,low,external_foreign,No action; keep in the baseline,0,4,0.0,0,10299756,0.40327822663808477,,43.2,75.0,49.2,48.1,42.4,62.6
cont021,control_room_operator,employee,2019-04-21,51.2,low,egress,No action; keep in the baseline,0,5,0.0,0,13470999,0.3877882789762852,,43.2,82.0,49.2,48.1,29.2,74.6
mine091,mine_planner,employee,2019-04-24,51.2,low,anomaly,No action; keep in the baseline,0,4,0.0,0,7830603,0.41415985997532584,,43.2,75.0,49.2,48.1,50.6,50.9
cont006,control_room_operator,employee,2019-04-21,51.2,low,egress,No action; keep in the baseline,0,7,0.0,0,11670409,0.38860065205208344,,43.2,91.1,49.2,48.1,29.8,67.8
vend070,vendor_technician,vendor,2019-04-03,51.2,low,egress,No action; keep in the baseline,0,2,0.0,0,11403166,0.4091794648141817,,43.2,57.6,49.2,48.1,47.3,66.8
ot056,ot_network_admin,employee,2019-04-22,51.2,low,anomaly,No action; keep in the baseline,0,1,0.0,0,10692494,0.4168020918375108,,43.2,50.8,49.2,48.1,53.1,63.9
mine097,mine_planner,employee,2019-04-11,51.2,low,anomaly,No action; keep in the baseline,1,0,0.0,0,0,0.45552878903603333,,92.1,23.9,49.2,48.1,74.0,5.1
cont086,contractor_surveyor,contractor,2019-04-12,51.2,low,egress,No action; keep in the baseline,0,0,0.0,0,19893518,0.4097786716521453,,43.2,23.9,49.2,48.1,47.8,88.7
mine100,mine_planner,employee,2019-04-18,51.2,low,anomaly,No action; keep in the baseline,1,0,0.0,0,0,0.45552878903603333,,92.1,23.9,49.2,48.1,74.0,5.1
cont008,control_room_operator,employee,2019-04-23,51.2,low,external_foreign,No action; keep in the baseline,0,7,0.0,0,8016469,0.4027046367509021,,43.2,91.1,49.2,48.1,41.8,51.7
vend073,vendor_technician,vendor,2019-04-25,51.2,low,anomaly,No action; keep in the baseline,0,0,0.0,0,8819493,0.45239809511466095,,43.2,23.9,49.2,48.1,72.8,55.5
vend075,vendor_technician,vendor,2019-04-08,51.2,low,anomaly,No action; keep in the baseline,1,0,0.0,0,0,0.45536667645331674,,92.1,23.9,49.2,48.1,73.9,5.1
cont003,control_room_operator,employee,2019-04-29,51.2,low,anomaly,No action; keep in the baseline,1,0,0.0,0,0,0.45552878903603333,,92.1,23.9,49.2,48.1,74.0,5.1
main046,maintenance_engineer,employee,2019-04-24,51.2,low,failures,No action; keep in the baseline,1,0,0.0,0,1503877,0.43867232067502127,,92.1,23.9,49.2,48.1,65.9,15.5
supe108,supervisor,employee,2019-04-21,51.2,low,external_foreign,No action; keep in the baseline,0,4,0.0,0,8225016,0.41173406989463224,,43.2,75.0,49.2,48.1,49.1,53.0
cont012,control_room_operator,employee,2019-04-27,51.2,low,anomaly,No action; keep in the baseline,0,4,0.0,0,6624136,0.42056083391968657,,43.2,75.0,49.2,48.1,55.7,44.4
cont025,control_room_operator,employee,2019-04-11,51.1,low,egress,No action; keep in the baseline,0,0,0.0,0,15867832,0.4167613848333751,,43.2,23.9,49.2,48.1,53.0,80.9
supe111,supervisor,employee,2019-04-25,51.1,low,anomaly,No action; keep in the baseline,0,2,0.0,0,4565569,0.4517658648099667,,43.2,57.6,49.2,48.1,72.5,32.6
vend074,vendor_technician,vendor,2019-04-22,51.0,low,anomaly,No action; keep in the baseline,0,2,0.0,0,5385922,0.4424833564228635,,43.2,57.6,49.2,48.1,68.1,37.5
main047,maintenance_engineer,employee,2019-04-12,51.0,low,anomaly,No action; keep in the baseline,0,3,0.0,0,2960420,0.45638696601672796,,43.2,66.4,49.2,48.1,74.4,23.3
mine091,mine_planner,employee,2019-04-12,51.0,low,anomaly,No action; keep in the baseline,0,1,0.0,0,6709342,0.43887465371074724,,43.2,50.8,49.2,48.1,66.0,44.9
cont079,contractor_surveyor,contractor,2019-04-18,51.0,low,anomaly,No action; keep in the baseline,0,4,0.0,0,7632730,0.4135880908726155,,43.2,75.0,49.2,48.1,50.3,49.9
cont020,control_room_operator,employee,2019-04-18,51.0,low,external_foreign,No action; keep in the baseline,0,5,0.0,0,10690951,0.39672810740882175,,43.2,82.0,49.2,48.1,36.5,63.9
main044,maintenance_engineer,employee,2019-04-10,51.0,low,external_foreign,No action; keep in the baseline,0,4,0.0,0,8692842,0.4085490656299719,,43.2,75.0,49.2,48.1,46.7,55.1
supe107,supervisor,employee,2019-04-25,50.9,low,anomaly,No action; keep in the baseline,0,0,0.0,0,12943212,0.4257448234530401,,43.2,23.9,49.2,48.1,58.5,72.5
mine100,mine_planner,employee,2019-04-19,50.9,low,egress,No action; keep in the baseline,0,0,0.0,0,13798948,0.4213670619122167,,43.2,23.9,49.2,48.1,56.1,75.4
it065,it_service_desk,employee,2019-04-24,50.9,low,anomaly,No action; keep in the baseline,0,0,0.0,0,12091721,0.42984115542870294,,43.2,23.9,49.2,48.1,60.9,69.2
cont084,contractor_surveyor,contractor,2019-04-16,50.9,low,external_foreign,No action; keep in the baseline,0,5,0.0,0,10268918,0.39716250124677566,,43.2,82.0,49.2,48.1,36.7,62.4
main044,maintenance_engineer,employee,2019-04-25,50.9,low,egress,No action; keep in the baseline,0,0,0.0,0,17263983,0.413156234788247,,43.2,23.9,49.2,48.1,50.0,84.0
main042,maintenance_engineer,employee,2019-04-18,50.9,low,egress,No action; keep in the baseline,0,0,0.0,0,18064327,0.41121284314082185,,43.2,23.9,49.2,48.1,48.8,85.6
main033,maintenance_engineer,employee,2019-04-28,50.9,low,egress,No action; keep in the baseline,0,0,0.0,0,17400072,0.4121634405821318,,43.2,23.9,49.2,48.1,49.4,84.3
it061,it_service_desk,employee,2019-04-08,50.8,low,external_foreign,No action; keep in the baseline,0,5,0.0,0,11083325,0.3937671133444788,,43.2,82.0,49.2,48.1,34.0,65.4
cont022,control_room_operator,employee,2019-04-17,50.7,low,anomaly,No action; keep in the baseline,0,5,0.0,0,5388800,0.41930875274759133,,43.2,82.0,49.2,48.1,54.6,37.6
supe105,supervisor,employee,2019-04-12,50.7,low,external_foreign,No action; keep in the baseline,0,4,0.0,0,10981580,0.398294557651612,,43.2,75.0,49.2,48.1,37.6,64.9
cont002,control_room_operator,employee,2019-04-30,50.7,low,anomaly,No action; keep in the baseline,0,3,0.0,0,7755650,0.4162597194209188,,43.2,66.4,49.2,48.1,52.8,50.5
supe113,supervisor,employee,2019-04-15,50.7,low,egress,No action; keep in the baseline,0,4,0.0,0,11782621,0.39450001482150304,,43.2,75.0,49.2,48.1,34.9,68.2
ot052,ot_network_admin,employee,2019-04-01,50.7,low,egress,No action; keep in the baseline,0,1,0.0,0,17929707,0.3938165847555223,,43.2,50.8,49.2,48.1,34.1,85.4
it060,it_service_desk,employee,2019-04-08,50.7,low,anomaly,No action; keep in the baseline,0,0,0.0,0,7894393,0.4541723578321192,,43.2,23.9,49.2,48.1,73.4,51.2
vend071,vendor_technician,vendor,2019-04-05,50.7,low,egress,No action; keep in the baseline,0,3,0.0,0,12653320,0.3973965475193993,,43.2,66.4,49.2,48.1,37.0,71.2
main039,maintenance_engineer,employee,2019-04-17,50.6,low,external_foreign,No action; keep in the baseline,0,5,0.0,0,9787467,0.3977998438264566,,43.2,82.0,49.2,48.1,37.1,60.0
main028,maintenance_engineer,employee,2019-04-17,50.6,low,egress,No action; keep in the baseline,0,1,0.0,0,14678653,0.399947879559791,,43.2,50.8,49.2,48.1,39.4,78.3
main037,maintenance_engineer,employee,2019-04-06,50.6,low,anomaly,No action; keep in the baseline,0,0,0.0,0,11300174,0.4311287699722369,,43.2,23.9,49.2,48.1,61.5,66.5
main037,maintenance_engineer,employee,2019-04-15,50.6,low,anomaly,No action; keep in the baseline,0,0,0.0,0,10595330,0.43418849412120236,,43.2,23.9,49.2,48.1,63.5,63.6
supe109,supervisor,employee,2019-04-08,50.6,low,external_foreign,No action; keep in the baseline,0,5,0.0,0,9940560,0.39707064603610903,,43.2,82.0,49.2,48.1,36.7,60.9
main033,maintenance_engineer,employee,2019-04-10,50.6,low,anomaly,No action; keep in the baseline,0,0,0.0,0,6234531,0.47105606163456876,,43.2,23.9,49.2,48.1,79.3,42.6
mine091,mine_planner,employee,2019-04-28,50.6,low,anomaly,No action; keep in the baseline,0,3,0.0,0,2499823,0.4580527428457233,,43.2,66.4,49.2,48.1,74.7,20.3
it065,it_service_desk,employee,2019-04-02,50.5,low,egress,No action; keep in the baseline,0,2,0.0,0,15480918,0.39366698118880294,,43.2,57.6,49.2,48.1,33.9,80.3
cont025,control_room_operator,employee,2019-04-02,50.5,low,anomaly,No action; keep in the baseline,0,3,0.0,0,8096177,0.41381428436909384,,43.2,66.4,49.2,48.1,50.4,52.3
mine093,mine_planner,employee,2019-04-23,50.5,low,anomaly,No action; keep in the baseline,0,0,0.0,0,10091469,0.4363870862036778,,43.2,23.9,49.2,48.1,64.6,61.6
supe105,supervisor,employee,2019-04-05,50.5,low,anomaly,No action; keep in the baseline,0,0,0.0,0,8689993,0.44548594804468866,,43.2,23.9,49.2,48.1,69.6,54.9
supe108,supervisor,employee,2019-04-02,50.5,low,anomaly,No action; keep in the baseline,0,0,0.0,0,7622501,0.4540792851114634,,43.2,23.9,49.2,48.1,73.4,49.8
main040,maintenance_engineer,employee,2019-04-30,50.5,low,egress,No action; keep in the baseline,0,5,0.0,0,12599385,0.3872039279673319,,43.2,82.0,49.2,48.1,28.4,70.8
mine100,mine_planner,employee,2019-04-02,50.5,low,egress,No action; keep in the baseline,0,0,0.0,0,13441374,0.419687313330029,,43.2,23.9,49.2,48.1,55.1,74.5
cont007,control_room_operator,employee,2019-04-11,50.5,low,anomaly,No action; keep in the baseline,0,4,0.0,0,2333603,0.44851997428524143,,43.2,75.0,49.2,48.1,71.1,19.1
mine092,mine_planner,employee,2019-04-29,50.5,low,egress,No action; keep in the baseline,0,0,0.0,0,17624917,0.4092548699282629,,43.2,23.9,49.2,48.1,47.5,84.7
it062,it_service_desk,employee,2019-04-25,50.4,low,anomaly,No action; keep in the baseline,0,0,0.0,0,12678690,0.4226382577414562,,43.2,23.9,49.2,48.1,56.8,71.4
cont085,contractor_surveyor,contractor,2019-04-27,50.4,low,egress,No action; keep in the baseline,0,0,0.0,0,13551432,0.4186740058820708,,43.2,23.9,49.2,48.1,54.1,74.8
mine094,mine_planner,employee,2019-04-23,50.4,low,egress,No action; keep in the baseline,0,0,0.0,0,15348228,0.4137439711523269,,43.2,23.9,49.2,48.1,50.3,79.8
cont005,control_room_operator,employee,2019-04-13,50.4,low,egress,No action; keep in the baseline,0,3,0.0,0,16045408,0.38659289650550527,,43.2,66.4,49.2,48.1,28.0,81.4
mine100,mine_planner,employee,2019-04-03,50.4,low,egress,No action; keep in the baseline,0,1,0.0,0,14515945,0.3993647070397611,,43.2,50.8,49.2,48.1,38.6,77.6
cont022,control_room_operator,employee,2019-04-28,50.4,low,egress,No action; keep in the baseline,0,0,0.0,0,14491050,0.4156814020051958,,43.2,23.9,49.2,48.1,52.3,77.5
cont080,contractor_surveyor,contractor,2019-04-23,50.4,low,anomaly,No action; keep in the baseline,0,3,0.0,0,8251131,0.412198089914024,,43.2,66.4,49.2,48.1,49.4,53.1
cont087,contractor_surveyor,contractor,2019-04-22,50.4,low,egress,No action; keep in the baseline,0,0,0.0,0,17416860,0.4089185262934385,,43.2,23.9,49.2,48.1,47.1,84.4
supe107,supervisor,employee,2019-04-26,50.3,low,egress,No action; keep in the baseline,0,0,0.0,0,16524642,0.40998631351471465,,43.2,23.9,49.2,48.1,48.0,82.5
cont089,contractor_surveyor,contractor,2019-04-15,50.3,low,anomaly,No action; keep in the baseline,0,0,0.0,0,10932265,0.4299646381628915,,43.2,23.9,49.2,48.1,61.0,64.8
mine100,mine_planner,employee,2019-04-11,50.3,low,egress,No action; keep in the baseline,0,0,0.0,0,17757971,0.4077024673178832,,43.2,23.9,49.2,48.1,45.8,85.1
ot053,ot_network_admin,employee,2019-04-16,50.3,low,anomaly,No action; keep in the baseline,0,1,0.0,0,7265402,0.428763607535501,,43.2,50.8,49.2,48.1,60.4,47.8
cont017,control_room_operator,employee,2019-04-02,50.3,low,external_foreign,No action; keep in the baseline,0,4,0.0,0,8235151,0.4059098766964361,,43.2,75.0,49.2,48.1,44.3,53.0
cont004,control_room_operator,employee,2019-04-19,50.3,low,external_foreign,No action; keep in the baseline,0,6,0.0,0,9684512,0.3927633798040703,,43.2,87.3,49.2,48.1,33.4,59.5
vend075,vendor_technician,vendor,2019-04-05,50.3,low,external_foreign,No action; keep in the baseline,0,3,0.0,0,9083040,0.4077920226465759,,43.2,66.4,49.2,48.1,45.9,56.7
vend075,vendor_technician,vendor,2019-04-01,50.2,low,anomaly,No action; keep in the baseline,0,0,0.0,0,11894030,0.42485924199183106,,43.2,23.9,49.2,48.1,58.1,68.5
vend075,vendor_technician,vendor,2019-04-07,50.2,low,anomaly,No action; keep in the baseline,0,0,0.0,0,10982833,0.42892353479185297,,43.2,23.9,49.2,48.1,60.6,64.9
cont009,control_room_operator,employee,2019-04-22,50.2,low,external_foreign,No action; keep in the baseline,0,5,0.0,0,9748892,0.3949498224221994,,43.2,82.0,49.2,48.1,35.2,59.7
cont011,control_room_operator,employee,2019-04-29,50.1,low,anomaly,No action; keep in the baseline,0,5,0.0,0,1720685,0.440825055179422,,43.2,82.0,49.2,48.1,67.4,16.4
main036,maintenance_engineer,employee,2019-04-29,50.1,low,external_foreign,No action; keep in the baseline,0,3,0.0,0,7980758,0.41151633910170016,,43.2,66.4,49.2,48.1,49.1,51.5
mine091,mine_planner,employee,2019-04-27,50.1,low,anomaly,No action; keep in the baseline,0,4,0.0,0,3764785,0.43276228544327683,,43.2,75.0,49.2,48.1,62.5,27.9
cont022,control_room_operator,employee,2019-04-19,50.1,low,external_foreign,No action; keep in the baseline,0,7,0.0,0,5410478,0.4086541392530214,,43.2,91.1,49.2,48.1,47.0,37.9
main043,maintenance_engineer,employee,2019-04-22,50.1,low,external_foreign,No action; keep in the baseline,0,3,0.0,0,8101433,0.4105405093110352,,43.2,66.4,49.2,48.1,48.5,52.4
main035,maintenance_engineer,employee,2019-04-30,50.1,low,external_foreign,No action; keep in the baseline,0,5,0.0,0,10490041,0.39156229875006915,,43.2,82.0,49.2,48.1,32.3,63.2
vend077,vendor_technician,vendor,2019-04-17,50.0,low,egress,No action; keep in the baseline,0,0,0.0,0,20298686,0.40238828674423477,,43.2,23.9,49.2,48.1,41.4,89.1
cont004,control_room_operator,employee,2019-04-26,50.0,low,external_foreign,No action; keep in the baseline,0,3,0.0,0,11048180,0.3990679095285805,,43.2,66.4,49.2,48.1,38.1,65.2
cont078,contractor_surveyor,contractor,2019-04-26,50.0,low,egress,No action; keep in the baseline,0,4,0.0,0,15303820,0.38298083304396685,,43.2,75.0,49.2,48.1,23.2,79.7
cont005,control_room_operator,employee,2019-04-27,50.0,low,anomaly,No action; keep in the baseline,0,2,0.0,0,3557089,0.44880624924291723,,43.2,57.6,49.2,48.1,71.3,26.9
cont089,contractor_surveyor,contractor,2019-04-22,50.0,low,egress,No action; keep in the baseline,0,0,0.0,0,13233934,0.41672782894333876,,43.2,23.9,49.2,48.1,52.9,73.7
supe105,supervisor,employee,2019-04-04,50.0,low,anomaly,No action; keep in the baseline,0,4,0.0,0,3511698,0.43347358907305733,,43.2,75.0,49.2,48.1,63.0,26.5
mine100,mine_planner,employee,2019-04-09,49.9,low,external_foreign,No action; keep in the baseline,0,4,0.0,0,8442480,0.40252964816684444,,43.2,75.0,49.2,48.1,41.7,54.2
vend074,vendor_technician,vendor,2019-04-27,49.9,low,anomaly,No action; keep in the baseline,0,0,0.0,0,12107967,0.4213631351635856,,43.2,23.9,49.2,48.1,56.0,69.4
it065,it_service_desk,employee,2019-04-26,49.9,low,external_foreign,No action; keep in the baseline,0,6,0.0,0,7760943,0.39917216824863394,,43.2,87.3,49.2,48.1,38.1,50.6
main032,maintenance_engineer,employee,2019-04-13,49.9,low,external_foreign,No action; keep in the baseline,0,7,0.0,0,7033499,0.3999001667689729,,43.2,91.1,49.2,48.1,39.3,46.4
vend071,vendor_technician,vendor,2019-04-14,49.8,low,egress,No action; keep in the baseline,0,0,0.0,0,20880113,0.4002632652881697,,43.2,23.9,49.2,48.1,39.8,89.9
main029,maintenance_engineer,employee,2019-04-14,49.8,low,anomaly,No action; keep in the baseline,0,0,0.0,0,6927790,0.4531972836373049,,43.2,23.9,49.2,48.1,73.1,45.7
cont007,control_room_operator,employee,2019-04-26,49.8,low,external_foreign,No action; keep in the baseline,0,5,0.0,0,9473531,0.39412695676469517,,43.2,82.0,49.2,48.1,34.5,58.4
ot052,ot_network_admin,employee,2019-04-18,49.8,low,external_foreign,No action; keep in the baseline,0,2,0.0,0,9825130,0.40710780833451904,,43.2,57.6,49.2,48.1,45.5,60.2
cont023,control_room_operator,employee,2019-04-30,49.8,low,external_foreign,No action; keep in the baseline,0,4,0.0,0,10468939,0.3939807469774725,,43.2,75.0,49.2,48.1,34.3,63.1
cont008,control_room_operator,employee,2019-04-02,49.8,low,external_foreign,No action; keep in the baseline,0,6,0.0,0,8820854,0.39372561372159687,,43.2,87.3,49.2,48.1,33.9,55.6
mine094,mine_planner,employee,2019-04-15,49.8,low,egress,No action; keep in the baseline,0,0,0.0,0,14560834,0.41121837649584775,,43.2,23.9,49.2,48.1,48.9,77.8
cont019,control_room_operator,employee,2019-04-07,49.8,low,external_foreign,No action; keep in the baseline,0,4,0.0,0,6993344,0.4091470177103762,,43.2,75.0,49.2,48.1,47.3,46.1
cont016,control_room_operator,employee,2019-04-26,49.8,low,external_foreign,No action; keep in the baseline,0,4,0.0,0,7781281,0.4055750159881628,,43.2,75.0,49.2,48.1,44.0,50.6
ot057,ot_network_admin,employee,2019-04-25,49.8,low,anomaly,No action; keep in the baseline,0,0,0.0,0,10265330,0.4286264951915959,,43.2,23.9,49.2,48.1,60.3,62.4
cont087,contractor_surveyor,contractor,2019-04-11,49.8,low,egress,No action; keep in the baseline,0,3,0.0,0,12846205,0.39152881670956696,,43.2,66.4,49.2,48.1,32.3,72.1
vend077,vendor_technician,vendor,2019-04-15,49.7,low,external_foreign,No action; keep in the baseline,0,3,0.0,0,9877036,0.4005976096956914,,43.2,66.4,49.2,48.1,40.0,60.5
main045,maintenance_engineer,employee,2019-04-25,49.7,low,egress,No action; keep in the baseline,0,0,0.0,0,15236963,0.40870937244970723,,43.2,23.9,49.2,48.1,47.0,79.5
cont007,control_room_operator,employee,2019-04-20,49.7,low,anomaly,No action; keep in the baseline,0,1,0.0,0,6405350,0.4296277968016678,,43.2,50.8,49.2,48.1,60.7,43.3
main029,maintenance_engineer,employee,2019-04-16,49.7,low,anomaly,No action; keep in the baseline,0,6,0.0,0,2152641,0.4316117294819573,,43.2,87.3,49.2,48.1,61.6,18.3
supe108,supervisor,employee,2019-04-19,49.7,low,anomaly,No action; keep in the baseline,0,5,0.0,0,2766139,0.43103337727953894,,43.2,82.0,49.2,48.1,61.5,22.0
cont010,control_room_operator,employee,2019-04-07,49.7,low,external_foreign,No action; keep in the baseline,0,6,0.0,0,9605478,0.3898215243264255,,43.2,87.3,49.2,48.1,30.9,59.1
cont012,control_room_operator,employee,2019-04-08,49.7,low,external_foreign,No action; keep in the baseline,0,5,0.0,0,6137478,0.40773368479860345,,43.2,82.0,49.2,48.1,45.9,42.3
vend072,vendor_technician,vendor,2019-04-23,49.7,low,anomaly,No action; keep in the baseline,0,0,0.0,0,11598545,0.4214401458432749,,43.2,23.9,49.2,48.1,56.1,67.5
cont083,contractor_surveyor,contractor,2019-04-17,49.7,low,anomaly,No action; keep in the baseline,0,0,0.0,0,12644704,0.41779388531516204,,43.2,23.9,49.2,48.1,53.5,71.1
mine095,mine_planner,employee,2019-04-11,49.7,low,external_foreign,No action; keep in the baseline,0,3,0.0,0,8412780,0.40692362858798514,,43.2,66.4,49.2,48.1,45.3,54.0
main047,maintenance_engineer,employee,2019-04-02,49.6,low,egress,No action; keep in the baseline,0,0,0.0,0,13952559,0.41229361842053414,,43.2,23.9,49.2,48.1,49.5,76.0
it067,it_service_desk,employee,2019-04-25,49.6,low,anomaly,No action; keep in the baseline,0,0,0.0,0,9235400,0.4334402640041306,,43.2,23.9,49.2,48.1,63.0,57.7
cont010,control_room_operator,employee,2019-04-09,49.6,low,anomaly,No action; keep in the baseline,0,1,0.0,0,8044456,0.4181455451512954,,43.2,50.8,49.2,48.1,53.6,52.0
cont024,control_room_operator,employee,2019-04-18,49.6,low,external_foreign,No action; keep in the baseline,0,5,0.0,0,8965031,0.39476677156242623,,43.2,82.0,49.2,48.1,35.0,56.1
main042,maintenance_engineer,employee,2019-04-09,49.6,low,egress,No action; keep in the baseline,0,5,0.0,0,11473409,0.3849753338902809,,43.2,82.0,49.2,48.1,26.7,67.1
ot057,ot_network_admin,employee,2019-04-08,49.5,low,anomaly,No action; keep in the baseline,0,5,0.0,0,2589399,0.4301801284812343,,43.2,82.0,49.2,48.1,61.1,20.8
main045,maintenance_engineer,employee,2019-04-01,49.5,low,egress,No action; keep in the baseline,0,0,0.0,0,16551151,0.4052585843860487,,43.2,23.9,49.2,48.1,43.9,82.6
supe113,supervisor,employee,2019-04-08,49.5,low,external_foreign,No action; keep in the baseline,0,2,0.0,0,10618544,0.40211683504490187,,43.2,57.6,49.2,48.1,41.3,63.7
ot051,ot_network_admin,employee,2019-04-11,49.5,low,anomaly,No action; keep in the baseline,0,0,0.0,0,8705313,0.43553690070186807,,43.2,23.9,49.2,48.1,64.3,55.2
cont001,control_room_operator,employee,2019-04-06,49.5,low,anomaly,No action; keep in the baseline,0,6,0.0,0,1855940,0.43083140628275474,,43.2,87.3,49.2,48.1,61.4,17.1
mine091,mine_planner,employee,2019-05-01,49.5,low,anomaly,No action; keep in the baseline,0,2,0.0,0,221807,0.475148792839618,,43.2,57.6,49.2,48.1,80.5,11.1
it060,it_service_desk,employee,2019-04-05,49.5,low,anomaly,No action; keep in the baseline,0,3,0.0,0,4784024,0.4269483243711877,,43.2,66.4,49.2,48.1,59.2,33.9
vend071,vendor_technician,vendor,2019-04-15,49.4,low,egress,No action; keep in the baseline,0,2,0.0,0,12040408,0.3973149961050889,,43.2,57.6,49.2,48.1,36.9,69.0
cont025,control_room_operator,employee,2019-04-26,49.4,low,anomaly,No action; keep in the baseline,0,0,0.0,0,11558519,0.4193254544549695,,43.2,23.9,49.2,48.1,54.7,67.3
main032,maintenance_engineer,employee,2019-04-30,49.4,low,egress,No action; keep in the baseline,0,0,0.0,0,16700005,0.40429770894882416,,43.2,23.9,49.2,48.1,43.0,82.9
main043,maintenance_engineer,employee,2019-04-08,49.4,low,external_foreign,No action; keep in the baseline,0,4,0.0,0,6597534,0.40855756236071283,,43.2,75.0,49.2,48.1,46.8,44.2
main048,maintenance_engineer,employee,2019-04-04,49.3,low,egress,No action; keep in the baseline,0,3,0.0,0,13436766,0.38571912060200886,,43.2,66.4,49.2,48.1,27.6,74.5
supe104,supervisor,employee,2019-04-14,49.3,low,anomaly,No action; keep in the baseline,0,5,0.0,0,3492230,0.4210029787514361,,43.2,82.0,49.2,48.1,55.8,26.4
cont017,control_room_operator,employee,2019-04-29,49.3,low,anomaly,No action; keep in the baseline,0,3,0.0,0,6539373,0.4139956345835129,,43.2,66.4,49.2,48.1,50.5,43.9
cont020,control_room_operator,employee,2019-04-22,49.3,low,anomaly,No action; keep in the baseline,0,5,0.0,0,3770923,0.4196726705901634,,43.2,82.0,49.2,48.1,55.1,28.0
cont022,control_room_operator,employee,2019-04-15,49.3,low,external_foreign,No action; keep in the baseline,0,3,0.0,0,7023941,0.41141253150144935,,43.2,66.4,49.2,48.1,49.0,46.3
main032,maintenance_engineer,employee,2019-04-06,49.3,low,anomaly,No action; keep in the baseline,0,7,0.0,0,3989418,0.4121006893623148,,43.2,91.1,49.2,48.1,49.3,29.5
cont001,control_room_operator,employee,2019-04-16,49.3,low,external_foreign,No action; keep in the baseline,0,6,0.0,0,6592893,0.4004568569144775,,43.2,87.3,49.2,48.1,39.8,44.2
main028,maintenance_engineer,employee,2019-04-02,49.2,low,egress,No action; keep in the baseline,0,4,0.0,0,15076425,0.3805390150726152,,43.2,75.0,49.2,48.1,19.6,79.0
cont006,control_room_operator,employee,2019-04-03,49.2,low,egress,No action; keep in the baseline,0,0,0.0,0,16157668,0.4042233414341836,,43.2,23.9,49.2,48.1,42.9,81.6
mine103,mine_planner,employee,2019-04-02,49.2,low,external_foreign,No action; keep in the baseline,0,5,0.0,0,9364191,0.39058354316166377,,43.2,82.0,49.2,48.1,31.6,58.0
cont089,contractor_surveyor,contractor,2019-04-26,49.2,low,anomaly,No action; keep in the baseline,0,0,0.0,0,10361727,0.423162666081331,,43.2,23.9,49.2,48.1,57.0,62.8
ot053,ot_network_admin,employee,2019-04-26,49.2,low,anomaly,No action; keep in the baseline,0,0,0.0,0,8385112,0.43495740023131924,,43.2,23.9,49.2,48.1,64.0,53.9
cont001,control_room_operator,employee,2019-04-21,49.1,low,external_foreign,No action; keep in the baseline,0,6,0.0,0,4685037,0.40884237684039065,,43.2,87.3,49.2,48.1,47.1,33.4
cont003,control_room_operator,employee,2019-04-17,49.1,low,egress,No action; keep in the baseline,0,4,0.0,0,14111442,0.3812630052285326,,43.2,75.0,49.2,48.1,21.2,76.4
it064,it_service_desk,employee,2019-04-10,49.1,low,anomaly,No action; keep in the baseline,0,3,0.0,0,4729914,0.4240923885127856,,43.2,66.4,49.2,48.1,57.4,33.6
cont002,control_room_operator,employee,2019-04-06,49.1,low,anomaly,No action; keep in the baseline,0,0,0.0,0,11088509,0.41920572604644124,,43.2,23.9,49.2,48.1,54.6,65.4
main033,maintenance_engineer,employee,2019-04-18,49.1,low,anomaly,No action; keep in the baseline,0,0,0.0,0,9896819,0.42512333467728264,,43.2,23.9,49.2,48.1,58.3,60.6
supe106,supervisor,employee,2019-04-22,49.1,low,anomaly,No action; keep in the baseline,0,2,0.0,0,7746757,0.4120736559118871,,43.2,57.6,49.2,48.1,49.3,50.4
cont011,control_room_operator,employee,2019-04-10,49.0,low,egress,No action; keep in the baseline,0,0,0.0,0,16049746,0.40340330276971403,,43.2,23.9,49.2,48.1,42.5,81.4
cont010,control_room_operator,employee,2019-04-15,49.0,low,external_foreign,No action; keep in the baseline,0,4,0.0,0,8343965,0.3982031165054166,,43.2,75.0,49.2,48.1,37.5,53.7
cont025,control_room_operator,employee,2019-04-29,49.0,low,egress,No action; keep in the baseline,0,0,0.0,0,12354367,0.4148122759281022,,43.2,23.9,49.2,48.1,50.9,69.9
mine095,mine_planner,employee,2019-04-03,49.0,low,anomaly,No action; keep in the baseline,0,0,0.0,0,7910939,0.4363131626060286,,43.2,23.9,49.2,48.1,64.6,51.3
supe106,supervisor,employee,2019-04-16,49.0,low,anomaly,No action; keep in the baseline,0,3,0.0,0,5277555,0.41897790699193277,,43.2,66.4,49.2,48.1,54.4,36.9
cont021,control_room_operator,employee,2019-04-18,49.0,low,egress,No action; keep in the baseline,0,3,0.0,0,12772750,0.3869089606722641,,43.2,66.4,49.2,48.1,28.3,71.8
cont026,control_room_operator,employee,2019-04-12,49.0,low,egress,No action; keep in the baseline,0,3,0.0,0,15520994,0.3818155562184652,,43.2,66.4,49.2,48.1,21.9,80.3
supe105,supervisor,employee,2019-04-29,49.0,low,anomaly,No action; keep in the baseline,0,2,0.0,0,2457279,0.4491015480786468,,43.2,57.6,49.2,48.1,71.5,20.0
cont089,contractor_surveyor,contractor,2019-04-01,48.9,low,egress,No action; keep in the baseline,0,0,0.0,0,12140733,0.4143162040130547,,43.2,23.9,49.2,48.1,50.7,69.4
supe106,supervisor,employee,2019-04-09,48.9,low,anomaly,No action; keep in the baseline,0,0,0.0,0,5260799,0.4587526673968484,,43.2,23.9,49.2,48.1,75.0,36.8
cont020,control_room_operator,employee,2019-04-23,48.9,low,external_foreign,No action; keep in the baseline,0,2,0.0,0,10545999,0.3992087886748757,,43.2,57.6,49.2,48.1,38.3,63.3
cont014,control_room_operator,employee,2019-04-30,48.9,low,anomaly,No action; keep in the baseline,0,7,0.0,0,3201625,0.4145336655491678,,43.2,91.1,49.2,48.1,50.9,24.7
mine093,mine_planner,employee,2019-04-07,48.9,low,anomaly,No action; keep in the baseline,0,1,0.0,0,6857252,0.42009215932762134,,43.2,50.8,49.2,48.1,55.3,45.6
ot058,ot_network_admin,employee,2019-04-22,48.9,low,anomaly,No action; keep in the baseline,0,0,0.0,0,4843588,0.4649310852117158,,43.2,23.9,49.2,48.1,76.9,34.2
cont080,contractor_surveyor,contractor,2019-04-17,48.9,low,external_foreign,No action; keep in the baseline,0,2,0.0,0,7422029,0.4117615885557746,,43.2,57.6,49.2,48.1,49.2,48.8
cont001,control_room_operator,employee,2019-04-05,48.9,low,external_foreign,No action; keep in the baseline,0,3,0.0,0,9685399,0.39767119365345127,,43.2,66.4,49.2,48.1,37.1,59.5
main038,maintenance_engineer,employee,2019-04-18,48.9,low,anomaly,No action; keep in the baseline,0,0,0.0,0,9433922,0.42716927304635527,,43.2,23.9,49.2,48.1,59.3,58.3
cont003,control_room_operator,employee,2019-04-02,48.9,low,egress,No action; keep in the baseline,0,3,0.0,0,15990659,0.38085407137861493,,43.2,66.4,49.2,48.1,20.8,81.3
main027,maintenance_engineer,employee,2019-04-22,48.8,low,egress,No action; keep in the baseline,0,0,0.0,0,17556438,0.39959367763836867,,43.2,23.9,49.2,48.1,38.8,84.5
main033,maintenance_engineer,employee,2019-04-26,48.8,low,anomaly,No action; keep in the baseline,0,5,0.0,0,1410847,0.431676410739729,,43.2,82.0,49.2,48.1,61.7,15.2
ot051,ot_network_admin,employee,2019-04-26,48.7,low,external_foreign,No action; keep in the baseline,0,7,0.0,0,7008976,0.3933877679787641,,43.2,91.1,49.2,48.1,33.8,46.2
cont005,control_room_operator,employee,2019-04-22,48.7,low,egress,No action; keep in the baseline,0,0,0.0,0,16858316,0.4000123917864524,,43.2,23.9,49.2,48.1,39.5,83.2
vend071,vendor_technician,vendor,2019-04-21,48.7,low,anomaly,No action; keep in the baseline,0,2,0.0,0,2268997,0.4480004413791101,,43.2,57.6,49.2,48.1,70.8,18.8
cont085,contractor_surveyor,contractor,2019-04-15,48.7,low,external_foreign,No action; keep in the baseline,0,3,0.0,0,7586121,0.4048048431329998,,43.2,66.4,49.2,48.1,43.5,49.7
mine098,mine_planner,employee,2019-04-15,48.7,low,anomaly,No action; keep in the baseline,0,0,0.0,0,9760759,0.42287853235048356,,43.2,23.9,49.2,48.1,56.9,59.8
supe111,supervisor,employee,2019-04-21,48.7,low,external_foreign,No action; keep in the baseline,0,5,0.0,0,4868759,0.40892720602393245,,43.2,82.0,49.2,48.1,47.2,34.4
it061,it_service_desk,employee,2019-04-06,48.7,low,egress,No action; keep in the baseline,0,0,0.0,0,12670023,0.41047578608585006,,43.2,23.9,49.2,48.1,48.4,71.2
it065,it_service_desk,employee,2019-04-03,48.7,low,egress,No action; keep in the baseline,0,2,0.0,0,12451610,0.39170797992063,,43.2,57.6,49.2,48.1,32.4,70.3
main046,maintenance_engineer,employee,2019-04-26,48.6,low,egress,No action; keep in the baseline,0,3,0.0,0,15061933,0.3809834341888074,,43.2,66.4,49.2,48.1,20.9,79.0
vend070,vendor_technician,vendor,2019-04-10,48.6,low,egress,No action; keep in the baseline,0,0,0.0,0,13883990,0.40605416835198904,,43.2,23.9,49.2,48.1,44.5,75.7
vend077,vendor_technician,vendor,2019-04-21,48.6,low,external_foreign,No action; keep in the baseline,0,3,0.0,0,8313994,0.4008309514146328,,43.2,66.4,49.2,48.1,40.2,53.5
main047,maintenance_engineer,employee,2019-04-27,48.6,low,external_foreign,No action; keep in the baseline,0,1,0.0,0,10573816,0.4008626195158626,,43.2,50.8,49.2,48.1,40.3,63.5
supe108,supervisor,employee,2019-04-12,48.6,low,anomaly,No action; keep in the baseline,0,4,0.0,0,5012146,0.4126414593998975,,43.2,75.0,49.2,48.1,49.7,35.0
mine098,mine_planner,employee,2019-04-02,48.6,low,anomaly,No action; keep in the baseline,0,0,0.0,0,10145913,0.41930903626286253,,43.2,23.9,49.2,48.1,54.7,62.0
supe107,supervisor,employee,2019-04-15,48.6,low,external_foreign,No action; keep in the baseline,0,4,0.0,0,8448124,0.39441505546823374,,43.2,75.0,49.2,48.1,34.9,54.2
main045,maintenance_engineer,employee,2019-04-18,48.6,low,egress,No action; keep in the baseline,0,0,0.0,0,15320088,0.40240470514638094,,43.2,23.9,49.2,48.1,41.5,79.7
ot053,ot_network_admin,employee,2019-04-10,48.6,low,anomaly,No action; keep in the baseline,0,0,0.0,0,4597514,0.46385140972861316,,43.2,23.9,49.2,48.1,76.6,32.8
it065,it_service_desk,employee,2019-04-07,48.5,low,anomaly,No action; keep in the baseline,0,3,0.0,0,5169245,0.41620285561725356,,43.2,66.4,49.2,48.1,52.7,36.1
cont023,control_room_operator,employee,2019-04-24,48.5,low,anomaly,No action; keep in the baseline,0,4,0.0,0,1215698,0.4363558881071918,,43.2,75.0,49.2,48.1,64.6,14.4
cont014,control_room_operator,employee,2019-04-29,48.5,low,egress,No action; keep in the baseline,0,4,0.0,0,12609403,0.38202679634534337,,43.2,75.0,49.2,48.1,22.3,70.9
cont086,contractor_surveyor,contractor,2019-04-14,48.5,low,external_foreign,No action; keep in the baseline,0,2,0.0,0,8425434,0.404643371832918,,43.2,57.6,49.2,48.1,43.3,54.2
main039,maintenance_engineer,employee,2019-04-02,48.5,low,egress,No action; keep in the baseline,0,0,0.0,0,14475419,0.40353237165327427,,43.2,23.9,49.2,48.1,42.6,77.4
main050,maintenance_engineer,employee,2019-04-04,48.5,low,egress,No action; keep in the baseline,0,4,0.0,0,12895582,0.3811592265244413,,43.2,75.0,49.2,48.1,21.0,72.3
supe107,supervisor,employee,2019-04-07,48.5,low,egress,No action; keep in the baseline,0,0,0.0,0,13935300,0.4051615109280137,,43.2,23.9,49.2,48.1,43.7,76.0
main031,maintenance_engineer,employee,2019-04-25,48.5,low,external_foreign,No action; keep in the baseline,0,5,0.0,0,7628858,0.39408751039065604,,43.2,82.0,49.2,48.1,34.3,49.9
cont004,control_room_operator,employee,2019-04-08,48.5,low,external_foreign,No action; keep in the baseline,0,6,0.0,0,7240153,0.3930913111642616,,43.2,87.3,49.2,48.1,33.5,47.6
cont088,contractor_surveyor,contractor,2019-04-03,48.4,low,egress,No action; keep in the baseline,0,0,0.0,0,13385346,0.406050120301018,,43.2,23.9,49.2,48.1,44.4,74.3
it060,it_service_desk,employee,2019-04-20,48.4,low,anomaly,No action; keep in the baseline,0,0,0.0,0,5365509,0.45143013664411874,,43.2,23.9,49.2,48.1,72.3,37.4
vend069,vendor_technician,vendor,2019-04-06,48.4,low,external_foreign,No action; keep in the baseline,0,5,0.0,0,7176699,0.39579956231282687,,43.2,82.0,49.2,48.1,35.8,47.1
mine100,mine_planner,employee,2019-04-25,48.4,low,egress,No action; keep in the baseline,0,0,0.0,0,12714411,0.40846454398002324,,43.2,23.9,49.2,48.1,46.5,71.6
mine097,mine_planner,employee,2019-04-21,48.4,low,egress,No action; keep in the baseline,0,0,0.0,0,19318315,0.39426167224469805,,43.2,23.9,49.2,48.1,34.7,87.6
supe110,supervisor,employee,2019-04-18,48.4,low,egress,No action; keep in the baseline,0,0,0.0,0,18938138,0.3943910778514427,,43.2,23.9,49.2,48.1,34.8,87.2
vend072,vendor_technician,vendor,2019-04-05,48.4,low,anomaly,No action; keep in the baseline,0,0,0.0,0,8533470,0.42734221883167733,,43.2,23.9,49.2,48.1,59.4,54.4
supe107,supervisor,employee,2019-04-22,48.3,low,external_foreign,No action; keep in the baseline,0,3,0.0,0,8764597,0.39760034293017793,,43.2,66.4,49.2,48.1,37.0,55.2
it061,it_service_desk,employee,2019-04-03,48.3,low,egress,No action; keep in the baseline,0,0,0.0,0,12215887,0.40921359344921504,,43.2,23.9,49.2,48.1,47.4,69.7
ot057,ot_network_admin,employee,2019-04-06,48.3,low,egress,No action; keep in the baseline,0,0,0.0,0,14004283,0.4034224200480147,,43.2,23.9,49.2,48.1,42.5,76.1
supe111,supervisor,employee,2019-04-09,48.3,low,anomaly,No action; keep in the baseline,0,6,0.0,0,2409295,0.41759880367659147,,43.2,87.3,49.2,48.1,53.4,19.7
cont001,control_room_operator,employee,2019-04-10,48.3,low,anomaly,No action; keep in the baseline,0,4,0.0,0,3253286,0.420186571556286,,43.2,75.0,49.2,48.1,55.4,25.1
vend071,vendor_technician,vendor,2019-04-13,48.3,low,external_foreign,No action; keep in the baseline,0,5,0.0,0,10721879,0.38235708884149094,,43.2,82.0,49.2,48.1,22.7,64.0
main043,maintenance_engineer,employee,2019-04-03,48.3,low,anomaly,No action; keep in the baseline,0,0,0.0,0,7531388,0.4328903291580017,,43.2,23.9,49.2,48.1,62.6,49.4
ot051,ot_network_admin,employee,2019-04-28,48.2,low,external_foreign,No action; keep in the baseline,0,4,0.0,0,5347117,0.4076412098392957,,43.2,75.0,49.2,48.1,45.7,37.4
it067,it_service_desk,employee,2019-04-01,48.2,low,egress,No action; keep in the baseline,0,0,0.0,0,17414073,0.3963342740503757,,43.2,23.9,49.2,48.1,36.1,84.4
main043,maintenance_engineer,employee,2019-04-10,48.2,low,anomaly,No action; keep in the baseline,0,1,0.0,0,0,0.4796187981488662,,43.2,50.8,49.2,48.1,81.9,5.1
main036,maintenance_engineer,employee,2019-04-16,48.2,low,anomaly,No action; keep in the baseline,0,0,0.0,0,9857545,0.41854199505674067,,43.2,23.9,49.2,48.1,53.9,60.3
it064,it_service_desk,employee,2019-04-11,48.2,low,egress,No action; keep in the baseline,0,0,0.0,0,12277217,0.4087926991409708,,43.2,23.9,49.2,48.1,47.1,69.8
supe112,supervisor,employee,2019-04-09,48.2,low,anomaly,No action; keep in the baseline,0,1,0.0,0,0,0.4796187981488662,,43.2,50.8,49.2,48.1,81.9,5.1
cont007,control_room_operator,employee,2019-04-21,48.2,low,anomaly,No action; keep in the baseline,0,2,0.0,0,1646742,0.4468751888057141,,43.2,57.6,49.2,48.1,70.2,16.0
cont023,control_room_operator,employee,2019-04-10,48.2,low,external_foreign,No action; keep in the baseline,0,5,0.0,0,8181003,0.3896549165717873,,43.2,82.0,49.2,48.1,30.7,52.9
main031,maintenance_engineer,employee,2019-04-04,48.1,low,egress,No action; keep in the baseline,0,1,0.0,0,11345324,0.3950385673586796,,43.2,50.8,49.2,48.1,35.4,66.6
mine101,mine_planner,employee,2019-04-23,48.1,low,egress,No action; keep in the baseline,0,0,0.0,0,11238888,0.4121516355402362,,43.2,23.9,49.2,48.1,49.4,66.2
cont017,control_room_operator,employee,2019-04-30,48.1,low,external_foreign,No action; keep in the baseline,0,4,0.0,0,5767409,0.40438361174768667,,43.2,75.0,49.2,48.1,43.1,40.2
cont002,control_room_operator,employee,2019-04-12,48.0,low,anomaly,No action; keep in the baseline,0,3,0.0,0,5136098,0.4133620705593096,,43.2,66.4,49.2,48.1,50.1,35.8
main043,maintenance_engineer,employee,2019-04-30,48.0,low,external_foreign,No action; keep in the baseline,0,2,0.0,0,7990215,0.4037585639756929,,43.2,57.6,49.2,48.1,42.7,51.6
cont002,control_room_operator,employee,2019-04-09,48.0,low,anomaly,No action; keep in the baseline,0,0,0.0,0,9629354,0.418569143544482,,43.2,23.9,49.2,48.1,54.0,59.2
cont080,contractor_surveyor,contractor,2019-04-14,48.0,low,egress,No action; keep in the baseline,0,0,0.0,0,11147386,0.41164447109092567,,43.2,23.9,49.2,48.1,49.1,65.7
ot053,ot_network_admin,employee,2019-04-27,48.0,low,external_foreign,No action; keep in the baseline,0,5,0.0,0,9936394,0.38308404814647373,,43.2,82.0,49.2,48.1,23.4,60.9
cont016,control_room_operator,employee,2019-04-27,48.0,low,anomaly,No action; keep in the baseline,0,3,0.0,0,364421,0.44287171223373994,,43.2,66.4,49.2,48.1,68.5,11.4
main036,maintenance_engineer,employee,2019-04-05,48.0,low,egress,No action; keep in the baseline,0,0,0.0,0,13271338,0.40451295891871775,,43.2,23.9,49.2,48.1,43.2,73.9
main045,maintenance_engineer,employee,2019-04-09,48.0,low,egress,No action; keep in the baseline,0,4,0.0,0,11621984,0.3819362699249661,,43.2,75.0,49.2,48.1,22.1,67.6
main031,maintenance_engineer,employee,2019-04-23,48.0,low,anomaly,No action; keep in the baseline,0,0,0.0,0,8783915,0.42286492395914316,,43.2,23.9,49.2,48.1,56.8,55.3
cont088,contractor_surveyor,contractor,2019-04-27,48.0,low,anomaly,No action; keep in the baseline,0,0,0.0,0,9535452,0.41907780702282904,,43.2,23.9,49.2,48.1,54.5,58.7
ot056,ot_network_admin,employee,2019-04-02,48.0,low,anomaly,No action; keep in the baseline,0,1,0.0,0,4042949,0.4330405313433384,,43.2,50.8,49.2,48.1,62.8,29.7
cont089,contractor_surveyor,contractor,2019-04-08,48.0,low,anomaly,No action; keep in the baseline,0,2,0.0,0,2663343,0.438504309158258,,43.2,57.6,49.2,48.1,65.8,21.2
vend075,vendor_technician,vendor,2019-04-26,48.0,low,external_foreign,No action; keep in the baseline,0,3,0.0,0,7378705,0.401264971653007,,43.2,66.4,49.2,48.1,40.8,48.4
cont010,control_room_operator,employee,2019-04-16,48.0,low,external_foreign,No action; keep in the baseline,0,6,0.0,0,7367715,0.38876380845205505,,43.2,87.3,49.2,48.1,30.2,48.3
main037,maintenance_engineer,employee,2019-04-16,48.0,low,external_foreign,No action; keep in the baseline,0,3,0.0,0,7703532,0.4000306269497592,,43.2,66.4,49.2,48.1,39.5,50.1
cont021,control_room_operator,employee,2019-04-15,48.0,low,egress,No action; keep in the baseline,0,4,0.0,0,11988114,0.38137861543010687,,43.2,75.0,49.2,48.1,21.3,68.8
vend074,vendor_technician,vendor,2019-04-07,48.0,low,anomaly,No action; keep in the baseline,0,0,0.0,0,3365987,0.4707701761950368,,43.2,23.9,49.2,48.1,79.2,25.7
cont080,contractor_surveyor,contractor,2019-04-29,47.9,low,egress,No action; keep in the baseline,0,0,0.0,0,13963905,0.4011889530596952,,43.2,23.9,49.2,48.1,40.7,76.0
ot051,ot_network_admin,employee,2019-04-16,47.9,low,egress,No action; keep in the baseline,0,1,0.0,0,16395026,0.38231143768947345,,43.2,50.8,49.2,48.1,22.6,82.2
cont083,contractor_surveyor,contractor,2019-04-25,47.9,low,anomaly,No action; keep in the baseline,0,1,0.0,0,5779709,0.41890491779060907,,43.2,50.8,49.2,48.1,54.3,40.2
main036,maintenance_engineer,employee,2019-04-13,47.9,low,anomaly,No action; keep in the baseline,0,1,0.0,0,6665745,0.41487859473505284,,43.2,50.8,49.2,48.1,51.0,44.6
it064,it_service_desk,employee,2019-04-14,47.9,low,external_foreign,No action; keep in the baseline,0,5,0.0,0,7703920,0.39014730530393005,,43.2,82.0,49.2,48.1,31.2,50.2
main048,maintenance_engineer,employee,2019-04-01,47.9,low,egress,No action; keep in the baseline,0,3,0.0,0,12727587,0.3827079185166407,,43.2,66.4,49.2,48.1,22.9,71.7
mine102,mine_planner,employee,2019-04-05,47.9,low,egress,No action; keep in the baseline,0,0,0.0,0,17022397,0.3951878369100067,,43.2,23.9,49.2,48.1,35.5,83.3
cont083,contractor_surveyor,contractor,2019-04-12,47.9,low,anomaly,No action; keep in the baseline,0,0,0.0,0,8791181,0.421996904495414,,43.2,23.9,49.2,48.1,56.3,55.3
cont011,control_room_operator,employee,2019-04-08,47.9,low,external_foreign,No action; keep in the baseline,0,0,0.0,0,11067994,0.4113256898075759,,43.2,23.9,49.2,48.1,48.9,65.3
vend069,vendor_technician,vendor,2019-04-14,47.9,low,external_foreign,No action; keep in the baseline,0,5,0.0,0,7935168,0.38873272875912634,,43.2,82.0,49.2,48.1,30.2,51.4
ot052,ot_network_admin,employee,2019-04-19,47.9,low,egress,No action; keep in the baseline,0,3,0.0,0,12094248,0.38398223335406384,,43.2,66.4,49.2,48.1,24.5,69.3
mine098,mine_planner,employee,2019-04-09,47.8,low,anomaly,No action; keep in the baseline,0,3,0.0,0,4310732,0.416130944859353,,43.2,66.4,49.2,48.1,52.7,31.3
main049,maintenance_engineer,employee,2019-04-12,47.8,low,external_foreign,No action; keep in the baseline,0,2,0.0,0,7843957,0.40286250446189426,,43.2,57.6,49.2,48.1,42.0,51.0
main041,maintenance_engineer,employee,2019-04-26,47.8,low,egress,No action; keep in the baseline,0,2,0.0,0,14634579,0.3818875807469892,,43.2,57.6,49.2,48.1,22.0,78.1
supe106,supervisor,employee,2019-04-02,47.8,low,anomaly,No action; keep in the baseline,0,0,0.0,0,7928422,0.42667603883122146,,43.2,23.9,49.2,48.1,59.0,51.4
mine103,mine_planner,employee,2019-04-11,47.8,low,external_foreign,No action; keep in the baseline,0,2,0.0,0,9851674,0.39493639531330454,,43.2,57.6,49.2,48.1,35.2,60.2
cont018,control_room_operator,employee,2019-04-22,47.8,low,external_foreign,No action; keep in the baseline,0,6,0.0,0,7471607,0.3877140967874415,,43.2,87.3,49.2,48.1,29.0,49.0
ot053,ot_network_admin,employee,2019-04-14,47.8,low,anomaly,No action; keep in the baseline,0,0,0.0,0,7876412,0.4267422790882679,,43.2,23.9,49.2,48.1,59.1,51.2
cont023,control_room_operator,employee,2019-04-07,47.7,low,anomaly,No action; keep in the baseline,0,0,0.0,0,10331527,0.41265487437046033,,43.2,23.9,49.2,48.1,49.8,62.7
cont003,control_room_operator,employee,2019-04-01,47.7,low,egress,No action; keep in the baseline,0,5,0.0,0,12176096,0.37671689790163515,,43.2,82.0,49.2,48.1,15.4,69.6
it066,it_service_desk,employee,2019-04-13,47.7,low,anomaly,No action; keep in the baseline,0,1,0.0,0,3360782,0.43562793359408697,,43.2,50.8,49.2,48.1,64.4,25.6
cont078,contractor_surveyor,contractor,2019-04-18,47.7,low,external_foreign,No action; keep in the baseline,0,4,0.0,0,10200960,0.38414426920939904,,43.2,75.0,49.2,48.1,24.8,62.2
cont019,control_room_operator,employee,2019-04-21,47.7,low,external_foreign,No action; keep in the baseline,0,4,0.0,0,5223109,0.4058135766107844,,43.2,75.0,49.2,48.1,44.2,36.5
it063,it_service_desk,employee,2019-04-23,47.7,low,egress,No action; keep in the baseline,0,0,0.0,0,12958065,0.40332772204649203,,43.2,23.9,49.2,48.1,42.4,72.6
supe106,supervisor,employee,2019-04-12,47.7,low,anomaly,No action; keep in the baseline,0,0,0.0,0,5702737,0.4404453136487429,,43.2,23.9,49.2,48.1,67.2,39.7
cont086,contractor_surveyor,contractor,2019-04-03,47.6,low,egress,No action; keep in the baseline,0,1,0.0,0,12462470,0.3886934145083937,,43.2,50.8,49.2,48.1,30.1,70.4
main030,maintenance_engineer,employee,2019-04-18,47.6,low,external_foreign,No action; keep in the baseline,0,0,0.0,0,10793859,0.4100380060575383,,43.2,23.9,49.2,48.1,48.1,64.4
main044,maintenance_engineer,employee,2019-04-07,47.6,low,egress,No action; keep in the baseline,0,0,0.0,0,16261914,0.394702520297789,,43.2,23.9,49.2,48.1,35.0,81.7
cont088,contractor_surveyor,contractor,2019-04-22,47.6,low,external_foreign,No action; keep in the baseline,0,0,0.0,0,10927130,0.4097504371004987,,43.2,23.9,49.2,48.1,47.7,64.8
cont025,control_room_operator,employee,2019-04-27,47.6,low,external_foreign,No action; keep in the baseline,0,2,0.0,0,8345222,0.39986775164420085,,43.2,57.6,49.2,48.1,39.3,53.7
mine103,mine_planner,employee,2019-04-19,47.6,low,egress,No action; keep in the baseline,0,0,0.0,0,16597352,0.39394368930469964,,43.2,23.9,49.2,48.1,34.2,82.6
vend070,vendor_technician,vendor,2019-04-13,47.5,low,anomaly,No action; keep in the baseline,0,0,0.0,0,5191322,0.4436583905718189,,43.2,23.9,49.2,48.1,68.7,36.3
main046,maintenance_engineer,employee,2019-04-22,47.5,low,egress,No action; keep in the baseline,0,4,0.0,0,12625668,0.378126618715614,,43.2,75.0,49.2,48.1,16.8,71.1
supe104,supervisor,employee,2019-04-06,47.5,low,external_foreign,No action; keep in the baseline,0,2,0.0,0,9289868,0.39512192642476873,,43.2,57.6,49.2,48.1,35.4,57.8
mine094,mine_planner,employee,2019-04-10,47.5,low,egress,No action; keep in the baseline,0,0,0.0,0,19799945,0.3882532624180406,,43.2,23.9,49.2,48.1,29.5,88.6
it062,it_service_desk,employee,2019-04-07,47.5,low,egress,No action; keep in the baseline,0,0,0.0,0,12157373,0.40520772446486875,,43.2,23.9,49.2,48.1,43.8,69.4
supe109,supervisor,employee,2019-04-19,47.5,low,anomaly,No action; keep in the baseline,0,3,0.0,0,2921646,0.4242247346582049,,43.2,66.4,49.2,48.1,57.6,22.9
main030,maintenance_engineer,employee,2019-04-17,47.5,low,anomaly,No action; keep in the baseline,0,0,0.0,0,9211488,0.41583111865618105,,43.2,23.9,49.2,48.1,52.4,57.6
main037,maintenance_engineer,employee,2019-04-21,47.5,low,anomaly,No action; keep in the baseline,0,3,0.0,0,4479988,0.4140949599621674,,43.2,66.4,49.2,48.1,50.6,31.9
vend072,vendor_technician,vendor,2019-04-17,47.4,low,anomaly,No action; keep in the baseline,0,2,0.0,0,960610,0.4426495475310054,,43.2,57.6,49.2,48.1,68.2,13.6
cont085,contractor_surveyor,contractor,2019-04-29,47.4,low,egress,No action; keep in the baseline,0,0,0.0,0,13233122,0.4007223789372463,,43.2,23.9,49.2,48.1,40.1,73.6
supe113,supervisor,employee,2019-04-14,47.4,low,external_foreign,No action; keep in the baseline,0,4,0.0,0,7683830,0.39132393793000464,,43.2,75.0,49.2,48.1,32.2,50.0
ot055,ot_network_admin,employee,2019-04-24,47.4,low,external_foreign,No action; keep in the baseline,0,3,0.0,0,9265359,0.38972300074463156,,43.2,66.4,49.2,48.1,30.8,57.8
mine094,mine_planner,employee,2019-04-01,47.4,low,egress,No action; keep in the baseline,0,0,0.0,0,11259002,0.4073689473386655,,43.2,23.9,49.2,48.1,45.6,66.3
mine100,mine_planner,employee,2019-04-27,47.4,low,external_foreign,No action; keep in the baseline,0,2,0.0,0,10411749,0.3905398116689102,,43.2,57.6,49.2,48.1,31.6,62.9
it061,it_service_desk,employee,2019-04-09,47.4,low,anomaly,No action; keep in the baseline,0,0,0.0,0,8040045,0.4220347545612716,,43.2,23.9,49.2,48.1,56.3,52.0
main050,maintenance_engineer,employee,2019-04-15,47.4,low,external_foreign,No action; keep in the baseline,0,4,0.0,0,9240362,0.3845258325269845,,43.2,75.0,49.2,48.1,26.4,57.7
main049,maintenance_engineer,employee,2019-04-04,47.3,low,anomaly,No action; keep in the baseline,0,0,0.0,0,9357672,0.4154428962418446,,43.2,23.9,49.2,48.1,51.6,58.0
main050,maintenance_engineer,employee,2019-04-25,47.3,low,anomaly,No action; keep in the baseline,0,1,0.0,0,0,0.46585082991589755,,43.2,50.8,49.2,48.1,77.5,5.1
cont014,control_room_operator,employee,2019-04-27,47.3,low,anomaly,No action; keep in the baseline,0,1,0.0,0,0,0.46585082991589755,,43.2,50.8,49.2,48.1,77.5,5.1
cont022,control_room_operator,employee,2019-04-09,47.3,low,external_foreign,No action; keep in the baseline,0,6,0.0,0,9001490,0.3808705266204712,,43.2,87.3,49.2,48.1,20.8,56.3
ot055,ot_network_admin,employee,2019-04-26,47.3,low,anomaly,No action; keep in the baseline,0,1,0.0,0,5845655,0.414883184835106,,43.2,50.8,49.2,48.1,51.0,40.7
main042,maintenance_engineer,employee,2019-05-01,47.3,low,anomaly,No action; keep in the baseline,0,1,0.0,0,0,0.46585082991589755,,43.2,50.8,49.2,48.1,77.5,5.1
cont020,control_room_operator,employee,2019-05-01,47.3,low,anomaly,No action; keep in the baseline,0,1,0.0,0,0,0.46585082991589755,,43.2,50.8,49.2,48.1,77.5,5.1
ot058,ot_network_admin,employee,2019-05-01,47.3,low,anomaly,No action; keep in the baseline,0,1,0.0,0,0,0.46585082991589755,,43.2,50.8,49.2,48.1,77.5,5.1
cont014,control_room_operator,employee,2019-05-01,47.3,low,anomaly,No action; keep in the baseline,0,1,0.0,0,0,0.46585082991589755,,43.2,50.8,49.2,48.1,77.5,5.1
cont083,contractor_surveyor,contractor,2019-04-22,47.3,low,anomaly,No action; keep in the baseline,0,0,0.0,0,8766346,0.41812201788468456,,43.2,23.9,49.2,48.1,53.6,55.2
vend077,vendor_technician,vendor,2019-04-20,47.3,low,anomaly,No action; keep in the baseline,0,1,0.0,0,0,0.46585082991589755,,43.2,50.8,49.2,48.1,77.5,5.1
mine097,mine_planner,employee,2019-04-15,47.3,low,external_foreign,No action; keep in the baseline,0,6,0.0,0,5401334,0.3942801726721497,,43.2,87.3,49.2,48.1,34.7,37.8
it065,it_service_desk,employee,2019-04-22,47.2,low,egress,No action; keep in the baseline,0,0,0.0,0,13972490,0.3980376675272745,,43.2,23.9,49.2,48.1,37.3,76.1
mine092,mine_planner,employee,2019-04-09,47.2,low,external_foreign,No action; keep in the baseline,0,4,0.0,0,9693599,0.38350280480234483,,43.2,75.0,49.2,48.1,23.9,59.6
cont005,control_room_operator,employee,2019-04-05,47.2,low,egress,No action; keep in the baseline,0,3,0.0,0,12855933,0.3801501010375025,,43.2,66.4,49.2,48.1,19.1,72.1
mine102,mine_planner,employee,2019-04-15,47.2,low,external_foreign,No action; keep in the baseline,0,1,0.0,0,10459347,0.3932171852270551,,43.2,50.8,49.2,48.1,33.6,63.1
cont020,control_room_operator,employee,2019-04-25,47.2,low,external_foreign,No action; keep in the baseline,0,6,0.0,0,5696725,0.39215701608619025,,43.2,87.3,49.2,48.1,33.0,39.6
cont082,contractor_surveyor,contractor,2019-04-05,47.2,low,egress,No action; keep in the baseline,0,1,0.0,0,11988545,0.38816842410402946,,43.2,50.8,49.2,48.1,29.4,68.8
supe107,supervisor,employee,2019-04-23,47.1,low,external_foreign,No action; keep in the baseline,0,3,0.0,0,7158196,0.3979196014852238,,43.2,66.4,49.2,48.1,37.2,47.0
mine093,mine_planner,employee,2019-04-19,47.1,low,anomaly,No action; keep in the baseline,0,0,0.0,0,8643754,0.41664611047884786,,43.2,23.9,49.2,48.1,52.9,54.8
supe110,supervisor,employee,2019-04-15,47.1,low,egress,No action; keep in the baseline,0,0,0.0,0,11953504,0.40343642687914893,,43.2,23.9,49.2,48.1,42.6,68.7
mine090,mine_planner,employee,2019-04-09,47.1,low,egress,No action; keep in the baseline,0,0,0.0,0,16236730,0.3920055165020241,,43.2,23.9,49.2,48.1,32.6,81.6
ot056,ot_network_admin,employee,2019-04-29,47.1,low,external_foreign,No action; keep in the baseline,0,2,0.0,0,6086433,0.40674779931152233,,43.2,57.6,49.2,48.1,45.3,42.0
main032,maintenance_engineer,employee,2019-04-28,47.1,low,external_foreign,No action; keep in the baseline,0,5,0.0,0,7214443,0.38777659740936055,,43.2,82.0,49.2,48.1,29.1,47.4
ot054,ot_network_admin,employee,2019-04-29,47.1,low,egress,No action; keep in the baseline,0,0,0.0,0,13199015,0.3996209099683771,,43.2,23.9,49.2,48.1,38.8,73.4
mine102,mine_planner,employee,2019-04-18,47.1,low,egress,No action; keep in the baseline,0,0,0.0,0,15929589,0.3922520367075028,,43.2,23.9,49.2,48.1,33.1,81.2
cont002,control_room_operator,employee,2019-04-21,47.1,low,external_foreign,No action; keep in the baseline,0,0,0.0,0,9865026,0.4105355693776508,,43.2,23.9,49.2,48.1,48.4,60.4
mine099,mine_planner,employee,2019-04-17,47.1,low,external_foreign,No action; keep in the baseline,0,1,0.0,0,9621237,0.3963350878349837,,43.2,50.8,49.2,48.1,36.1,59.2
cont020,control_room_operator,employee,2019-04-07,47.1,low,external_foreign,No action; keep in the baseline,0,4,0.0,0,10552729,0.38112852204156666,,43.2,75.0,49.2,48.1,21.0,63.4
main043,maintenance_engineer,employee,2019-04-28,47.0,low,external_foreign,No action; keep in the baseline,0,1,0.0,0,8294783,0.4005018049884397,,43.2,50.8,49.2,48.1,39.9,53.3
mine099,mine_planner,employee,2019-04-21,47.0,low,external_foreign,No action; keep in the baseline,0,4,0.0,0,9376225,0.3836872850865924,,43.2,75.0,49.2,48.1,24.1,58.1
cont079,contractor_surveyor,contractor,2019-04-20,47.0,low,egress,No action; keep in the baseline,0,0,0.0,0,17493985,0.3886318441138303,,43.2,23.9,49.2,48.1,29.9,84.5
cont078,contractor_surveyor,contractor,2019-04-29,47.0,low,external_foreign,No action; keep in the baseline,0,0,0.0,0,10269984,0.40808459541820563,,43.2,23.9,49.2,48.1,46.3,62.5
cont015,control_room_operator,employee,2019-04-29,47.0,low,anomaly,No action; keep in the baseline,0,5,0.0,0,2374809,0.41266206462760535,,43.2,82.0,49.2,48.1,49.8,19.4
mine100,mine_planner,employee,2019-04-23,47.0,low,anomaly,No action; keep in the baseline,0,0,0.0,0,6316029,0.4307336478409887,,43.2,23.9,49.2,48.1,61.4,42.9
it063,it_service_desk,employee,2019-04-29,47.0,low,egress,No action; keep in the baseline,0,3,0.0,0,12683992,0.3795729228027148,,43.2,66.4,49.2,48.1,18.6,71.5
cont083,contractor_surveyor,contractor,2019-04-16,47.0,low,anomaly,No action; keep in the baseline,0,3,0.0,0,844342,0.4326154272643229,,43.2,66.4,49.2,48.1,62.4,13.3
mine090,mine_planner,employee,2019-04-26,47.0,low,egress,No action; keep in the baseline,0,0,0.0,0,14676792,0.3941336208654453,,43.2,23.9,49.2,48.1,34.5,78.2
vend073,vendor_technician,vendor,2019-04-03,46.9,low,external_foreign,No action; keep in the baseline,0,0,0.0,0,9646383,0.4107555914985205,,43.2,23.9,49.2,48.1,48.6,59.3
supe104,supervisor,employee,2019-04-20,46.9,low,external_foreign,No action; keep in the baseline,0,0,0.0,0,10758502,0.40601105327217707,,43.2,23.9,49.2,48.1,44.4,64.3
mine095,mine_planner,employee,2019-04-16,46.9,low,external_foreign,No action; keep in the baseline,0,4,0.0,0,3908749,0.407291102475433,,43.2,75.0,49.2,48.1,45.5,28.7
cont018,control_room_operator,employee,2019-04-14,46.9,low,egress,No action; keep in the baseline,0,0,0.0,0,16442332,0.3898236421004865,,43.2,23.9,49.2,48.1,31.0,82.3
cont026,control_room_operator,employee,2019-04-15,46.9,low,external_foreign,No action; keep in the baseline,0,2,0.0,0,6944201,0.40230376458175554,,43.2,57.6,49.2,48.1,41.4,45.8
mine093,mine_planner,employee,2019-04-10,46.9,low,anomaly,No action; keep in the baseline,0,0,0.0,0,4287285,0.4450924018412403,,43.2,23.9,49.2,48.1,69.3,31.1
cont012,control_room_operator,employee,2019-04-22,46.9,low,external_foreign,No action; keep in the baseline,0,4,0.0,0,7129854,0.39168080779681425,,43.2,75.0,49.2,48.1,32.4,46.8
main047,maintenance_engineer,employee,2019-04-17,46.9,low,egress,No action; keep in the baseline,0,0,0.0,0,12596088,0.4005133410801212,,43.2,23.9,49.2,48.1,39.9,70.8
main042,maintenance_engineer,employee,2019-04-30,46.9,low,anomaly,No action; keep in the baseline,0,4,0.0,0,2235768,0.4173673548081395,,43.2,75.0,49.2,48.1,53.3,18.7
cont085,contractor_surveyor,contractor,2019-04-02,46.8,low,egress,No action; keep in the baseline,0,0,0.0,0,11700794,0.4018313901361108,,43.2,23.9,49.2,48.1,41.2,68.0
vend070,vendor_technician,vendor,2019-04-30,46.8,low,anomaly,No action; keep in the baseline,0,2,0.0,0,0,0.4501670576507541,,43.2,57.6,49.2,48.1,71.9,5.1
main046,maintenance_engineer,employee,2019-04-29,46.8,low,egress,No action; keep in the baseline,0,0,0.0,0,16210300,0.3898236421004865,,43.2,23.9,49.2,48.1,31.0,81.6
main034,maintenance_engineer,employee,2019-04-15,46.7,low,external_foreign,No action; keep in the baseline,0,5,0.0,0,8594521,0.3817041801065062,,43.2,82.0,49.2,48.1,21.7,54.6
main043,maintenance_engineer,employee,2019-04-15,46.7,low,anomaly,No action; keep in the baseline,0,0,0.0,0,8991131,0.4125387614163153,,43.2,23.9,49.2,48.1,49.7,56.2
it064,it_service_desk,employee,2019-04-02,46.7,low,external_foreign,No action; keep in the baseline,0,3,0.0,0,9505434,0.38520641948222073,,43.2,66.4,49.2,48.1,26.9,58.5
main041,maintenance_engineer,employee,2019-04-22,46.7,low,egress,No action; keep in the baseline,0,0,0.0,0,17183551,0.38759446204329867,,43.2,23.9,49.2,48.1,28.9,83.7
cont083,contractor_surveyor,contractor,2019-04-18,46.7,low,anomaly,No action; keep in the baseline,0,0,0.0,0,8831746,0.4134820888107834,,43.2,23.9,49.2,48.1,50.1,55.6
main044,maintenance_engineer,employee,2019-04-08,46.7,low,external_foreign,No action; keep in the baseline,0,2,0.0,0,10792415,0.3848699639929161,,43.2,57.6,49.2,48.1,26.6,64.4
supe109,supervisor,employee,2019-04-27,46.6,low,anomaly,No action; keep in the baseline,0,0,0.0,0,8026529,0.41597247365477674,,43.2,23.9,49.2,48.1,52.6,51.9
cont010,control_room_operator,employee,2019-04-01,46.6,low,external_foreign,No action; keep in the baseline,0,7,0.0,0,4136319,0.39479656854711537,,43.2,91.1,49.2,48.1,35.1,30.3
main046,maintenance_engineer,employee,2019-04-16,46.6,low,external_foreign,No action; keep in the baseline,0,5,0.0,0,9611183,0.3789578121693762,,43.2,82.0,49.2,48.1,17.8,59.1
supe108,supervisor,employee,2019-04-26,46.6,low,anomaly,No action; keep in the baseline,0,3,0.0,0,2271294,0.42181173372046765,,43.2,66.4,49.2,48.1,56.2,18.9
main033,maintenance_engineer,employee,2019-04-02,46.6,low,anomaly,No action; keep in the baseline,0,0,0.0,0,3754636,0.4472155812791314,,43.2,23.9,49.2,48.1,70.5,27.9
cont078,contractor_surveyor,contractor,2019-04-16,46.6,low,egress,No action; keep in the baseline,0,0,0.0,0,13171585,0.3965362317080675,,43.2,23.9,49.2,48.1,36.2,73.4
mine101,mine_planner,employee,2019-04-18,46.6,low,external_foreign,No action; keep in the baseline,0,5,0.0,0,7663514,0.38427876482196655,,43.2,82.0,49.2,48.1,25.0,50.0
mine091,mine_planner,employee,2019-04-15,46.6,low,anomaly,No action; keep in the baseline,0,0,0.0,0,4740910,0.43900184255563335,,43.2,23.9,49.2,48.1,66.3,33.7
it067,it_service_desk,employee,2019-04-08,46.5,low,egress,No action; keep in the baseline,0,0,0.0,0,15338568,0.3899835974175242,,43.2,23.9,49.2,48.1,31.0,79.8
main047,maintenance_engineer,employee,2019-04-10,46.5,low,anomaly,No action; keep in the baseline,0,3,0.0,0,3308619,0.41437050601657366,,43.2,66.4,49.2,48.1,50.8,25.4
vend073,vendor_technician,vendor,2019-04-09,46.5,low,external_foreign,No action; keep in the baseline,0,1,0.0,0,7113575,0.40303134016598896,,43.2,50.8,49.2,48.1,42.2,46.7
ot058,ot_network_admin,employee,2019-04-17,46.5,low,anomaly,No action; keep in the baseline,0,3,0.0,0,2814176,0.4165118603952338,,43.2,66.4,49.2,48.1,52.8,22.3
vend071,vendor_technician,vendor,2019-04-17,46.5,low,external_foreign,No action; keep in the baseline,0,5,0.0,0,7712526,0.3836518584500443,,43.2,82.0,49.2,48.1,24.0,50.3
main038,maintenance_engineer,employee,2019-04-11,46.5,low,anomaly,No action; keep in the baseline,0,0,0.0,0,7016551,0.4211477195372393,,43.2,23.9,49.2,48.1,55.9,46.2
cont022,control_room_operator,employee,2019-04-21,46.5,low,external_foreign,No action; keep in the baseline,0,5,0.0,0,4177257,0.3994963804446025,,43.2,82.0,49.2,48.1,38.7,30.5
vend070,vendor_technician,vendor,2019-04-19,46.5,low,anomaly,No action; keep in the baseline,0,0,0.0,0,4863232,0.43759638408971135,,43.2,23.9,49.2,48.1,65.1,34.3
main035,maintenance_engineer,employee,2019-04-16,46.4,low,egress,No action; keep in the baseline,0,0,0.0,0,13932857,0.39227834260970473,,43.2,23.9,49.2,48.1,33.2,75.9
it063,it_service_desk,employee,2019-04-05,46.4,low,external_foreign,No action; keep in the baseline,0,3,0.0,0,7861524,0.3896725226933981,,43.2,66.4,49.2,48.1,30.7,51.1
supe106,supervisor,employee,2019-04-08,46.4,low,external_foreign,No action; keep in the baseline,0,5,0.0,0,6553496,0.3873960878243888,,43.2,82.0,49.2,48.1,28.5,44.0
mine097,mine_planner,employee,2019-04-08,46.4,low,external_foreign,No action; keep in the baseline,0,1,0.0,0,8059761,0.39840509941627444,,43.2,50.8,49.2,48.1,37.7,52.3
cont082,contractor_surveyor,contractor,2019-04-25,46.4,low,egress,No action; keep in the baseline,0,0,0.0,0,16468119,0.387198775235319,,43.2,23.9,49.2,48.1,28.4,82.3
vend069,vendor_technician,vendor,2019-04-04,46.4,low,anomaly,No action; keep in the baseline,0,0,0.0,0,8223069,0.41387997747367067,,43.2,23.9,49.2,48.1,50.4,52.9
cont004,control_room_operator,employee,2019-04-05,46.3,low,egress,No action; keep in the baseline,0,1,0.0,0,11237544,0.38494810012712394,,43.2,50.8,49.2,48.1,26.7,66.2
supe111,supervisor,employee,2019-04-23,46.3,low,external_foreign,No action; keep in the baseline,0,3,0.0,0,7219166,0.39229486700475863,,43.2,66.4,49.2,48.1,33.2,47.5
cont081,contractor_surveyor,contractor,2019-04-06,46.3,low,external_foreign,No action; keep in the baseline,0,5,0.0,0,6932577,0.38469858158104503,,43.2,82.0,49.2,48.1,26.5,45.8
mine094,mine_planner,employee,2019-04-18,46.3,low,egress,No action; keep in the baseline,0,0,0.0,0,11293438,0.4004773006330627,,43.2,23.9,49.2,48.1,39.9,66.4
cont011,control_room_operator,employee,2019-04-15,46.2,low,external_foreign,No action; keep in the baseline,0,0,0.0,0,9869378,0.4052696531532434,,43.2,23.9,49.2,48.1,43.9,60.5
main049,maintenance_engineer,employee,2019-04-19,46.2,low,external_foreign,No action; keep in the baseline,0,3,0.0,0,5305904,0.40073441943970123,,43.2,66.4,49.2,48.1,40.1,37.1
supe112,supervisor,employee,2019-04-30,46.2,low,external_foreign,No action; keep in the baseline,0,3,0.0,0,6804717,0.3940102471849416,,43.2,66.4,49.2,48.1,34.3,45.3
supe111,supervisor,employee,2019-04-29,46.2,low,anomaly,No action; keep in the baseline,0,0,0.0,0,6784888,0.42011288125399865,,43.2,23.9,49.2,48.1,55.3,45.2
main043,maintenance_engineer,employee,2019-04-19,46.2,low,external_foreign,No action; keep in the baseline,0,0,0.0,0,9098966,0.40862662356514834,,43.2,23.9,49.2,48.1,46.8,56.9
cont002,control_room_operator,employee,2019-04-29,46.2,low,anomaly,No action; keep in the baseline,0,0,0.0,0,3223886,0.4475338403197205,,43.2,23.9,49.2,48.1,70.7,24.9
ot056,ot_network_admin,employee,2019-04-21,46.2,low,external_foreign,No action; keep in the baseline,0,3,0.0,0,4273170,0.4063582222331447,,43.2,66.4,49.2,48.1,44.7,31.0
supe111,supervisor,employee,2019-04-24,46.2,low,external_foreign,No action; keep in the baseline,0,3,0.0,0,5828350,0.3982300641072143,,43.2,66.4,49.2,48.1,37.5,40.5
main033,maintenance_engineer,employee,2019-04-16,46.2,low,external_foreign,No action; keep in the baseline,0,0,0.0,0,8921140,0.4092447203231461,,43.2,23.9,49.2,48.1,47.4,55.9
ot053,ot_network_admin,employee,2019-04-11,46.2,low,anomaly,No action; keep in the baseline,0,0,0.0,0,6766514,0.42054601206877357,,43.2,23.9,49.2,48.1,55.6,45.2
cont004,control_room_operator,employee,2019-04-24,46.1,low,external_foreign,No action; keep in the baseline,0,2,0.0,0,11006193,0.3829772694313921,,43.2,57.6,49.2,48.1,23.2,65.0
supe114,supervisor,employee,2019-04-27,46.1,low,external_foreign,No action; keep in the baseline,0,5,0.0,0,3238484,0.4014565863534056,,43.2,82.0,49.2,48.1,41.0,25.0
it062,it_service_desk,employee,2019-04-04,46.1,low,anomaly,No action; keep in the baseline,0,2,0.0,0,0,0.44284237949204835,,43.2,57.6,49.2,48.1,68.4,5.1
cont012,control_room_operator,employee,2019-04-29,46.1,low,anomaly,No action; keep in the baseline,0,0,0.0,0,7154541,0.4175796184336347,,43.2,23.9,49.2,48.1,53.4,47.0
main030,maintenance_engineer,employee,2019-04-07,46.1,low,external_foreign,No action; keep in the baseline,0,0,0.0,0,9111885,0.4077961932356606,,43.2,23.9,49.2,48.1,46.0,57.0
main028,maintenance_engineer,employee,2019-04-01,46.1,low,external_foreign,No action; keep in the baseline,0,4,0.0,0,3991522,0.402337690796724,,43.2,75.0,49.2,48.1,41.4,29.5
supe111,supervisor,employee,2019-04-08,46.1,low,anomaly,No action; keep in the baseline,0,2,0.0,0,0,0.44284237949204835,,43.2,57.6,49.2,48.1,68.4,5.1
cont089,contractor_surveyor,contractor,2019-04-14,46.1,low,anomaly,No action; keep in the baseline,0,0,0.0,0,3033795,0.44846618920513504,,43.2,23.9,49.2,48.1,71.0,23.7
main031,maintenance_engineer,employee,2019-04-18,46.1,low,external_foreign,No action; keep in the baseline,0,0,0.0,0,10288225,0.4029149049027979,,43.2,23.9,49.2,48.1,42.0,62.5
supe104,supervisor,employee,2019-04-23,46.1,low,external_foreign,No action; keep in the baseline,0,5,0.0,0,8967125,0.37886251851445846,,43.2,82.0,49.2,48.1,17.8,56.1
cont086,contractor_surveyor,contractor,2019-04-18,46.1,low,external_foreign,No action; keep in the baseline,0,4,0.0,0,7071327,0.38734228125301534,,43.2,75.0,49.2,48.1,28.5,46.6
supe109,supervisor,employee,2019-04-16,46.1,low,egress,No action; keep in the baseline,0,3,0.0,0,11404848,0.3784885375720077,,43.2,66.4,49.2,48.1,17.4,66.9
cont004,control_room_operator,employee,2019-04-29,46.0,low,external_foreign,No action; keep in the baseline,0,3,0.0,0,9688673,0.38218359026021154,,43.2,66.4,49.2,48.1,22.3,59.6
vend074,vendor_technician,vendor,2019-04-26,46.0,low,external_foreign,No action; keep in the baseline,0,5,0.0,0,5290316,0.39039207650679003,,43.2,82.0,49.2,48.1,31.5,37.0
mine101,mine_planner,employee,2019-04-22,46.0,low,egress,No action; keep in the baseline,0,3,0.0,0,11554888,0.37812746023248,,43.2,66.4,49.2,48.1,16.9,67.3
ot056,ot_network_admin,employee,2019-04-07,46.0,low,external_foreign,No action; keep in the baseline,0,4,0.0,0,10023633,0.37800326405584017,,43.2,75.0,49.2,48.1,16.7,61.3
main039,maintenance_engineer,employee,2019-04-03,46.0,low,egress,No action; keep in the baseline,0,0,0.0,0,15195574,0.3874963939107251,,43.2,23.9,49.2,48.1,28.8,79.3
cont011,control_room_operator,employee,2019-04-17,46.0,low,external_foreign,No action; keep in the baseline,0,1,0.0,0,6294653,0.4039023402040644,,43.2,50.8,49.2,48.1,42.8,42.8
cont082,contractor_surveyor,contractor,2019-04-13,46.0,low,anomaly,No action; keep in the baseline,0,0,0.0,0,6744775,0.41950882544685353,,43.2,23.9,49.2,48.1,54.8,45.0
it064,it_service_desk,employee,2019-04-22,46.0,low,external_foreign,No action; keep in the baseline,0,2,0.0,0,5399582,0.4046718198059217,,43.2,57.6,49.2,48.1,43.4,37.7
main027,maintenance_engineer,employee,2019-04-15,46.0,low,egress,No action; keep in the baseline,0,2,0.0,0,13406679,0.3768186508395856,,43.2,57.6,49.2,48.1,15.5,74.3
ot053,ot_network_admin,employee,2019-04-25,45.9,low,external_foreign,No action; keep in the baseline,0,0,0.0,0,10047290,0.40282793278553497,,43.2,23.9,49.2,48.1,42.0,61.4
cont086,contractor_surveyor,contractor,2019-04-09,45.9,low,egress,No action; keep in the baseline,0,0,0.0,0,15119001,0.38697107571658246,,43.2,23.9,49.2,48.1,28.4,79.2
cont084,contractor_surveyor,contractor,2019-04-25,45.9,low,external_foreign,No action; keep in the baseline,0,0,0.0,0,10034690,0.4026798492576166,,43.2,23.9,49.2,48.1,41.8,61.3
cont025,control_room_operator,employee,2019-04-09,45.9,low,external_foreign,No action; keep in the baseline,0,2,0.0,0,10900317,0.3819682880150453,,43.2,57.6,49.2,48.1,22.2,64.7
cont001,control_room_operator,employee,2019-04-17,45.8,low,anomaly,No action; keep in the baseline,0,3,0.0,0,40576,0.42586679620195866,,43.2,66.4,49.2,48.1,58.6,10.4
cont087,contractor_surveyor,contractor,2019-04-18,45.8,low,egress,No action; keep in the baseline,0,0,0.0,0,11952062,0.395843849363682,,43.2,23.9,49.2,48.1,35.9,68.6
cont017,control_room_operator,employee,2019-04-17,45.8,low,anomaly,No action; keep in the baseline,0,1,0.0,0,0,0.44615620336248074,,43.2,50.8,49.2,48.1,69.9,5.1
ot053,ot_network_admin,employee,2019-04-22,45.8,low,anomaly,No action; keep in the baseline,0,2,0.0,0,2563331,0.4196719056200023,,43.2,57.6,49.2,48.1,55.0,20.6
cont089,contractor_surveyor,contractor,2019-04-27,45.8,low,anomaly,No action; keep in the baseline,0,1,0.0,0,0,0.44615620336248074,,43.2,50.8,49.2,48.1,69.9,5.1
it060,it_service_desk,employee,2019-04-30,45.8,low,anomaly,No action; keep in the baseline,0,0,0.0,0,6485300,0.4189567089465699,,43.2,23.9,49.2,48.1,54.4,43.7
cont013,control_room_operator,employee,2019-04-19,45.8,low,external_foreign,No action; keep in the baseline,0,2,0.0,0,4543507,0.40823308279530324,,43.2,57.6,49.2,48.1,46.3,32.3
cont015,control_room_operator,employee,2019-04-19,45.8,low,anomaly,No action; keep in the baseline,0,1,0.0,0,0,0.44615620336248074,,43.2,50.8,49.2,48.1,69.9,5.1
main030,maintenance_engineer,employee,2019-04-27,45.8,low,external_foreign,No action; keep in the baseline,0,3,0.0,0,4556936,0.4027167010632577,,43.2,66.4,49.2,48.1,41.9,32.6
vend069,vendor_technician,vendor,2019-04-18,45.8,low,anomaly,No action; keep in the baseline,0,0,0.0,0,7523610,0.41389378497744933,,43.2,23.9,49.2,48.1,50.5,49.3
cont001,control_room_operator,employee,2019-04-07,45.7,low,external_foreign,No action; keep in the baseline,0,5,0.0,0,5274223,0.3886468223059281,,43.2,82.0,49.2,48.1,30.0,36.9
main029,maintenance_engineer,employee,2019-04-12,45.7,low,egress,No action; keep in the baseline,0,0,0.0,0,11731400,0.39609726725148003,,43.2,23.9,49.2,48.1,36.0,68.1
cont009,control_room_operator,employee,2019-04-23,45.7,low,external_foreign,No action; keep in the baseline,0,4,0.0,0,8305853,0.3814992773844032,,43.2,75.0,49.2,48.1,21.4,53.4
cont007,control_room_operator,employee,2019-04-13,45.7,low,anomaly,No action; keep in the baseline,0,3,0.0,0,2609417,0.41338566514765945,,43.2,66.4,49.2,48.1,50.1,21.0
it065,it_service_desk,employee,2019-04-09,45.7,low,anomaly,No action; keep in the baseline,0,0,0.0,0,6679293,0.4171874007577872,,43.2,23.9,49.2,48.1,53.2,44.7
mine093,mine_planner,employee,2019-04-14,45.7,low,anomaly,No action; keep in the baseline,0,0,0.0,0,7396716,0.41389378497744933,,43.2,23.9,49.2,48.1,50.5,48.6
mine097,mine_planner,employee,2019-04-02,45.7,low,external_foreign,No action; keep in the baseline,0,7,0.0,0,2804509,0.39687128556015355,,43.2,91.1,49.2,48.1,36.6,22.3
mine094,mine_planner,employee,2019-04-26,45.7,low,external_foreign,No action; keep in the baseline,0,0,0.0,0,10154790,0.40083809801714854,,43.2,23.9,49.2,48.1,40.3,62.1
cont018,control_room_operator,employee,2019-04-01,45.7,low,external_foreign,No action; keep in the baseline,0,5,0.0,0,7130221,0.3823498542719575,,43.2,82.0,49.2,48.1,22.6,46.8
vend070,vendor_technician,vendor,2019-04-25,45.6,low,anomaly,No action; keep in the baseline,0,3,0.0,0,745610,0.42050843123628245,,43.2,66.4,49.2,48.1,55.6,12.7
cont025,control_room_operator,employee,2019-04-24,45.6,low,egress,No action; keep in the baseline,0,3,0.0,0,11380026,0.37638293823013086,,43.2,66.4,49.2,48.1,15.0,66.7
supe109,supervisor,employee,2019-04-02,45.6,low,egress,No action; keep in the baseline,0,0,0.0,0,13036636,0.3902096008527901,,43.2,23.9,49.2,48.1,31.3,73.0
it062,it_service_desk,employee,2019-04-11,45.6,low,anomaly,No action; keep in the baseline,0,0,0.0,0,6343091,0.41866998505911385,,43.2,23.9,49.2,48.1,54.0,43.1
main049,maintenance_engineer,employee,2019-04-07,45.6,low,anomaly,No action; keep in the baseline,0,0,0.0,0,2917838,0.4441557058152172,,43.2,23.9,49.2,48.1,69.1,22.8
cont008,control_room_operator,employee,2019-04-14,45.5,low,external_foreign,No action; keep in the baseline,0,6,0.0,0,2570325,0.39947093898173774,,43.2,87.3,49.2,48.1,38.6,20.6
main033,maintenance_engineer,employee,2019-04-22,45.5,low,egress,No action; keep in the baseline,0,0,0.0,0,11171228,0.39693635849012837,,43.2,23.9,49.2,48.1,36.7,65.8
main031,maintenance_engineer,employee,2019-04-20,45.5,low,egress,No action; keep in the baseline,0,0,0.0,0,13362120,0.38894303850356376,,43.2,23.9,49.2,48.1,30.4,74.1
main047,maintenance_engineer,employee,2019-04-16,45.5,low,external_foreign,No action; keep in the baseline,0,0,0.0,0,11018956,0.3975896835475462,,43.2,23.9,49.2,48.1,37.0,65.1
main044,maintenance_engineer,employee,2019-04-05,45.5,low,egress,No action; keep in the baseline,0,0,0.0,0,13653809,0.3882597248515232,,43.2,23.9,49.2,48.1,29.5,75.0
main041,maintenance_engineer,employee,2019-04-03,45.5,low,egress,No action; keep in the baseline,0,4,0.0,0,11420807,0.3719014184266749,,43.2,75.0,49.2,48.1,10.1,67.0
cont012,control_room_operator,employee,2019-04-12,45.5,low,anomaly,No action; keep in the baseline,0,2,0.0,0,0,0.43700622323263577,,43.2,57.6,49.2,48.1,64.9,5.1
main050,maintenance_engineer,employee,2019-04-30,45.5,low,external_foreign,No action; keep in the baseline,0,5,0.0,0,5543968,0.38569622161441114,,43.2,82.0,49.2,48.1,27.5,38.8
cont016,control_room_operator,employee,2019-04-01,45.5,low,egress,No action; keep in the baseline,0,0,0.0,0,12169452,0.3931219894646786,,43.2,23.9,49.2,48.1,33.6,69.5
cont003,control_room_operator,employee,2019-04-04,45.5,low,external_foreign,No action; keep in the baseline,0,6,0.0,0,7044832,0.38035573247541876,,43.2,87.3,49.2,48.1,19.4,46.4
cont088,contractor_surveyor,contractor,2019-04-16,45.4,low,external_foreign,No action; keep in the baseline,0,0,0.0,0,7755421,0.40975582986094455,,43.2,23.9,49.2,48.1,47.7,50.5
main028,maintenance_engineer,employee,2019-04-06,45.4,low,external_foreign,No action; keep in the baseline,0,6,0.0,0,5547703,0.3840314146982429,,43.2,87.3,49.2,48.1,24.7,38.9
main041,maintenance_engineer,employee,2019-04-15,45.4,low,external_foreign,No action; keep in the baseline,0,4,0.0,0,9860827,0.3760994197405124,,43.2,75.0,49.2,48.1,14.6,60.3
mine094,mine_planner,employee,2019-04-09,45.4,low,egress,No action; keep in the baseline,0,0,0.0,0,12062373,0.39259762493948364,,43.2,23.9,49.2,48.1,33.3,69.1
main034,maintenance_engineer,employee,2019-04-12,45.4,low,anomaly,No action; keep in the baseline,0,2,0.0,0,2394268,0.4182079479987074,,43.2,57.6,49.2,48.1,53.8,19.6
main027,maintenance_engineer,employee,2019-04-29,45.4,low,egress,No action; keep in the baseline,0,4,0.0,0,11251924,0.3715992765834234,,43.2,75.0,49.2,48.1,9.9,66.3
main045,maintenance_engineer,employee,2019-04-27,45.3,low,external_foreign,No action; keep in the baseline,0,3,0.0,0,3273148,0.4063650189648987,,43.2,66.4,49.2,48.1,44.7,25.3
mine095,mine_planner,employee,2019-04-13,45.3,low,external_foreign,No action; keep in the baseline,0,0,0.0,0,9109987,0.4032611612598015,,43.2,23.9,49.2,48.1,42.3,56.9
supe108,supervisor,employee,2019-04-09,45.3,low,external_foreign,No action; keep in the baseline,0,0,0.0,0,7828070,0.4083732611819983,,43.2,23.9,49.2,48.1,46.5,50.9
cont005,control_room_operator,employee,2019-04-11,45.3,low,egress,No action; keep in the baseline,0,1,0.0,0,12262206,0.3798041429440019,,43.2,50.8,49.2,48.1,18.9,69.8
it064,it_service_desk,employee,2019-04-15,45.3,low,egress,No action; keep in the baseline,0,0,0.0,0,13355676,0.388071996018938,,43.2,23.9,49.2,48.1,29.3,74.1
mine092,mine_planner,employee,2019-04-19,45.3,low,external_foreign,No action; keep in the baseline,0,1,0.0,0,9521999,0.38547883215236844,,43.2,50.8,49.2,48.1,27.3,58.6
main037,maintenance_engineer,employee,2019-04-22,45.3,low,anomaly,No action; keep in the baseline,0,3,0.0,0,94885,0.4207193910511852,,43.2,66.4,49.2,48.1,55.8,10.6
cont024,control_room_operator,employee,2019-04-19,45.3,low,external_foreign,No action; keep in the baseline,0,4,0.0,0,7811617,0.3812163010398776,,43.2,75.0,49.2,48.1,21.1,50.7
cont021,control_room_operator,employee,2019-04-28,45.2,low,egress,No action; keep in the baseline,0,0,0.0,0,11668190,0.3931425567532815,,43.2,23.9,49.2,48.1,33.6,67.8
mine100,mine_planner,employee,2019-04-26,45.2,low,anomaly,No action; keep in the baseline,0,2,0.0,0,586280,0.4252202147109902,,43.2,57.6,49.2,48.1,58.3,12.1
it061,it_service_desk,employee,2019-04-23,45.2,low,anomaly,No action; keep in the baseline,0,2,0.0,0,604528,0.4251632475461284,,43.2,57.6,49.2,48.1,58.3,12.2
vend076,vendor_technician,vendor,2019-04-25,45.2,low,external_foreign,No action; keep in the baseline,0,3,0.0,0,4197698,0.40084273417877625,,43.2,66.4,49.2,48.1,40.3,30.6
mine103,mine_planner,employee,2019-04-13,45.2,low,external_foreign,No action; keep in the baseline,0,0,0.0,0,7156041,0.41180781826544843,,43.2,23.9,49.2,48.1,49.2,47.0
cont020,control_room_operator,employee,2019-04-11,45.2,low,egress,No action; keep in the baseline,0,0,0.0,0,12577336,0.3900649271652006,,43.2,23.9,49.2,48.1,31.1,70.8
cont026,control_room_operator,employee,2019-04-05,45.2,low,egress,No action; keep in the baseline,0,0,0.0,0,14503624,0.3844176257886329,,43.2,23.9,49.2,48.1,26.3,77.6
cont079,contractor_surveyor,contractor,2019-04-17,45.2,low,egress,No action; keep in the baseline,0,0,0.0,0,12425311,0.3902812694967872,,43.2,23.9,49.2,48.1,31.4,70.2
main042,maintenance_engineer,employee,2019-04-07,45.2,low,external_foreign,No action; keep in the baseline,0,5,0.0,0,8936565,0.3747057991745643,,43.2,82.0,49.2,48.1,13.2,55.9
main035,maintenance_engineer,employee,2019-04-19,45.2,low,anomaly,No action; keep in the baseline,0,2,0.0,0,422349,0.42611173108430317,,43.2,57.6,49.2,48.1,58.6,11.6
cont018,control_room_operator,employee,2019-04-15,45.2,low,external_foreign,No action; keep in the baseline,0,4,0.0,0,9599562,0.3762161573632063,,43.2,75.0,49.2,48.1,14.8,59.0
cont010,control_room_operator,employee,2019-04-17,45.2,low,external_foreign,No action; keep in the baseline,0,3,0.0,0,11121856,0.37534328189500527,,43.2,66.4,49.2,48.1,13.8,65.6
it063,it_service_desk,employee,2019-04-09,45.2,low,anomaly,No action; keep in the baseline,0,0,0.0,0,3076135,0.43925596246037907,,43.2,23.9,49.2,48.1,66.4,23.9
it064,it_service_desk,employee,2019-04-27,45.2,low,external_foreign,No action; keep in the baseline,0,3,0.0,0,6758238,0.38814600295672275,,43.2,66.4,49.2,48.1,29.4,45.1
vend073,vendor_technician,vendor,2019-04-05,45.2,low,anomaly,No action; keep in the baseline,0,2,0.0,0,2377058,0.4165432540175464,,43.2,57.6,49.2,48.1,52.9,19.4
cont014,control_room_operator,employee,2019-04-01,45.2,low,egress,No action; keep in the baseline,0,0,0.0,0,15850101,0.38352797316849013,,43.2,23.9,49.2,48.1,23.9,80.8
it062,it_service_desk,employee,2019-04-15,45.1,low,anomaly,No action; keep in the baseline,0,0,0.0,0,5863764,0.4172872059897154,,43.2,23.9,49.2,48.1,53.3,41.0
mine101,mine_planner,employee,2019-04-17,45.1,low,egress,No action; keep in the baseline,0,0,0.0,0,13438756,0.38622408916779427,,43.2,23.9,49.2,48.1,27.9,74.5
cont013,control_room_operator,employee,2019-04-15,45.1,low,external_foreign,No action; keep in the baseline,0,3,0.0,0,6170119,0.3895231793825062,,43.2,66.4,49.2,48.1,30.6,42.4
vend072,vendor_technician,vendor,2019-04-13,45.1,low,anomaly,No action; keep in the baseline,0,0,0.0,0,5745124,0.4177583275364542,,43.2,23.9,49.2,48.1,53.5,40.2
cont080,contractor_surveyor,contractor,2019-04-27,45.1,low,external_foreign,No action; keep in the baseline,0,1,0.0,0,9141544,0.38559423572478924,,43.2,50.8,49.2,48.1,27.4,57.2
cont084,contractor_surveyor,contractor,2019-04-05,45.1,low,anomaly,No action; keep in the baseline,0,0,0.0,0,4091799,0.43136823530342117,,43.2,23.9,49.2,48.1,61.5,29.9
cont089,contractor_surveyor,contractor,2019-04-12,45.1,low,external_foreign,No action; keep in the baseline,0,4,0.0,0,4856152,0.3920382632539796,,43.2,75.0,49.2,48.1,32.8,34.3
it063,it_service_desk,employee,2019-04-08,45.1,low,egress,No action; keep in the baseline,0,0,0.0,0,15408071,0.3833580106358033,,43.2,23.9,49.2,48.1,23.7,80.1
ot058,ot_network_admin,employee,2019-04-28,45.1,low,external_foreign,No action; keep in the baseline,0,3,0.0,0,4285474,0.3999428616008953,,43.2,66.4,49.2,48.1,39.4,31.1
supe105,supervisor,employee,2019-04-03,45.0,low,anomaly,No action; keep in the baseline,0,0,0.0,0,5157443,0.4221089489383117,,43.2,23.9,49.2,48.1,56.4,36.0
it060,it_service_desk,employee,2019-04-27,45.0,low,external_foreign,No action; keep in the baseline,0,1,0.0,0,7908705,0.3902179113222622,,43.2,50.8,49.2,48.1,31.4,51.3
main031,maintenance_engineer,employee,2019-04-08,45.0,low,external_foreign,No action; keep in the baseline,0,3,0.0,0,10925306,0.37505928527432403,,43.2,66.4,49.2,48.1,13.5,64.8
main032,maintenance_engineer,employee,2019-04-04,45.0,low,external_foreign,No action; keep in the baseline,0,3,0.0,0,7202727,0.38487527532447496,,43.2,66.4,49.2,48.1,26.6,47.3
mine095,mine_planner,employee,2019-04-06,45.0,low,external_foreign,No action; keep in the baseline,0,1,0.0,0,4753025,0.4063601831999364,,43.2,50.8,49.2,48.1,44.7,33.7
main028,maintenance_engineer,employee,2019-04-25,45.0,low,anomaly,No action; keep in the baseline,0,3,0.0,0,843343,0.41581844179629646,,43.2,66.4,49.2,48.1,52.3,13.2
cont089,contractor_surveyor,contractor,2019-04-10,45.0,low,external_foreign,No action; keep in the baseline,0,4,0.0,0,4605590,0.3927159957293224,,43.2,75.0,49.2,48.1,33.3,32.9
cont025,control_room_operator,employee,2019-04-12,45.0,low,external_foreign,No action; keep in the baseline,0,4,0.0,0,7815184,0.38082786034602445,,43.2,75.0,49.2,48.1,19.9,50.8
it067,it_service_desk,employee,2019-04-29,44.9,low,external_foreign,No action; keep in the baseline,0,0,0.0,0,8189793,0.4043024304997366,,43.2,23.9,49.2,48.1,43.1,52.9
main049,maintenance_engineer,employee,2019-04-03,44.9,low,external_foreign,No action; keep in the baseline,0,0,0.0,0,6937166,0.4106233695444228,,43.2,23.9,49.2,48.1,48.5,45.8
ot051,ot_network_admin,employee,2019-04-22,44.9,low,external_foreign,No action; keep in the baseline,0,0,0.0,0,10422188,0.39557205052676786,,43.2,23.9,49.2,48.1,35.6,62.9
it059,it_service_desk,employee,2019-04-23,44.9,low,anomaly,No action; keep in the baseline,0,0,0.0,0,3607564,0.4325139924990207,,43.2,23.9,49.2,48.1,62.3,27.1
it066,it_service_desk,employee,2019-04-03,44.9,low,anomaly,No action; keep in the baseline,0,0,0.0,0,6648428,0.4124508525613027,,43.2,23.9,49.2,48.1,49.6,44.5
it066,it_service_desk,employee,2019-04-19,44.8,low,external_foreign,No action; keep in the baseline,0,0,0.0,0,7565550,0.40706143261205213,,43.2,23.9,49.2,48.1,45.4,49.5
cont002,control_room_operator,employee,2019-04-04,44.8,low,external_foreign,No action; keep in the baseline,0,3,0.0,0,5149678,0.39381474990575316,,43.2,66.4,49.2,48.1,34.1,36.0
it061,it_service_desk,employee,2019-04-20,44.8,low,external_foreign,No action; keep in the baseline,0,0,0.0,0,9740758,0.398454465073059,,43.2,23.9,49.2,48.1,37.8,59.7
ot053,ot_network_admin,employee,2019-04-19,44.8,low,anomaly,No action; keep in the baseline,0,0,0.0,0,1347185,0.44890555645027275,,43.2,23.9,49.2,48.1,71.3,14.9
cont079,contractor_surveyor,contractor,2019-04-14,44.8,low,external_foreign,No action; keep in the baseline,0,3,0.0,0,10141424,0.3763203556733675,,43.2,66.4,49.2,48.1,14.9,61.9
main043,maintenance_engineer,employee,2019-04-23,44.8,low,external_foreign,No action; keep in the baseline,0,0,0.0,0,8022863,0.4051218375605231,,43.2,23.9,49.2,48.1,43.7,51.9
cont087,contractor_surveyor,contractor,2019-04-07,44.7,low,anomaly,No action; keep in the baseline,0,0,0.0,0,4552386,0.42368736545383295,,43.2,23.9,49.2,48.1,57.3,32.4
main031,maintenance_engineer,employee,2019-04-03,44.7,low,anomaly,No action; keep in the baseline,0,0,0.0,0,4578199,0.4232528188341677,,43.2,23.9,49.2,48.1,57.1,32.7
cont001,control_room_operator,employee,2019-04-25,44.7,low,external_foreign,No action; keep in the baseline,0,4,0.0,0,5624401,0.38521611799603916,,43.2,75.0,49.2,48.1,27.0,39.1
mine101,mine_planner,employee,2019-04-13,44.7,low,external_foreign,No action; keep in the baseline,0,5,0.0,0,6752972,0.38017037761789296,,43.2,82.0,49.2,48.1,19.1,45.1
mine091,mine_planner,employee,2019-04-18,44.7,low,anomaly,No action; keep in the baseline,0,0,0.0,0,4061678,0.42703136140156783,,43.2,23.9,49.2,48.1,59.2,29.8
main032,maintenance_engineer,employee,2019-04-03,44.7,low,egress,No action; keep in the baseline,0,0,0.0,0,12496785,0.38778757166737765,,43.2,23.9,49.2,48.1,29.2,70.5
cont008,control_room_operator,employee,2019-04-06,44.7,low,external_foreign,No action; keep in the baseline,0,5,0.0,0,4505361,0.38728303638486955,,43.2,82.0,49.2,48.1,28.5,32.2
cont010,control_room_operator,employee,2019-04-27,44.7,low,external_foreign,No action; keep in the baseline,0,5,0.0,0,6615928,0.3803221952978782,,43.2,82.0,49.2,48.1,19.3,44.3
mine093,mine_planner,employee,2019-04-26,44.7,low,external_foreign,No action; keep in the baseline,0,0,0.0,0,7812035,0.4051954496562339,,43.2,23.9,49.2,48.1,43.8,50.7
ot056,ot_network_admin,employee,2019-04-01,44.7,low,external_foreign,No action; keep in the baseline,0,0,0.0,0,9253072,0.39919716680672634,,43.2,23.9,49.2,48.1,38.3,57.8
cont001,control_room_operator,employee,2019-04-28,44.7,low,external_foreign,No action; keep in the baseline,0,3,0.0,0,2004732,0.4090964986078919,,43.2,66.4,49.2,48.1,47.2,17.7
cont025,control_room_operator,employee,2019-04-07,44.7,low,external_foreign,No action; keep in the baseline,0,5,0.0,0,5906288,0.38183675470302797,,43.2,82.0,49.2,48.1,22.0,41.2
cont085,contractor_surveyor,contractor,2019-04-09,44.6,low,external_foreign,No action; keep in the baseline,0,0,0.0,0,8507447,0.4009102669746423,,43.2,23.9,49.2,48.1,40.4,54.4
cont016,control_room_operator,employee,2019-04-03,44.6,low,external_foreign,No action; keep in the baseline,0,2,0.0,0,8333837,0.3839561974848586,,43.2,57.6,49.2,48.1,24.5,53.6
it060,it_service_desk,employee,2019-04-12,44.6,low,external_foreign,No action; keep in the baseline,0,0,0.0,0,9778393,0.39661639906261065,,43.2,23.9,49.2,48.1,36.4,59.9
it065,it_service_desk,employee,2019-04-18,44.6,low,egress,No action; keep in the baseline,0,0,0.0,0,12243657,0.3878325145164848,,43.2,23.9,49.2,48.1,29.2,69.7
cont004,control_room_operator,employee,2019-04-12,44.6,low,external_foreign,No action; keep in the baseline,0,5,0.0,0,7408817,0.37704101887411656,,43.2,82.0,49.2,48.1,15.5,48.7
cont010,control_room_operator,employee,2019-04-10,44.6,low,external_foreign,No action; keep in the baseline,0,2,0.0,0,2583595,0.4110945461745419,,43.2,57.6,49.2,48.1,48.7,20.8
cont025,control_room_operator,employee,2019-04-04,44.5,low,egress,No action; keep in the baseline,0,0,0.0,0,15079217,0.38154163624992127,,43.2,23.9,49.2,48.1,21.5,79.1
cont078,contractor_surveyor,contractor,2019-04-01,44.5,low,anomaly,No action; keep in the baseline,0,2,0.0,0,0,0.4285436978948796,,43.2,57.6,49.2,48.1,60.1,5.1
cont026,control_room_operator,employee,2019-04-23,44.5,low,external_foreign,No action; keep in the baseline,0,2,0.0,0,10809650,0.3770583466233655,,43.2,57.6,49.2,48.1,15.6,64.4
mine103,mine_planner,employee,2019-04-21,44.5,low,anomaly,No action; keep in the baseline,0,2,0.0,0,0,0.4285436978948796,,43.2,57.6,49.2,48.1,60.1,5.1
cont014,control_room_operator,employee,2019-04-08,44.5,low,external_foreign,No action; keep in the baseline,0,5,0.0,0,776346,0.4029814159434931,,43.2,82.0,49.2,48.1,42.1,12.9
cont084,contractor_surveyor,contractor,2019-04-21,44.5,low,egress,No action; keep in the baseline,0,0,0.0,0,12555485,0.3864236440985773,,43.2,23.9,49.2,48.1,27.9,70.7
main040,maintenance_engineer,employee,2019-04-15,44.5,low,anomaly,No action; keep in the baseline,0,2,0.0,0,0,0.4285436978948796,,43.2,57.6,49.2,48.1,60.1,5.1
mine103,mine_planner,employee,2019-04-03,44.5,low,anomaly,No action; keep in the baseline,0,2,0.0,0,0,0.4285436978948796,,43.2,57.6,49.2,48.1,60.1,5.1
ot058,ot_network_admin,employee,2019-04-13,44.5,low,anomaly,No action; keep in the baseline,0,2,0.0,0,0,0.4285436978948796,,43.2,57.6,49.2,48.1,60.1,5.1
cont021,control_room_operator,employee,2019-04-26,44.5,low,external_foreign,No action; keep in the baseline,0,5,0.0,0,3586970,0.3905509401038165,,43.2,82.0,49.2,48.1,31.6,27.0
ot055,ot_network_admin,employee,2019-04-04,44.5,low,anomaly,No action; keep in the baseline,0,2,0.0,0,0,0.4285436978948796,,43.2,57.6,49.2,48.1,60.1,5.1
cont010,control_room_operator,employee,2019-04-29,44.5,low,anomaly,No action; keep in the baseline,0,2,0.0,0,0,0.4285436978948796,,43.2,57.6,49.2,48.1,60.1,5.1
cont004,control_room_operator,employee,2019-04-25,44.5,low,external_foreign,No action; keep in the baseline,0,4,0.0,0,7565246,0.37922728066000627,,43.2,75.0,49.2,48.1,18.2,49.4
vend069,vendor_technician,vendor,2019-04-10,44.4,low,external_foreign,No action; keep in the baseline,0,5,0.0,0,373117,0.40411614956940173,,43.2,82.0,49.2,48.1,42.8,11.4
main029,maintenance_engineer,employee,2019-04-03,44.4,low,external_foreign,No action; keep in the baseline,0,0,0.0,0,10158709,0.3935320650374069,,43.2,23.9,49.2,48.1,33.8,62.1
cont082,contractor_surveyor,contractor,2019-04-08,44.4,low,external_foreign,No action; keep in the baseline,0,0,0.0,0,6251945,0.4103687897060794,,43.2,23.9,49.2,48.1,48.3,42.7
ot054,ot_network_admin,employee,2019-04-15,44.4,low,external_foreign,No action; keep in the baseline,0,0,0.0,0,9210149,0.3976307045002013,,43.2,23.9,49.2,48.1,37.1,57.5
supe105,supervisor,employee,2019-04-11,44.4,low,anomaly,No action; keep in the baseline,0,0,0.0,0,2708421,0.4354204541632692,,43.2,23.9,49.2,48.1,64.2,21.5
mine098,mine_planner,employee,2019-04-16,44.4,low,external_foreign,No action; keep in the baseline,0,3,0.0,0,3227094,0.400869717215547,,43.2,66.4,49.2,48.1,40.4,25.0
ot055,ot_network_admin,employee,2019-04-01,44.4,low,external_foreign,No action; keep in the baseline,0,2,0.0,0,7523166,0.38453709826659016,,43.2,57.6,49.2,48.1,26.4,49.3
it063,it_service_desk,employee,2019-04-15,44.4,low,external_foreign,No action; keep in the baseline,0,3,0.0,0,5708495,0.388200860218999,,43.2,66.4,49.2,48.1,29.4,39.7
main037,maintenance_engineer,employee,2019-04-30,44.4,low,egress,No action; keep in the baseline,0,0,0.0,0,11293990,0.3896620732948267,,43.2,23.9,49.2,48.1,30.7,66.4
cont007,control_room_operator,employee,2019-04-03,44.4,low,external_foreign,No action; keep in the baseline,0,1,0.0,0,6357268,0.3942693293734264,,43.2,50.8,49.2,48.1,34.7,43.2
it059,it_service_desk,employee,2019-04-18,44.3,low,anomaly,No action; keep in the baseline,0,0,0.0,0,5116410,0.416790304351831,,43.2,23.9,49.2,48.1,53.0,35.7
cont078,contractor_surveyor,contractor,2019-04-27,44.3,low,external_foreign,No action; keep in the baseline,0,0,0.0,0,6997655,0.40642958590547945,,43.2,23.9,49.2,48.1,45.2,46.1
main042,maintenance_engineer,employee,2019-04-28,44.3,low,external_foreign,No action; keep in the baseline,0,0,0.0,0,9914295,0.3938816388192638,,43.2,23.9,49.2,48.1,34.2,60.7
cont079,contractor_surveyor,contractor,2019-04-02,44.3,low,egress,No action; keep in the baseline,0,0,0.0,0,13247014,0.38404549261158294,,43.2,23.9,49.2,48.1,24.7,73.7
mine100,mine_planner,employee,2019-04-06,44.3,low,external_foreign,No action; keep in the baseline,0,0,0.0,0,7355162,0.4050600123799716,,43.2,23.9,49.2,48.1,43.6,48.1
vend077,vendor_technician,vendor,2019-04-19,44.3,low,external_foreign,No action; keep in the baseline,0,3,0.0,0,3465555,0.39971048522397945,,43.2,66.4,49.2,48.1,38.8,26.3
supe113,supervisor,employee,2019-04-27,44.3,low,external_foreign,No action; keep in the baseline,0,4,0.0,0,6110989,0.3822001216488322,,43.2,75.0,49.2,48.1,22.4,42.2
main031,maintenance_engineer,employee,2019-04-17,44.3,low,egress,No action; keep in the baseline,0,0,0.0,0,13259282,0.38387038523517447,,43.2,23.9,49.2,48.1,24.3,73.7
main042,maintenance_engineer,employee,2019-04-22,44.3,low,external_foreign,No action; keep in the baseline,0,1,0.0,0,6134280,0.39428661664404097,,43.2,50.8,49.2,48.1,34.8,42.3
cont001,control_room_operator,employee,2019-04-09,44.2,low,anomaly,No action; keep in the baseline,0,2,0.0,0,0,0.42643139970619315,,43.2,57.6,49.2,48.1,58.8,5.1
vend077,vendor_technician,vendor,2019-04-29,44.2,low,external_foreign,No action; keep in the baseline,0,4,0.0,0,4580026,0.3880388794223342,,43.2,75.0,49.2,48.1,29.3,32.7
main036,maintenance_engineer,employee,2019-04-17,44.2,low,anomaly,No action; keep in the baseline,0,2,0.0,0,0,0.42643139970619315,,43.2,57.6,49.2,48.1,58.8,5.1
main048,maintenance_engineer,employee,2019-04-25,44.2,low,anomaly,No action; keep in the baseline,0,1,0.0,0,0,0.4324212697889015,,43.2,50.8,49.2,48.1,62.2,5.1
vend071,vendor_technician,vendor,2019-04-25,44.2,low,anomaly,No action; keep in the baseline,0,2,0.0,0,0,0.42643139970619315,,43.2,57.6,49.2,48.1,58.8,5.1
cont004,control_room_operator,employee,2019-04-09,44.2,low,anomaly,No action; keep in the baseline,0,1,0.0,0,0,0.4324212697889015,,43.2,50.8,49.2,48.1,62.2,5.1
cont024,control_room_operator,employee,2019-04-13,44.2,low,anomaly,No action; keep in the baseline,0,1,0.0,0,0,0.4324212697889015,,43.2,50.8,49.2,48.1,62.2,5.1
mine099,mine_planner,employee,2019-04-12,44.2,low,external_foreign,No action; keep in the baseline,0,0,0.0,0,5839163,0.4113557184612351,,43.2,23.9,49.2,48.1,49.0,40.6
main044,maintenance_engineer,employee,2019-04-24,44.2,low,external_foreign,No action; keep in the baseline,0,3,0.0,0,5076155,0.3905855237037679,,43.2,66.4,49.2,48.1,31.7,35.5
cont005,control_room_operator,employee,2019-04-26,44.2,low,anomaly,No action; keep in the baseline,0,1,0.0,0,0,0.4324212697889015,,43.2,50.8,49.2,48.1,62.2,5.1
supe108,supervisor,employee,2019-04-17,44.2,low,external_foreign,No action; keep in the baseline,0,3,0.0,0,4461442,0.39409727768033015,,43.2,66.4,49.2,48.1,34.4,31.8
vend071,vendor_technician,vendor,2019-04-20,44.2,low,anomaly,No action; keep in the baseline,0,1,0.0,0,0,0.4324212697889015,,43.2,50.8,49.2,48.1,62.2,5.1
cont005,control_room_operator,employee,2019-04-03,44.2,low,external_foreign,No action; keep in the baseline,0,0,0.0,0,10125998,0.39215395180194096,,43.2,23.9,49.2,48.1,32.8,61.9
cont010,control_room_operator,employee,2019-04-04,44.2,low,anomaly,No action; keep in the baseline,0,2,0.0,0,0,0.42643139970619315,,43.2,57.6,49.2,48.1,58.8,5.1
supe105,supervisor,employee,2019-04-16,44.2,low,external_foreign,No action; keep in the baseline,0,3,0.0,0,4156400,0.39519224261288594,,43.2,66.4,49.2,48.1,35.5,30.3
cont014,control_room_operator,employee,2019-04-03,44.2,low,external_foreign,No action; keep in the baseline,0,0,0.0,0,5847366,0.4110396966105338,,43.2,23.9,49.2,48.1,48.7,40.8
cont008,control_room_operator,employee,2019-04-16,44.2,low,external_foreign,No action; keep in the baseline,0,5,0.0,0,2769227,0.39328958923815,,43.2,82.0,49.2,48.1,33.7,22.0
cont080,contractor_surveyor,contractor,2019-04-08,44.2,low,anomaly,No action; keep in the baseline,0,0,0.0,0,2971811,0.4322942654314363,,43.2,23.9,49.2,48.1,62.0,23.4
ot056,ot_network_admin,employee,2019-04-14,44.2,low,anomaly,No action; keep in the baseline,0,1,0.0,0,0,0.4324212697889015,,43.2,50.8,49.2,48.1,62.2,5.1
supe104,supervisor,employee,2019-04-13,44.2,low,anomaly,No action; keep in the baseline,0,1,0.0,0,0,0.4324212697889015,,43.2,50.8,49.2,48.1,62.2,5.1
main029,maintenance_engineer,employee,2019-04-08,44.2,low,anomaly,No action; keep in the baseline,0,2,0.0,0,0,0.42643139970619315,,43.2,57.6,49.2,48.1,58.8,5.1
it061,it_service_desk,employee,2019-04-25,44.2,low,external_foreign,No action; keep in the baseline,0,1,0.0,0,3436256,0.4080667080170884,,43.2,50.8,49.2,48.1,46.2,26.1
cont006,control_room_operator,employee,2019-04-04,44.2,low,anomaly,No action; keep in the baseline,0,1,0.0,0,0,0.4324212697889015,,43.2,50.8,49.2,48.1,62.2,5.1
cont023,control_room_operator,employee,2019-04-27,44.1,low,external_foreign,No action; keep in the baseline,0,0,0.0,0,6687722,0.40684412879030174,,43.2,23.9,49.2,48.1,45.3,44.8
supe113,supervisor,employee,2019-04-18,44.1,low,external_foreign,No action; keep in the baseline,0,4,0.0,0,4967358,0.3852324943084787,,43.2,75.0,49.2,48.1,27.0,34.8
mine095,mine_planner,employee,2019-04-09,44.1,low,external_foreign,No action; keep in the baseline,0,0,0.0,0,6083393,0.40920437360546563,,43.2,23.9,49.2,48.1,47.3,41.9
cont082,contractor_surveyor,contractor,2019-04-12,44.1,low,egress,No action; keep in the baseline,0,0,0.0,0,16913087,0.3777180316470101,,43.2,23.9,49.2,48.1,16.4,83.2
main047,maintenance_engineer,employee,2019-04-11,44.1,low,anomaly,No action; keep in the baseline,0,0,0.0,0,3361989,0.4279580181945344,,43.2,23.9,49.2,48.1,59.7,25.6
it059,it_service_desk,employee,2019-04-09,44.0,low,external_foreign,No action; keep in the baseline,0,0,0.0,0,8021395,0.40020712261442015,,43.2,23.9,49.2,48.1,39.7,51.8
vend077,vendor_technician,vendor,2019-04-14,44.0,low,external_foreign,No action; keep in the baseline,0,3,0.0,0,8499540,0.37758044392753926,,43.2,66.4,49.2,48.1,16.2,54.3
cont079,contractor_surveyor,contractor,2019-04-16,44.0,low,anomaly,No action; keep in the baseline,0,0,0.0,0,1942192,0.43788819362843606,,43.2,23.9,49.2,48.1,65.4,17.5
ot057,ot_network_admin,employee,2019-04-17,44.0,low,external_foreign,No action; keep in the baseline,0,0,0.0,0,5557868,0.41126141375496805,,43.2,23.9,49.2,48.1,48.9,38.9
vend073,vendor_technician,vendor,2019-04-20,44.0,low,external_foreign,No action; keep in the baseline,0,4,0.0,0,4861075,0.38540890143369205,,43.2,75.0,49.2,48.1,27.2,34.3
mine102,mine_planner,employee,2019-04-19,43.9,low,egress,No action; keep in the baseline,0,0,0.0,0,14470850,0.38053329007814923,,43.2,23.9,49.2,48.1,19.6,77.4
mine100,mine_planner,employee,2019-04-20,43.9,low,external_foreign,No action; keep in the baseline,0,0,0.0,0,7056836,0.4044137400841363,,43.2,23.9,49.2,48.1,43.1,46.6
cont008,control_room_operator,employee,2019-04-04,43.9,low,external_foreign,No action; keep in the baseline,0,3,0.0,0,5055587,0.38908859501585225,,43.2,66.4,49.2,48.1,30.4,35.2
it060,it_service_desk,employee,2019-04-18,43.9,low,egress,No action; keep in the baseline,0,0,0.0,0,11154559,0.38693673850184906,,43.2,23.9,49.2,48.1,28.3,65.8
cont086,contractor_surveyor,contractor,2019-04-16,43.9,low,external_foreign,No action; keep in the baseline,0,4,0.0,0,732344,0.4036902083493033,,43.2,75.0,49.2,48.1,42.6,12.7
supe107,supervisor,employee,2019-04-27,43.9,low,anomaly,No action; keep in the baseline,0,0,0.0,0,2680468,0.43180520432977365,,43.2,23.9,49.2,48.1,61.8,21.3
supe105,supervisor,employee,2019-04-25,43.9,low,external_foreign,No action; keep in the baseline,0,3,0.0,0,4003936,0.3941600547224213,,43.2,66.4,49.2,48.1,34.5,29.5
cont012,control_room_operator,employee,2019-04-16,43.8,low,external_foreign,No action; keep in the baseline,0,1,0.0,0,3927493,0.4029869685210967,,43.2,50.8,49.2,48.1,42.1,29.0
mine092,mine_planner,employee,2019-04-15,43.8,low,egress,No action; keep in the baseline,0,0,0.0,0,11380675,0.38570253685643774,,43.2,23.9,49.2,48.1,27.5,66.7
ot053,ot_network_admin,employee,2019-04-07,43.8,low,external_foreign,No action; keep in the baseline,0,0,0.0,0,7749048,0.40017254989614853,,43.2,23.9,49.2,48.1,39.7,50.4
main047,maintenance_engineer,employee,2019-04-15,43.8,low,external_foreign,No action; keep in the baseline,0,0,0.0,0,7514693,0.4007471037139814,,43.2,23.9,49.2,48.1,40.2,49.2
main035,maintenance_engineer,employee,2019-04-22,43.8,low,external_foreign,No action; keep in the baseline,0,3,0.0,0,9061729,0.37493182294150984,,43.2,66.4,49.2,48.1,13.5,56.6
cont021,control_room_operator,employee,2019-04-14,43.8,low,external_foreign,No action; keep in the baseline,0,4,0.0,0,5616370,0.3819833728986414,,43.2,75.0,49.2,48.1,22.2,39.1
main040,maintenance_engineer,employee,2019-04-18,43.8,low,external_foreign,No action; keep in the baseline,0,4,0.0,0,7278635,0.3771781148451702,,43.2,75.0,49.2,48.1,15.8,47.9
cont021,control_room_operator,employee,2019-04-06,43.8,low,external_foreign,No action; keep in the baseline,0,4,0.0,0,2047179,0.39920001903243146,,43.2,75.0,49.2,48.1,38.3,17.8
main044,maintenance_engineer,employee,2019-04-28,43.8,low,egress,No action; keep in the baseline,0,0,0.0,0,14389336,0.38053329007814923,,43.2,23.9,49.2,48.1,19.6,77.1
cont085,contractor_surveyor,contractor,2019-04-25,43.7,low,external_foreign,No action; keep in the baseline,0,0,0.0,0,9714247,0.3909869832848488,,43.2,23.9,49.2,48.1,32.1,59.7
cont011,control_room_operator,employee,2019-04-27,43.7,low,external_foreign,No action; keep in the baseline,0,3,0.0,0,7281487,0.3806584352346598,,43.2,66.4,49.2,48.1,19.8,48.0
cont025,control_room_operator,employee,2019-04-06,43.7,low,anomaly,No action; keep in the baseline,0,0,0.0,0,5065575,0.4138673623570748,,43.2,23.9,49.2,48.1,50.4,35.4
main027,maintenance_engineer,employee,2019-05-01,43.7,low,anomaly,No action; keep in the baseline,0,2,0.0,0,1131079,0.41223167635642716,,43.2,57.6,49.2,48.1,49.5,14.1
it060,it_service_desk,employee,2019-04-04,43.7,low,external_foreign,No action; keep in the baseline,0,0,0.0,0,11069142,0.3861704789014351,,43.2,23.9,49.2,48.1,27.8,65.3
vend073,vendor_technician,vendor,2019-04-26,43.7,low,external_foreign,No action; keep in the baseline,0,0,0.0,0,8114982,0.398345170084386,,43.2,23.9,49.2,48.1,37.7,52.4
cont006,control_room_operator,employee,2019-04-28,43.7,low,external_foreign,No action; keep in the baseline,0,1,0.0,0,3081563,0.40736207564855503,,43.2,50.8,49.2,48.1,45.6,24.0
cont010,control_room_operator,employee,2019-04-05,43.7,low,external_foreign,No action; keep in the baseline,0,5,0.0,0,5101423,0.3812412151111265,,43.2,82.0,49.2,48.1,21.2,35.6
main037,maintenance_engineer,employee,2019-04-17,43.6,low,anomaly,No action; keep in the baseline,0,0,0.0,0,2692971,0.4287041053118624,,43.2,23.9,49.2,48.1,60.4,21.4
ot056,ot_network_admin,employee,2019-04-12,43.6,low,anomaly,No action; keep in the baseline,0,0,0.0,0,3501518,0.4223028058283743,,43.2,23.9,49.2,48.1,56.6,26.4
mine092,mine_planner,employee,2019-04-12,43.6,low,external_foreign,No action; keep in the baseline,0,0,0.0,0,11104006,0.3853240008967805,,43.2,23.9,49.2,48.1,27.1,65.5
supe113,supervisor,employee,2019-04-26,43.6,low,egress,No action; keep in the baseline,0,0,0.0,0,12364875,0.38344492012642345,,43.2,23.9,49.2,48.1,23.8,70.0
main032,maintenance_engineer,employee,2019-04-12,43.6,low,anomaly,No action; keep in the baseline,0,2,0.0,0,570940,0.4143694210848222,,43.2,57.6,49.2,48.1,50.8,11.9
cont086,contractor_surveyor,contractor,2019-04-07,43.5,low,egress,No action; keep in the baseline,0,0,0.0,0,11160193,0.38455574593688546,,43.2,23.9,49.2,48.1,26.4,65.8
vend071,vendor_technician,vendor,2019-04-08,43.5,low,external_foreign,No action; keep in the baseline,0,0,0.0,0,7927770,0.39788351217642,,43.2,23.9,49.2,48.1,37.2,51.4
cont083,contractor_surveyor,contractor,2019-04-23,43.5,low,external_foreign,No action; keep in the baseline,0,2,0.0,0,10163504,0.3739722680037914,,43.2,57.6,49.2,48.1,12.5,62.2
main044,maintenance_engineer,employee,2019-04-12,43.5,low,egress,No action; keep in the baseline,0,0,0.0,0,13923030,0.3799646675764786,,43.2,23.9,49.2,48.1,19.0,75.9
mine091,mine_planner,employee,2019-04-04,43.5,low,external_foreign,No action; keep in the baseline,0,0,0.0,0,5520774,0.4085600939718459,,43.2,23.9,49.2,48.1,46.8,38.7
mine093,mine_planner,employee,2019-04-17,43.5,low,external_foreign,No action; keep in the baseline,0,0,0.0,0,6168203,0.4055033622982433,,43.2,23.9,49.2,48.1,43.9,42.3
cont008,control_room_operator,employee,2019-04-03,43.5,low,external_foreign,No action; keep in the baseline,0,3,0.0,0,8808335,0.3746275843313268,,43.2,66.4,49.2,48.1,13.1,55.4
main040,maintenance_engineer,employee,2019-04-11,43.5,low,egress,No action; keep in the baseline,0,1,0.0,0,11201102,0.3745486662885395,,43.2,50.8,49.2,48.1,12.9,66.0
ot054,ot_network_admin,employee,2019-04-22,43.5,low,external_foreign,No action; keep in the baseline,0,0,0.0,0,7377199,0.40013796204383584,,43.2,23.9,49.2,48.1,39.6,48.4
supe110,supervisor,employee,2019-04-08,43.5,low,external_foreign,No action; keep in the baseline,0,5,0.0,0,4047225,0.3838835187862481,,43.2,82.0,49.2,48.1,24.4,29.8
cont012,control_room_operator,employee,2019-04-20,43.5,low,external_foreign,No action; keep in the baseline,0,0,0.0,0,7403571,0.4001146108634113,,43.2,23.9,49.2,48.1,39.6,48.6
mine091,mine_planner,employee,2019-04-13,43.4,low,external_foreign,No action; keep in the baseline,0,0,0.0,0,6015223,0.4059367565471113,,43.2,23.9,49.2,48.1,44.3,41.6
it061,it_service_desk,employee,2019-04-15,43.4,low,external_foreign,No action; keep in the baseline,0,0,0.0,0,5922658,0.4060900523014411,,43.2,23.9,49.2,48.1,44.6,41.3
main033,maintenance_engineer,employee,2019-04-11,43.4,low,external_foreign,No action; keep in the baseline,0,0,0.0,0,7700375,0.39825880052122653,,43.2,23.9,49.2,48.1,37.6,50.1
supe105,supervisor,employee,2019-04-26,43.4,low,external_foreign,No action; keep in the baseline,0,3,0.0,0,2177286,0.40081435888687217,,43.2,66.4,49.2,48.1,40.2,18.5
cont083,contractor_surveyor,contractor,2019-04-21,43.3,low,external_foreign,No action; keep in the baseline,0,0,0.0,0,5846466,0.40595683584396236,,43.2,23.9,49.2,48.1,44.4,40.8
cont016,control_room_operator,employee,2019-04-22,43.3,low,external_foreign,No action; keep in the baseline,0,3,0.0,0,7979493,0.3766479117540532,,43.2,66.4,49.2,48.1,15.2,51.5
mine102,mine_planner,employee,2019-04-07,43.3,low,egress,No action; keep in the baseline,0,0,0.0,0,13735173,0.3794359534810776,,43.2,23.9,49.2,48.1,18.4,75.2
it060,it_service_desk,employee,2019-04-07,43.3,low,external_foreign,No action; keep in the baseline,0,0,0.0,0,9176178,0.39082976327242075,,43.2,23.9,49.2,48.1,31.8,57.3
cont024,control_room_operator,employee,2019-04-20,43.3,low,external_foreign,No action; keep in the baseline,0,4,0.0,0,6007164,0.3792112429393487,,43.2,75.0,49.2,48.1,18.2,41.6
cont014,control_room_operator,employee,2019-04-13,43.3,low,external_foreign,No action; keep in the baseline,0,3,0.0,0,4378469,0.3885928177948926,,43.2,66.4,49.2,48.1,29.8,31.5
mine091,mine_planner,employee,2019-04-09,43.3,low,external_foreign,No action; keep in the baseline,0,0,0.0,0,5393163,0.4082825933113563,,43.2,23.9,49.2,48.1,46.4,37.6
cont016,control_room_operator,employee,2019-04-15,43.3,low,external_foreign,No action; keep in the baseline,0,4,0.0,0,3268316,0.3893132977348343,,43.2,75.0,49.2,48.1,30.5,25.2
main042,maintenance_engineer,employee,2019-04-15,43.3,low,external_foreign,No action; keep in the baseline,0,0,0.0,0,5449030,0.40791932647271395,,43.2,23.9,49.2,48.1,46.0,38.3
cont020,control_room_operator,employee,2019-04-21,43.3,low,external_foreign,No action; keep in the baseline,0,3,0.0,0,5826751,0.3830863944991134,,43.2,66.4,49.2,48.1,23.5,40.5
cont009,control_room_operator,employee,2019-04-01,43.2,low,external_foreign,No action; keep in the baseline,0,4,0.0,0,0,0.40660403210316015,,43.2,75.0,49.2,48.1,45.2,5.1
it062,it_service_desk,employee,2019-04-13,43.2,low,external_foreign,No action; keep in the baseline,0,0,0.0,0,7136245,0.3998798973613618,,43.2,23.9,49.2,48.1,39.3,46.8
ot055,ot_network_admin,employee,2019-04-14,43.2,low,external_foreign,No action; keep in the baseline,0,0,0.0,0,8675410,0.392164742129962,,43.2,23.9,49.2,48.1,33.0,54.9
supe114,supervisor,employee,2019-04-10,43.2,low,egress,No action; keep in the baseline,0,0,0.0,0,11694474,0.3831061004925663,,43.2,23.9,49.2,48.1,23.6,67.9
cont018,control_room_operator,employee,2019-04-16,43.2,low,external_foreign,No action; keep in the baseline,0,3,0.0,0,8057320,0.3752126871351417,,43.2,66.4,49.2,48.1,13.8,52.2
cont009,control_room_operator,employee,2019-04-26,43.2,low,external_foreign,No action; keep in the baseline,0,5,0.0,0,2421230,0.3889112256040351,,43.2,82.0,49.2,48.1,30.3,19.8
supe105,supervisor,employee,2019-04-22,43.2,low,external_foreign,No action; keep in the baseline,0,3,0.0,0,1781393,0.4010540472410905,,43.2,66.4,49.2,48.1,40.6,16.7
supe108,supervisor,employee,2019-04-24,43.2,low,external_foreign,No action; keep in the baseline,0,3,0.0,0,1546030,0.4016939171502756,,43.2,66.4,49.2,48.1,41.2,15.6
vend072,vendor_technician,vendor,2019-04-20,43.2,low,external_foreign,No action; keep in the baseline,0,3,0.0,0,3523422,0.3922293393236894,,43.2,66.4,49.2,48.1,33.0,26.7
cont021,control_room_operator,employee,2019-04-22,43.2,low,egress,No action; keep in the baseline,0,0,0.0,0,13482571,0.379250113362535,,43.2,23.9,49.2,48.1,18.3,74.7
mine103,mine_planner,employee,2019-04-23,43.2,low,external_foreign,No action; keep in the baseline,0,0,0.0,0,7576337,0.3981251111332443,,43.2,23.9,49.2,48.1,37.4,49.6
main042,maintenance_engineer,employee,2019-04-25,43.1,low,external_foreign,No action; keep in the baseline,0,4,0.0,0,5922350,0.3786463952019976,,43.2,75.0,49.2,48.1,17.4,41.3
ot056,ot_network_admin,employee,2019-04-23,43.1,low,anomaly,No action; keep in the baseline,0,1,0.0,0,0,0.4222355615925308,,43.2,50.8,49.2,48.1,56.5,5.1
vend071,vendor_technician,vendor,2019-04-26,43.1,low,external_foreign,No action; keep in the baseline,0,6,0.0,0,2404819,0.38542614386994173,,43.2,87.3,49.2,48.1,27.2,19.7
cont014,control_room_operator,employee,2019-04-17,43.1,low,external_foreign,No action; keep in the baseline,0,4,0.0,0,5011747,0.3817583859906857,,43.2,75.0,49.2,48.1,21.8,35.0
main049,maintenance_engineer,employee,2019-04-13,43.1,low,external_foreign,No action; keep in the baseline,0,4,0.0,0,4821573,0.38250058168638046,,43.2,75.0,49.2,48.1,22.8,34.0
it062,it_service_desk,employee,2019-04-05,43.1,low,external_foreign,No action; keep in the baseline,0,0,0.0,0,5860427,0.40451893196182503,,43.2,23.9,49.2,48.1,43.2,41.0
ot055,ot_network_admin,employee,2019-04-07,43.1,low,anomaly,No action; keep in the baseline,0,1,0.0,0,0,0.4222355615925308,,43.2,50.8,49.2,48.1,56.5,5.1
cont017,control_room_operator,employee,2019-04-16,43.1,low,external_foreign,No action; keep in the baseline,0,0,0.0,0,5849834,0.4046171479391436,,43.2,23.9,49.2,48.1,43.3,40.9
vend077,vendor_technician,vendor,2019-04-18,43.0,low,external_foreign,No action; keep in the baseline,0,0,0.0,0,10833110,0.38410194591529556,,43.2,23.9,49.2,48.1,24.7,64.5
main045,maintenance_engineer,employee,2019-04-24,43.0,low,external_foreign,No action; keep in the baseline,0,0,0.0,0,10051750,0.38526109522346363,,43.2,23.9,49.2,48.1,27.1,61.5
vend074,vendor_technician,vendor,2019-04-11,43.0,low,anomaly,No action; keep in the baseline,0,0,0.0,0,4219411,0.4135428282687285,,43.2,23.9,49.2,48.1,50.2,30.7
main040,maintenance_engineer,employee,2019-04-10,43.0,low,external_foreign,No action; keep in the baseline,0,0,0.0,0,6105856,0.40271202919946975,,43.2,23.9,49.2,48.1,41.8,42.1
main036,maintenance_engineer,employee,2019-04-20,42.9,low,external_foreign,No action; keep in the baseline,0,3,0.0,0,10475314,0.3641725336171797,,43.2,66.4,49.2,48.1,4.1,63.1
main039,maintenance_engineer,employee,2019-04-16,42.9,low,egress,No action; keep in the baseline,0,2,0.0,0,11565111,0.36647086290419023,,43.2,57.6,49.2,48.1,5.6,67.4
main030,maintenance_engineer,employee,2019-04-05,42.9,low,anomaly,No action; keep in the baseline,0,2,0.0,0,0,0.4158198927049341,,43.2,57.6,49.2,48.1,52.4,5.1
main031,maintenance_engineer,employee,2019-04-02,42.9,low,egress,No action; keep in the baseline,0,0,0.0,0,11207458,0.38309913463731426,,43.2,23.9,49.2,48.1,23.5,66.0
cont087,contractor_surveyor,contractor,2019-04-12,42.9,low,external_foreign,No action; keep in the baseline,0,0,0.0,0,7049041,0.3989386826107529,,43.2,23.9,49.2,48.1,38.0,46.5
mine101,mine_planner,employee,2019-04-11,42.9,low,external_foreign,No action; keep in the baseline,0,4,0.0,0,7757222,0.3713968744520446,,43.2,75.0,49.2,48.1,9.6,50.5
cont082,contractor_surveyor,contractor,2019-04-02,42.9,low,external_foreign,No action; keep in the baseline,0,0,0.0,0,9831128,0.3858270730014715,,43.2,23.9,49.2,48.1,27.6,60.2
main044,maintenance_engineer,employee,2019-04-14,42.9,low,external_foreign,No action; keep in the baseline,0,4,0.0,0,5739188,0.37840871895511846,,43.2,75.0,49.2,48.1,17.2,40.1
mine090,mine_planner,employee,2019-04-23,42.9,low,external_foreign,No action; keep in the baseline,0,0,0.0,0,9933201,0.38536339700141037,,43.2,23.9,49.2,48.1,27.1,60.8
supe104,supervisor,employee,2019-04-07,42.9,low,external_foreign,No action; keep in the baseline,0,0,0.0,0,6035454,0.4023914982561323,,43.2,23.9,49.2,48.1,41.5,41.8
ot057,ot_network_admin,employee,2019-04-13,42.9,low,external_foreign,No action; keep in the baseline,0,0,0.0,0,7418284,0.396598056958388,,43.2,23.9,49.2,48.1,36.3,48.8
ot051,ot_network_admin,employee,2019-04-09,42.9,low,external_foreign,No action; keep in the baseline,0,3,0.0,0,10533737,0.3641725336171797,,43.2,66.4,49.2,48.1,4.1,63.3
vend074,vendor_technician,vendor,2019-04-29,42.9,low,external_foreign,No action; keep in the baseline,0,0,0.0,0,7408177,0.39641504532588323,,43.2,23.9,49.2,48.1,36.2,48.7
vend073,vendor_technician,vendor,2019-04-18,42.9,low,external_foreign,No action; keep in the baseline,0,2,0.0,0,6289184,0.38351134198214737,,43.2,57.6,49.2,48.1,23.9,42.8
cont003,control_room_operator,employee,2019-04-21,42.9,low,external_foreign,No action; keep in the baseline,0,2,0.0,0,6653568,0.38227796847130585,,43.2,57.6,49.2,48.1,22.6,44.6
main038,maintenance_engineer,employee,2019-04-13,42.9,low,anomaly,No action; keep in the baseline,0,2,0.0,0,0,0.4158198927049341,,43.2,57.6,49.2,48.1,52.4,5.1
mine101,mine_planner,employee,2019-04-26,42.8,low,anomaly,No action; keep in the baseline,0,0,0.0,0,0,0.442783124246609,,43.2,23.9,49.2,48.1,68.3,5.1
ot058,ot_network_admin,employee,2019-04-15,42.8,low,external_foreign,No action; keep in the baseline,0,3,0.0,0,7234157,0.37669209291722894,,43.2,66.4,49.2,48.1,15.3,47.6
it063,it_service_desk,employee,2019-04-18,42.8,low,external_foreign,No action; keep in the baseline,0,0,0.0,0,9751454,0.38601782995512424,,43.2,23.9,49.2,48.1,27.7,59.8
main048,maintenance_engineer,employee,2019-04-15,42.8,low,external_foreign,No action; keep in the baseline,0,0,0.0,0,10694146,0.38376457401398606,,43.2,23.9,49.2,48.1,24.2,64.0
main043,maintenance_engineer,employee,2019-04-13,42.8,low,anomaly,No action; keep in the baseline,0,0,0.0,0,3928644,0.41370205716693603,,43.2,23.9,49.2,48.1,50.3,29.0
supe110,supervisor,employee,2019-04-10,42.8,low,external_foreign,No action; keep in the baseline,0,3,0.0,0,4538576,0.3852077902466374,,43.2,66.4,49.2,48.1,26.9,32.3
mine095,mine_planner,employee,2019-04-28,42.8,low,external_foreign,No action; keep in the baseline,0,2,0.0,0,2951739,0.398982683055242,,43.2,57.6,49.2,48.1,38.0,23.2
main027,maintenance_engineer,employee,2019-04-23,42.7,low,external_foreign,No action; keep in the baseline,0,4,0.0,0,5419930,0.3788382367850172,,43.2,75.0,49.2,48.1,17.7,38.0
main050,maintenance_engineer,employee,2019-04-24,42.7,low,external_foreign,No action; keep in the baseline,0,5,0.0,0,5617919,0.37480493490462313,,43.2,82.0,49.2,48.1,13.3,39.1
main041,maintenance_engineer,employee,2019-04-23,42.7,low,external_foreign,No action; keep in the baseline,0,3,0.0,0,9599877,0.3672023003781982,,43.2,66.4,49.2,48.1,6.2,59.0
supe110,supervisor,employee,2019-04-26,42.6,low,external_foreign,No action; keep in the baseline,0,3,0.0,0,8031228,0.3723860937569728,,43.2,66.4,49.2,48.1,10.9,51.9
main050,maintenance_engineer,employee,2019-04-12,42.6,low,external_foreign,No action; keep in the baseline,0,3,0.0,0,7360520,0.375177089523953,,43.2,66.4,49.2,48.1,13.8,48.2
it061,it_service_desk,employee,2019-04-01,42.6,low,anomaly,No action; keep in the baseline,0,0,0.0,0,2855774,0.41901488336813797,,43.2,23.9,49.2,48.1,54.4,22.5
mine096,mine_planner,employee,2019-04-22,42.6,low,external_foreign,No action; keep in the baseline,0,3,0.0,0,2226106,0.39595336939886455,,43.2,66.4,49.2,48.1,35.9,18.6
main038,maintenance_engineer,employee,2019-04-02,42.6,low,external_foreign,No action; keep in the baseline,0,2,0.0,0,5068771,0.38612274847430555,,43.2,57.6,49.2,48.1,27.8,35.4
it062,it_service_desk,employee,2019-04-08,42.6,low,external_foreign,No action; keep in the baseline,0,0,0.0,0,8336939,0.390024914574995,,43.2,23.9,49.2,48.1,31.1,53.6
main030,maintenance_engineer,employee,2019-04-20,42.6,low,external_foreign,No action; keep in the baseline,0,0,0.0,0,10277834,0.38392103083572504,,43.2,23.9,49.2,48.1,24.4,62.5
cont087,contractor_surveyor,contractor,2019-04-26,42.5,low,external_foreign,No action; keep in the baseline,0,3,0.0,0,7273998,0.37514975950850604,,43.2,66.4,49.2,48.1,13.7,47.9
main044,maintenance_engineer,employee,2019-04-29,42.5,low,external_foreign,No action; keep in the baseline,0,0,0.0,0,10142752,0.3839651010293322,,43.2,23.9,49.2,48.1,24.5,61.9
cont021,control_room_operator,employee,2019-04-05,42.5,low,external_foreign,No action; keep in the baseline,0,3,0.0,0,5143054,0.38266549328769284,,43.2,66.4,49.2,48.1,22.9,35.9
cont017,control_room_operator,employee,2019-04-03,42.5,low,anomaly,No action; keep in the baseline,0,0,0.0,0,0,0.44003465233311606,,43.2,23.9,49.2,48.1,66.8,5.1
cont023,control_room_operator,employee,2019-04-29,42.5,low,external_foreign,No action; keep in the baseline,0,3,0.0,0,9776110,0.3645884281426379,,43.2,66.4,49.2,48.1,4.5,59.9
supe112,supervisor,employee,2019-04-16,42.5,low,anomaly,No action; keep in the baseline,0,0,0.0,0,0,0.44003465233311606,,43.2,23.9,49.2,48.1,66.8,5.1
ot052,ot_network_admin,employee,2019-04-28,42.5,low,external_foreign,No action; keep in the baseline,0,0,0.0,0,3956676,0.4109000240050975,,43.2,23.9,49.2,48.1,48.6,29.3
cont017,control_room_operator,employee,2019-04-06,42.5,low,anomaly,No action; keep in the baseline,0,0,0.0,0,0,0.44003465233311606,,43.2,23.9,49.2,48.1,66.8,5.1
main042,maintenance_engineer,employee,2019-04-04,42.5,low,external_foreign,No action; keep in the baseline,0,4,0.0,0,8255189,0.36566980109299174,,43.2,75.0,49.2,48.1,5.2,53.2
supe107,supervisor,employee,2019-04-30,42.5,low,anomaly,No action; keep in the baseline,0,0,0.0,0,0,0.44003465233311606,,43.2,23.9,49.2,48.1,66.8,5.1
cont082,contractor_surveyor,contractor,2019-04-23,42.5,low,external_foreign,No action; keep in the baseline,0,0,0.0,0,6432310,0.3992844694471919,,43.2,23.9,49.2,48.1,38.4,43.5
cont082,contractor_surveyor,contractor,2019-04-24,42.5,low,external_foreign,No action; keep in the baseline,0,0,0.0,0,6347102,0.3992844694471919,,43.2,23.9,49.2,48.1,38.4,43.1
supe109,supervisor,employee,2019-04-26,42.4,low,external_foreign,No action; keep in the baseline,0,3,0.0,0,5807486,0.37971557459066435,,43.2,66.4,49.2,48.1,18.7,40.4
main030,maintenance_engineer,employee,2019-04-02,42.4,low,external_foreign,No action; keep in the baseline,0,0,0.0,0,6003492,0.3997537314036692,,43.2,23.9,49.2,48.1,38.9,41.5
main032,maintenance_engineer,employee,2019-04-19,42.4,low,external_foreign,No action; keep in the baseline,0,0,0.0,0,4119460,0.40978270719726356,,43.2,23.9,49.2,48.1,47.8,30.2
cont087,contractor_surveyor,contractor,2019-04-03,42.4,low,external_foreign,No action; keep in the baseline,0,3,0.0,0,2069387,0.3951805790628656,,43.2,66.4,49.2,48.1,35.4,17.9
cont016,control_room_operator,employee,2019-04-02,42.4,low,external_foreign,No action; keep in the baseline,0,3,0.0,0,1374916,0.398511571338119,,43.2,66.4,49.2,48.1,37.8,15.0
supe111,supervisor,employee,2019-04-28,42.4,low,external_foreign,No action; keep in the baseline,0,2,0.0,0,2796680,0.3969054903883517,,43.2,57.6,49.2,48.1,36.6,22.1
main035,maintenance_engineer,employee,2019-04-20,42.3,low,external_foreign,No action; keep in the baseline,0,5,0.0,0,3804437,0.3803906727060522,,43.2,82.0,49.2,48.1,19.4,28.2
main028,maintenance_engineer,employee,2019-04-16,42.3,low,external_foreign,No action; keep in the baseline,0,0,0.0,0,8618920,0.38749909555009004,,43.2,23.9,49.2,48.1,28.8,54.7
ot051,ot_network_admin,employee,2019-04-01,42.3,low,external_foreign,No action; keep in the baseline,0,0,0.0,0,9781897,0.3842496212219451,,43.2,23.9,49.2,48.1,24.9,60.0
supe114,supervisor,employee,2019-04-11,42.3,low,external_foreign,No action; keep in the baseline,0,0,0.0,0,4920787,0.40523537782123575,,43.2,23.9,49.2,48.1,43.8,34.5
supe110,supervisor,employee,2019-04-01,42.3,low,external_foreign,No action; keep in the baseline,0,0,0.0,0,10845231,0.38155810337657836,,43.2,23.9,49.2,48.1,21.6,64.6
main048,maintenance_engineer,employee,2019-04-08,42.3,low,external_foreign,No action; keep in the baseline,0,3,0.0,0,999514,0.39924693579423304,,43.2,66.4,49.2,48.1,38.4,13.8
cont086,contractor_surveyor,contractor,2019-04-29,42.3,low,external_foreign,No action; keep in the baseline,0,1,0.0,0,3666333,0.3960305767142975,,43.2,50.8,49.2,48.1,35.9,27.6
supe107,supervisor,employee,2019-04-01,42.3,low,external_foreign,No action; keep in the baseline,0,3,0.0,0,32116,0.40122836794788674,,43.2,66.4,49.2,48.1,40.7,10.3
mine093,mine_planner,employee,2019-04-16,42.3,low,external_foreign,No action; keep in the baseline,0,0,0.0,0,4555444,0.40712670741287066,,43.2,23.9,49.2,48.1,45.5,32.5
mine097,mine_planner,employee,2019-04-09,42.2,low,external_foreign,No action; keep in the baseline,0,0,0.0,0,5898413,0.39935871517529314,,43.2,23.9,49.2,48.1,38.5,41.2
supe114,supervisor,employee,2019-04-02,42.2,low,external_foreign,No action; keep in the baseline,0,3,0.0,0,6785560,0.37571634857785335,,43.2,66.4,49.2,48.1,14.2,45.3
cont024,control_room_operator,employee,2019-04-07,42.2,low,external_foreign,No action; keep in the baseline,0,3,0.0,0,5839507,0.3786694789344947,,43.2,66.4,49.2,48.1,17.5,40.7
cont088,contractor_surveyor,contractor,2019-04-11,42.2,low,anomaly,No action; keep in the baseline,0,0,0.0,0,2160926,0.4203689525630066,,43.2,23.9,49.2,48.1,55.6,18.3
cont020,control_room_operator,employee,2019-04-10,42.2,low,external_foreign,No action; keep in the baseline,0,3,0.0,0,6631091,0.3762660164014473,,43.2,66.4,49.2,48.1,14.8,44.4
cont083,contractor_surveyor,contractor,2019-04-15,42.2,low,external_foreign,No action; keep in the baseline,0,2,0.0,0,8160005,0.374637734447391,,43.2,57.6,49.2,48.1,13.1,52.8
it064,it_service_desk,employee,2019-04-21,42.2,low,external_foreign,No action; keep in the baseline,0,3,0.0,0,4966479,0.38173778084812243,,43.2,66.4,49.2,48.1,21.8,34.8
main027,maintenance_engineer,employee,2019-04-10,42.2,low,external_foreign,No action; keep in the baseline,0,4,0.0,0,6735917,0.371918396412948,,43.2,75.0,49.2,48.1,10.2,44.9
cont010,control_room_operator,employee,2019-04-11,42.2,low,external_foreign,No action; keep in the baseline,0,5,0.0,0,2506914,0.38423264181171807,,43.2,82.0,49.2,48.1,24.9,20.4
main041,maintenance_engineer,employee,2019-04-07,42.2,low,external_foreign,No action; keep in the baseline,0,4,0.0,0,6204735,0.3731061762998025,,43.2,75.0,49.2,48.1,11.8,42.5
it063,it_service_desk,employee,2019-04-06,42.2,low,egress,No action; keep in the baseline,0,0,0.0,0,12672056,0.3772592146094806,,43.2,23.9,49.2,48.1,15.8,71.3
cont079,contractor_surveyor,contractor,2019-04-12,42.2,low,egress,No action; keep in the baseline,0,0,0.0,0,11626508,0.37960446651838586,,43.2,23.9,49.2,48.1,18.7,67.7
it065,it_service_desk,employee,2019-04-28,42.2,low,egress,No action; keep in the baseline,0,0,0.0,0,12497673,0.37796361357766967,,43.2,23.9,49.2,48.1,16.6,70.6
mine097,mine_planner,employee,2019-04-12,42.2,low,external_foreign,No action; keep in the baseline,0,0,0.0,0,10122153,0.3829194270632286,,43.2,23.9,49.2,48.1,23.1,61.8
ot055,ot_network_admin,employee,2019-04-19,42.1,low,external_foreign,No action; keep in the baseline,0,3,0.0,0,6446476,0.3761927491962702,,43.2,66.4,49.2,48.1,14.7,43.6
main034,maintenance_engineer,employee,2019-04-28,42.1,low,external_foreign,No action; keep in the baseline,0,0,0.0,0,5830012,0.39935871517529314,,43.2,23.9,49.2,48.1,38.5,40.6
mine099,mine_planner,employee,2019-04-15,42.1,low,external_foreign,No action; keep in the baseline,0,1,0.0,0,3206957,0.39679334648888037,,43.2,50.8,49.2,48.1,36.6,24.9
cont083,contractor_surveyor,contractor,2019-04-29,42.1,low,external_foreign,No action; keep in the baseline,0,0,0.0,0,11096752,0.38061597096500477,,43.2,23.9,49.2,48.1,19.7,65.5
mine094,mine_planner,employee,2019-04-17,42.1,low,egress,No action; keep in the baseline,0,0,0.0,0,13093936,0.3756708427309304,,43.2,23.9,49.2,48.1,14.1,73.2
ot052,ot_network_admin,employee,2019-04-07,42.1,low,external_foreign,No action; keep in the baseline,0,3,0.0,0,3471610,0.3865062786634039,,43.2,66.4,49.2,48.1,28.0,26.3
cont002,control_room_operator,employee,2019-04-03,42.1,low,anomaly,No action; keep in the baseline,0,0,0.0,0,2741112,0.41586381945485384,,43.2,23.9,49.2,48.1,52.5,21.8
mine096,mine_planner,employee,2019-04-24,42.1,low,anomaly,No action; keep in the baseline,0,0,0.0,0,634830,0.4282900706438618,,43.2,23.9,49.2,48.1,59.8,12.3
it061,it_service_desk,employee,2019-04-12,42.1,low,external_foreign,No action; keep in the baseline,0,0,0.0,0,6955839,0.39394060161072386,,43.2,23.9,49.2,48.1,34.2,46.0
ot057,ot_network_admin,employee,2019-04-12,42.1,low,external_foreign,No action; keep in the baseline,0,0,0.0,0,4094722,0.40793289652994574,,43.2,23.9,49.2,48.1,46.2,29.9
cont024,control_room_operator,employee,2019-04-27,42.1,low,external_foreign,No action; keep in the baseline,0,2,0.0,0,2944166,0.3942017748289746,,43.2,57.6,49.2,48.1,34.6,23.1
cont019,control_room_operator,employee,2019-04-14,42.0,low,external_foreign,No action; keep in the baseline,0,2,0.0,0,26181,0.40501422770036116,,43.2,57.6,49.2,48.1,43.6,10.2
cont080,contractor_surveyor,contractor,2019-04-10,42.0,low,anomaly,No action; keep in the baseline,0,0,0.0,0,1825362,0.4206190027092018,,43.2,23.9,49.2,48.1,55.7,17.0
mine100,mine_planner,employee,2019-04-07,42.0,low,external_foreign,No action; keep in the baseline,0,0,0.0,0,7224641,0.3917455943961516,,43.2,23.9,49.2,48.1,32.5,47.6
cont011,control_room_operator,employee,2019-04-01,42.0,low,external_foreign,No action; keep in the baseline,0,0,0.0,0,3800325,0.4090709230243432,,43.2,23.9,49.2,48.1,47.2,28.2
supe106,supervisor,employee,2019-04-30,42.0,low,anomaly,No action; keep in the baseline,0,0,0.0,0,1298397,0.4233503444290299,,43.2,23.9,49.2,48.1,57.1,14.7
supe106,supervisor,employee,2019-04-25,42.0,low,external_foreign,No action; keep in the baseline,0,0,0.0,0,6079454,0.39716301328758485,,43.2,23.9,49.2,48.1,36.8,41.9
cont021,control_room_operator,employee,2019-04-09,42.0,low,external_foreign,No action; keep in the baseline,0,1,0.0,0,7850205,0.3779536288864287,,43.2,50.8,49.2,48.1,16.6,51.0
main046,maintenance_engineer,employee,2019-04-01,41.9,low,external_foreign,No action; keep in the baseline,0,3,0.0,0,2803861,0.3886867242654973,,43.2,66.4,49.2,48.1,30.0,22.2
vend074,vendor_technician,vendor,2019-04-18,41.9,low,external_foreign,No action; keep in the baseline,0,0,0.0,0,6105560,0.3966409895272594,,43.2,23.9,49.2,48.1,36.5,42.1
mine096,mine_planner,employee,2019-04-11,41.9,low,egress,No action; keep in the baseline,0,0,0.0,0,12076483,0.37730705603239817,,43.2,23.9,49.2,48.1,15.9,69.2
ot055,ot_network_admin,employee,2019-04-21,41.9,low,external_foreign,No action; keep in the baseline,0,0,0.0,0,7208682,0.39097357236760866,,43.2,23.9,49.2,48.1,32.1,47.3
ot058,ot_network_admin,employee,2019-04-08,41.9,low,external_foreign,No action; keep in the baseline,0,1,0.0,0,5084597,0.3857030386256008,,43.2,50.8,49.2,48.1,27.5,35.6
cont022,control_room_operator,employee,2019-04-18,41.9,low,external_foreign,No action; keep in the baseline,0,4,0.0,0,2948484,0.3843048240002307,,43.2,75.0,49.2,48.1,25.1,23.1
supe110,supervisor,employee,2019-04-25,41.9,low,anomaly,No action; keep in the baseline,0,0,0.0,0,217670,0.4273788553063924,,43.2,23.9,49.2,48.1,59.4,11.0
vend076,vendor_technician,vendor,2019-04-22,41.8,low,anomaly,No action; keep in the baseline,0,0,0.0,0,0,0.4340089814567017,,43.2,23.9,49.2,48.1,63.4,5.1
main049,maintenance_engineer,employee,2019-04-17,41.8,low,external_foreign,No action; keep in the baseline,0,0,0.0,0,3806818,0.4079472069477384,,43.2,23.9,49.2,48.1,46.2,28.3
mine091,mine_planner,employee,2019-04-21,41.8,low,anomaly,No action; keep in the baseline,0,0,0.0,0,0,0.4343699077776107,,43.2,23.9,49.2,48.1,63.6,5.1
main027,maintenance_engineer,employee,2019-04-09,41.8,low,external_foreign,No action; keep in the baseline,0,0,0.0,0,5523110,0.3990003027419543,,43.2,23.9,49.2,48.1,38.0,38.7
main032,maintenance_engineer,employee,2019-04-01,41.8,low,egress,No action; keep in the baseline,0,0,0.0,0,12935804,0.3744876097451818,,43.2,23.9,49.2,48.1,12.9,72.4
vend075,vendor_technician,vendor,2019-04-21,41.8,low,external_foreign,No action; keep in the baseline,0,3,0.0,0,4469836,0.38196426941124395,,43.2,66.4,49.2,48.1,22.2,31.9
mine103,mine_planner,employee,2019-04-07,41.8,low,external_foreign,No action; keep in the baseline,0,0,0.0,0,7395407,0.3896763549816387,,43.2,23.9,49.2,48.1,30.8,48.5
main034,maintenance_engineer,employee,2019-04-02,41.8,low,external_foreign,No action; keep in the baseline,0,1,0.0,0,8087915,0.37613150439827514,,43.2,50.8,49.2,48.1,14.7,52.3
cont082,contractor_surveyor,contractor,2019-04-16,41.8,low,external_foreign,No action; keep in the baseline,0,2,0.0,0,0,0.40836281897798876,,43.2,57.6,49.2,48.1,46.5,5.1
cont002,control_room_operator,employee,2019-04-25,41.8,low,anomaly,No action; keep in the baseline,0,0,0.0,0,1017266,0.4230631492828801,,43.2,23.9,49.2,48.1,57.0,13.9
it067,it_service_desk,employee,2019-04-11,41.8,low,egress,No action; keep in the baseline,0,0,0.0,0,12357468,0.37625544949147655,,43.2,23.9,49.2,48.1,14.8,70.0
cont089,contractor_surveyor,contractor,2019-04-17,41.8,low,anomaly,No action; keep in the baseline,0,0,0.0,0,0,0.4343699077776107,,43.2,23.9,49.2,48.1,63.6,5.1
cont002,control_room_operator,employee,2019-04-23,41.7,low,external_foreign,No action; keep in the baseline,0,2,0.0,0,0,0.4079298892060212,,43.2,57.6,49.2,48.1,46.1,5.1
it068,it_service_desk,employee,2019-04-12,41.7,low,anomaly,No action; keep in the baseline,0,1,0.0,0,0,0.41226598970247513,,43.2,50.8,49.2,48.1,49.5,5.1
main027,maintenance_engineer,employee,2019-04-08,41.7,low,external_foreign,No action; keep in the baseline,0,0,0.0,0,9566856,0.3824260953193978,,43.2,23.9,49.2,48.1,22.7,58.8
main044,maintenance_engineer,employee,2019-04-11,41.7,low,egress,No action; keep in the baseline,0,0,0.0,0,11988520,0.37676244137933956,,43.2,23.9,49.2,48.1,15.4,68.8
main038,maintenance_engineer,employee,2019-04-09,41.7,low,external_foreign,No action; keep in the baseline,0,2,0.0,0,0,0.4079298892060212,,43.2,57.6,49.2,48.1,46.1,5.1
cont020,control_room_operator,employee,2019-04-16,41.7,low,external_foreign,No action; keep in the baseline,0,3,0.0,0,6032477,0.37567434636831565,,43.2,66.4,49.2,48.1,14.2,41.7
supe112,supervisor,employee,2019-04-25,41.7,low,external_foreign,No action; keep in the baseline,0,0,0.0,0,7162912,0.39020126600853783,,43.2,23.9,49.2,48.1,31.3,47.1
supe108,supervisor,employee,2019-04-20,41.7,low,external_foreign,No action; keep in the baseline,0,2,0.0,0,0,0.4079298892060212,,43.2,57.6,49.2,48.1,46.1,5.1
cont012,control_room_operator,employee,2019-04-14,41.7,low,external_foreign,No action; keep in the baseline,0,2,0.0,0,0,0.4079298892060212,,43.2,57.6,49.2,48.1,46.1,5.1
cont084,contractor_surveyor,contractor,2019-04-15,41.7,low,external_foreign,No action; keep in the baseline,0,3,0.0,0,2170993,0.3908023124766666,,43.2,66.4,49.2,48.1,31.8,18.4
main029,maintenance_engineer,employee,2019-04-30,41.7,low,egress,No action; keep in the baseline,0,0,0.0,0,12432968,0.37573884895694254,,43.2,23.9,49.2,48.1,14.3,70.2
main028,maintenance_engineer,employee,2019-04-30,41.7,low,external_foreign,No action; keep in the baseline,0,4,0.0,0,1698132,0.38765185531138313,,43.2,75.0,49.2,48.1,29.0,16.2
vend073,vendor_technician,vendor,2019-04-11,41.6,low,external_foreign,No action; keep in the baseline,0,4,0.0,0,2949625,0.3831023088350922,,43.2,75.0,49.2,48.1,23.5,23.1
mine095,mine_planner,employee,2019-04-08,41.6,low,external_foreign,No action; keep in the baseline,0,0,0.0,0,3984391,0.4057589540464096,,43.2,23.9,49.2,48.1,44.1,29.4
it062,it_service_desk,employee,2019-04-28,41.6,low,external_foreign,No action; keep in the baseline,0,0,0.0,0,9527678,0.3822470076819916,,43.2,23.9,49.2,48.1,22.5,58.6
vend074,vendor_technician,vendor,2019-04-21,41.6,low,external_foreign,No action; keep in the baseline,0,3,0.0,0,2582782,0.3883621282315881,,43.2,66.4,49.2,48.1,29.6,20.8
main040,maintenance_engineer,employee,2019-04-19,41.6,low,egress,No action; keep in the baseline,0,0,0.0,0,14326015,0.3701876320263405,,43.2,23.9,49.2,48.1,8.4,76.9
cont086,contractor_surveyor,contractor,2019-04-27,41.5,low,egress,No action; keep in the baseline,0,0,0.0,0,14176959,0.3701876320263405,,43.2,23.9,49.2,48.1,8.4,76.6
cont023,control_room_operator,employee,2019-04-16,41.5,low,external_foreign,No action; keep in the baseline,0,3,0.0,0,8415255,0.3640344775103572,,43.2,66.4,49.2,48.1,3.9,54.1
mine099,mine_planner,employee,2019-04-18,41.5,low,external_foreign,No action; keep in the baseline,0,0,0.0,0,6658007,0.3917421028243212,,43.2,23.9,49.2,48.1,32.4,44.6
it067,it_service_desk,employee,2019-04-28,41.5,low,external_foreign,No action; keep in the baseline,0,0,0.0,0,4418277,0.4031889207805993,,43.2,23.9,49.2,48.1,42.2,31.6
cont009,control_room_operator,employee,2019-04-08,41.5,low,external_foreign,No action; keep in the baseline,0,3,0.0,0,4987473,0.3795606009836039,,43.2,66.4,49.2,48.1,18.6,34.9
main049,maintenance_engineer,employee,2019-04-11,41.5,low,external_foreign,No action; keep in the baseline,0,0,0.0,0,5043056,0.40010122721153507,,43.2,23.9,49.2,48.1,39.6,35.1
main034,maintenance_engineer,employee,2019-04-01,41.5,low,external_foreign,No action; keep in the baseline,0,3,0.0,0,8836315,0.3633434696850147,,43.2,66.4,49.2,48.1,2.8,55.7
mine096,mine_planner,employee,2019-04-08,41.5,low,external_foreign,No action; keep in the baseline,0,0,0.0,0,8977593,0.3833960638344322,,43.2,23.9,49.2,48.1,23.8,56.2
cont087,contractor_surveyor,contractor,2019-04-27,41.5,low,external_foreign,No action; keep in the baseline,0,3,0.0,0,5871209,0.3754539966241469,,43.2,66.4,49.2,48.1,13.9,41.0
cont004,control_room_operator,employee,2019-04-15,41.4,low,external_foreign,No action; keep in the baseline,0,4,0.0,0,6341016,0.3696379031854701,,43.2,75.0,49.2,48.1,7.7,43.1
vend073,vendor_technician,vendor,2019-04-24,41.4,low,anomaly,No action; keep in the baseline,0,0,0.0,0,1725608,0.41680182992652026,,43.2,23.9,49.2,48.1,53.0,16.4
it068,it_service_desk,employee,2019-04-23,41.4,low,external_foreign,No action; keep in the baseline,0,0,0.0,0,3430552,0.4077257095101053,,43.2,23.9,49.2,48.1,45.8,26.1
main029,maintenance_engineer,employee,2019-04-29,41.4,low,external_foreign,No action; keep in the baseline,0,0,0.0,0,4490273,0.4019068494496424,,43.2,23.9,49.2,48.1,41.3,32.1
cont084,contractor_surveyor,contractor,2019-04-22,41.4,low,external_foreign,No action; keep in the baseline,0,0,0.0,0,9235359,0.3819849486469185,,43.2,23.9,49.2,48.1,22.3,57.6
cont013,control_room_operator,employee,2019-04-04,41.4,low,external_foreign,No action; keep in the baseline,0,0,0.0,0,10194223,0.3797192934948109,,43.2,23.9,49.2,48.1,18.8,62.2
ot054,ot_network_admin,employee,2019-04-28,41.4,low,external_foreign,No action; keep in the baseline,0,0,0.0,0,5281829,0.3981741508279175,,43.2,23.9,49.2,48.1,37.4,37.0
ot057,ot_network_admin,employee,2019-04-28,41.4,low,anomaly,No action; keep in the baseline,0,0,0.0,0,583503,0.4221527927019779,,43.2,23.9,49.2,48.1,56.4,12.0
cont018,control_room_operator,employee,2019-04-18,41.4,low,external_foreign,No action; keep in the baseline,0,5,0.0,0,4224578,0.374622738862876,,43.2,82.0,49.2,48.1,13.1,30.8
vend072,vendor_technician,vendor,2019-04-08,41.3,low,external_foreign,No action; keep in the baseline,0,0,0.0,0,6084958,0.39279682599292437,,43.2,23.9,49.2,48.1,33.4,41.9
cont021,control_room_operator,employee,2019-04-12,41.3,low,external_foreign,No action; keep in the baseline,0,0,0.0,0,10555494,0.3784166372037154,,43.2,23.9,49.2,48.1,17.2,63.4
main035,maintenance_engineer,employee,2019-04-05,41.3,low,egress,No action; keep in the baseline,0,0,0.0,0,11406135,0.3758835212397238,,43.2,23.9,49.2,48.1,14.5,66.9
main043,maintenance_engineer,employee,2019-04-14,41.3,low,external_foreign,No action; keep in the baseline,0,0,0.0,0,6035191,0.3932323883681059,,43.2,23.9,49.2,48.1,33.7,41.7
vend073,vendor_technician,vendor,2019-04-10,41.3,low,external_foreign,No action; keep in the baseline,0,3,0.0,0,2389850,0.38745908332960055,,43.2,66.4,49.2,48.1,28.7,19.6
main043,maintenance_engineer,employee,2019-04-25,41.3,low,external_foreign,No action; keep in the baseline,0,1,0.0,0,2574831,0.39583068672711547,,43.2,50.8,49.2,48.1,35.8,20.7
supe113,supervisor,employee,2019-04-12,41.3,low,external_foreign,No action; keep in the baseline,0,0,0.0,0,8350396,0.383881616979734,,43.2,23.9,49.2,48.1,24.3,53.8
supe108,supervisor,employee,2019-04-29,41.2,low,external_foreign,No action; keep in the baseline,0,0,0.0,0,5665936,0.39438411151770586,,43.2,23.9,49.2,48.1,34.8,39.4
cont081,contractor_surveyor,contractor,2019-04-30,41.2,low,external_foreign,No action; keep in the baseline,0,0,0.0,0,4269896,0.4022301316861735,,43.2,23.9,49.2,48.1,41.3,31.0
main043,maintenance_engineer,employee,2019-04-01,41.2,low,external_foreign,No action; keep in the baseline,0,0,0.0,0,3358666,0.40662964656939926,,43.2,23.9,49.2,48.1,45.2,25.6
cont024,control_room_operator,employee,2019-04-12,41.2,low,external_foreign,No action; keep in the baseline,0,3,0.0,0,592561,0.39374265403055614,,43.2,66.4,49.2,48.1,34.0,12.1
main050,maintenance_engineer,employee,2019-04-14,41.2,low,external_foreign,No action; keep in the baseline,0,0,0.0,0,7628652,0.3851014031008939,,43.2,23.9,49.2,48.1,26.8,49.9
cont003,control_room_operator,employee,2019-04-23,41.2,low,external_foreign,No action; keep in the baseline,0,3,0.0,0,3909128,0.3816221642100737,,43.2,66.4,49.2,48.1,21.6,28.8
vend074,vendor_technician,vendor,2019-04-09,41.2,low,external_foreign,No action; keep in the baseline,0,3,0.0,0,1631126,0.3901143448221989,,43.2,66.4,49.2,48.1,31.2,15.9
main028,maintenance_engineer,employee,2019-04-05,41.2,low,external_foreign,No action; keep in the baseline,0,0,0.0,0,6168234,0.39175452319573656,,43.2,23.9,49.2,48.1,32.5,42.4
mine092,mine_planner,employee,2019-04-23,41.1,low,external_foreign,No action; keep in the baseline,0,0,0.0,0,10115901,0.3784714475585232,,43.2,23.9,49.2,48.1,17.3,61.7
supe113,supervisor,employee,2019-04-19,41.1,low,egress,No action; keep in the baseline,0,0,0.0,0,11730427,0.37456647510192487,,43.2,23.9,49.2,48.1,13.0,68.1
main027,maintenance_engineer,employee,2019-04-25,41.1,low,external_foreign,No action; keep in the baseline,0,3,0.0,0,8286449,0.36335985676031946,,43.2,66.4,49.2,48.1,2.9,53.2
ot054,ot_network_admin,employee,2019-04-07,41.1,low,external_foreign,No action; keep in the baseline,0,2,0.0,0,5323977,0.3800603493413798,,43.2,57.6,49.2,48.1,19.0,37.2
cont013,control_room_operator,employee,2019-04-03,41.1,low,external_foreign,No action; keep in the baseline,0,3,0.0,0,471884,0.39374265403055614,,43.2,66.4,49.2,48.1,34.0,11.8
ot058,ot_network_admin,employee,2019-04-21,41.1,low,external_foreign,No action; keep in the baseline,0,0,0.0,0,8279490,0.3837226667034597,,43.2,23.9,49.2,48.1,24.1,53.2
main035,maintenance_engineer,employee,2019-04-28,41.0,low,external_foreign,No action; keep in the baseline,0,1,0.0,0,10075693,0.3637904935901284,,43.2,50.8,49.2,48.1,3.5,61.6
cont009,control_room_operator,employee,2019-04-25,41.0,low,external_foreign,No action; keep in the baseline,0,4,0.0,0,3793446,0.377902013154424,,43.2,75.0,49.2,48.1,16.5,28.1
it065,it_service_desk,employee,2019-04-25,41.0,low,external_foreign,No action; keep in the baseline,0,4,0.0,0,5745043,0.36970663622508415,,43.2,75.0,49.2,48.1,7.8,40.1
supe109,supervisor,employee,2019-04-29,41.0,low,external_foreign,No action; keep in the baseline,0,0,0.0,0,5935155,0.39117123523300124,,43.2,23.9,49.2,48.1,32.2,41.3
main045,maintenance_engineer,employee,2019-04-02,40.9,low,external_foreign,No action; keep in the baseline,0,0,0.0,0,2430829,0.4097936137257934,,43.2,23.9,49.2,48.1,47.9,19.8
cont087,contractor_surveyor,contractor,2019-04-15,40.9,low,external_foreign,No action; keep in the baseline,0,2,0.0,0,6723244,0.3737262963644427,,43.2,57.6,49.2,48.1,12.3,44.9
supe109,supervisor,employee,2019-04-13,40.9,low,external_foreign,No action; keep in the baseline,0,2,0.0,0,5730133,0.3773465096797176,,43.2,57.6,49.2,48.1,15.9,40.0
ot054,ot_network_admin,employee,2019-04-21,40.9,low,anomaly,No action; keep in the baseline,0,0,0.0,0,390558,0.4185661518705263,,43.2,23.9,49.2,48.1,54.0,11.5
ot053,ot_network_admin,employee,2019-04-28,40.9,low,external_foreign,No action; keep in the baseline,0,2,0.0,0,0,0.40300397701348,,43.2,57.6,49.2,48.1,42.2,5.1
vend074,vendor_technician,vendor,2019-04-15,40.9,low,external_foreign,No action; keep in the baseline,0,3,0.0,0,1395326,0.3886962070783119,,43.2,66.4,49.2,48.1,30.1,15.1
cont024,control_room_operator,employee,2019-04-21,40.9,low,external_foreign,No action; keep in the baseline,0,0,0.0,0,2437847,0.4100687844756746,,43.2,23.9,49.2,48.1,48.1,19.9
main034,maintenance_engineer,employee,2019-04-22,40.9,low,external_foreign,No action; keep in the baseline,0,4,0.0,0,5848011,0.36801193828650314,,43.2,75.0,49.2,48.1,6.7,40.8
cont016,control_room_operator,employee,2019-04-07,40.9,low,external_foreign,No action; keep in the baseline,0,4,0.0,0,5669311,0.36970663622508415,,43.2,75.0,49.2,48.1,7.8,39.5
main032,maintenance_engineer,employee,2019-04-26,40.9,low,external_foreign,No action; keep in the baseline,0,0,0.0,0,7243193,0.3849918100848938,,43.2,23.9,49.2,48.1,26.8,47.7
main039,maintenance_engineer,employee,2019-04-18,40.9,low,external_foreign,No action; keep in the baseline,0,3,0.0,0,4607701,0.37804098812256903,,43.2,66.4,49.2,48.1,16.8,32.9
main049,maintenance_engineer,employee,2019-04-26,40.8,low,anomaly,No action; keep in the baseline,0,0,0.0,0,122033,0.41895294929240484,,43.2,23.9,49.2,48.1,54.3,10.7
mine099,mine_planner,employee,2019-04-30,40.8,low,external_foreign,No action; keep in the baseline,0,0,0.0,0,11018247,0.3751755323795539,,43.2,23.9,49.2,48.1,13.7,65.0
mine090,mine_planner,employee,2019-04-03,40.8,low,external_foreign,No action; keep in the baseline,0,2,0.0,0,704912,0.3963954907758882,,43.2,57.6,49.2,48.1,36.1,12.5
supe108,supervisor,employee,2019-04-11,40.8,low,anomaly,No action; keep in the baseline,0,0,0.0,0,1789364,0.4124175593226495,,43.2,23.9,49.2,48.1,49.6,16.8
supe104,supervisor,employee,2019-04-26,40.8,low,external_foreign,No action; keep in the baseline,0,4,0.0,0,1943784,0.3833578875916223,,43.2,75.0,49.2,48.1,23.7,17.6
it068,it_service_desk,employee,2019-04-03,40.8,low,external_foreign,No action; keep in the baseline,0,0,0.0,0,2827175,0.407686788045103,,43.2,23.9,49.2,48.1,45.8,22.4
cont024,control_room_operator,employee,2019-04-09,40.7,low,external_foreign,No action; keep in the baseline,0,3,0.0,0,1691074,0.3869164640147394,,43.2,66.4,49.2,48.1,28.3,16.2
vend072,vendor_technician,vendor,2019-04-07,40.7,low,external_foreign,No action; keep in the baseline,0,1,0.0,0,8918958,0.36807495334575846,,43.2,50.8,49.2,48.1,6.7,55.8
cont003,control_room_operator,employee,2019-04-12,40.7,low,external_foreign,No action; keep in the baseline,0,3,0.0,0,6398354,0.36990526228683857,,43.2,66.4,49.2,48.1,8.1,43.3
vend069,vendor_technician,vendor,2019-04-05,40.7,low,external_foreign,No action; keep in the baseline,0,0,0.0,0,10162165,0.37662086761678704,,43.2,23.9,49.2,48.1,15.2,62.1
main033,maintenance_engineer,employee,2019-04-01,40.7,low,external_foreign,No action; keep in the baseline,0,0,0.0,0,5681027,0.39106259697233375,,43.2,23.9,49.2,48.1,32.2,39.6
supe109,supervisor,employee,2019-04-12,40.7,low,external_foreign,No action; keep in the baseline,0,0,0.0,0,2204350,0.4099635911878069,,43.2,23.9,49.2,48.1,48.0,18.5
main045,maintenance_engineer,employee,2019-04-23,40.7,low,external_foreign,No action; keep in the baseline,0,2,0.0,0,4747770,0.3806236999541208,,43.2,57.6,49.2,48.1,19.8,33.7
cont089,contractor_surveyor,contractor,2019-04-11,40.7,low,external_foreign,No action; keep in the baseline,0,0,0.0,0,3011328,0.40585009566777697,,43.2,23.9,49.2,48.1,44.2,23.6
cont018,control_room_operator,employee,2019-04-10,40.7,low,external_foreign,No action; keep in the baseline,0,4,0.0,0,4051716,0.3755687621058887,,43.2,75.0,49.2,48.1,14.1,29.8
supe106,supervisor,employee,2019-04-19,40.6,low,external_foreign,No action; keep in the baseline,0,1,0.0,0,5680723,0.3793937473238604,,43.2,50.8,49.2,48.1,18.3,39.5
cont009,control_room_operator,employee,2019-04-21,40.6,low,external_foreign,No action; keep in the baseline,0,3,0.0,0,3615861,0.3805018707917464,,43.2,66.4,49.2,48.1,19.5,27.3
ot057,ot_network_admin,employee,2019-04-03,40.6,low,external_foreign,No action; keep in the baseline,0,0,0.0,0,3830646,0.40056533524437116,,43.2,23.9,49.2,48.1,40.0,28.4
mine097,mine_planner,employee,2019-04-22,40.5,low,external_foreign,No action; keep in the baseline,0,0,0.0,0,4237549,0.3988506247402669,,43.2,23.9,49.2,48.1,37.9,30.8
it068,it_service_desk,employee,2019-04-05,40.5,low,external_foreign,No action; keep in the baseline,0,0,0.0,0,5653850,0.3902818649149227,,43.2,23.9,49.2,48.1,31.5,39.3
main027,maintenance_engineer,employee,2019-04-17,40.5,low,egress,No action; keep in the baseline,0,0,0.0,0,13178387,0.36690637263296483,,43.2,23.9,49.2,48.1,5.7,73.4
cont005,control_room_operator,employee,2019-04-16,40.5,low,egress,No action; keep in the baseline,0,0,0.0,0,12981250,0.36763852596017865,,43.2,23.9,49.2,48.1,6.4,72.7
it062,it_service_desk,employee,2019-04-29,40.5,low,external_foreign,No action; keep in the baseline,0,0,0.0,0,5300008,0.3922358428466899,,43.2,23.9,49.2,48.1,33.1,37.1
cont009,control_room_operator,employee,2019-04-18,40.5,low,external_foreign,No action; keep in the baseline,0,3,0.0,0,3028050,0.3818171998574561,,43.2,66.4,49.2,48.1,21.9,23.7
cont089,contractor_surveyor,contractor,2019-04-24,40.4,low,external_foreign,No action; keep in the baseline,0,0,0.0,0,2619173,0.40615861582011864,,43.2,23.9,49.2,48.1,44.6,21.1
supe112,supervisor,employee,2019-04-28,40.4,low,external_foreign,No action; keep in the baseline,0,1,0.0,0,0,0.4045217319573591,,43.2,50.8,49.2,48.1,43.2,5.1
main034,maintenance_engineer,employee,2019-04-16,40.4,low,egress,No action; keep in the baseline,0,0,0.0,0,11393670,0.37201037027971806,,43.2,23.9,49.2,48.1,10.4,66.7
mine093,mine_planner,employee,2019-04-05,40.4,low,external_foreign,No action; keep in the baseline,0,0,0.0,0,6404444,0.38646232773579653,,43.2,23.9,49.2,48.1,27.9,43.3
cont080,contractor_surveyor,contractor,2019-04-26,40.4,low,external_foreign,No action; keep in the baseline,0,0,0.0,0,2532240,0.40640860774381826,,43.2,23.9,49.2,48.1,45.1,20.5
main040,maintenance_engineer,employee,2019-04-13,40.4,low,external_foreign,No action; keep in the baseline,0,3,0.0,0,4759004,0.37506434479006195,,43.2,66.4,49.2,48.1,13.6,33.8
vend071,vendor_technician,vendor,2019-04-04,40.3,low,egress,No action; keep in the baseline,0,0,0.0,0,12808352,0.3670914013987864,,43.2,23.9,49.2,48.1,6.0,71.9
mine103,mine_planner,employee,2019-04-24,40.3,low,external_foreign,No action; keep in the baseline,0,0,0.0,0,10430167,0.3742876667027448,,43.2,23.9,49.2,48.1,12.7,63.0
main037,maintenance_engineer,employee,2019-04-20,40.3,low,external_foreign,No action; keep in the baseline,0,0,0.0,0,2611977,0.4056462561338449,,43.2,23.9,49.2,48.1,44.1,21.0
vend070,vendor_technician,vendor,2019-04-18,40.3,low,anomaly,No action; keep in the baseline,0,0,0.0,0,302821,0.4153060638471116,,43.2,23.9,49.2,48.1,51.5,11.2
main043,maintenance_engineer,employee,2019-04-11,40.3,low,anomaly,No action; keep in the baseline,0,0,0.0,0,0,0.42105163296929726,,43.2,23.9,49.2,48.1,55.9,5.1
ot053,ot_network_admin,employee,2019-04-12,40.3,low,external_foreign,No action; keep in the baseline,0,0,0.0,0,2750023,0.4047235600082365,,43.2,23.9,49.2,48.1,43.4,21.9
cont011,control_room_operator,employee,2019-04-30,40.3,low,external_foreign,No action; keep in the baseline,0,0,0.0,0,5181481,0.3920266823631815,,43.2,23.9,49.2,48.1,32.7,36.2
cont085,contractor_surveyor,contractor,2019-04-06,40.3,low,external_foreign,No action; keep in the baseline,0,0,0.0,0,5451489,0.39020000774013286,,43.2,23.9,49.2,48.1,31.3,38.3
mine096,mine_planner,employee,2019-04-10,40.2,low,external_foreign,No action; keep in the baseline,0,0,0.0,0,10154070,0.37454720308848066,,43.2,23.9,49.2,48.1,12.9,62.0
cont018,control_room_operator,employee,2019-04-11,40.2,low,external_foreign,No action; keep in the baseline,0,2,0.0,0,4616550,0.3787869732958712,,43.2,57.6,49.2,48.1,17.7,33.0
main049,maintenance_engineer,employee,2019-04-22,40.2,low,external_foreign,No action; keep in the baseline,0,3,0.0,0,1093610,0.3858814641184939,,43.2,66.4,49.2,48.1,27.7,14.1
main041,maintenance_engineer,employee,2019-04-25,40.2,low,external_foreign,No action; keep in the baseline,0,0,0.0,0,10394991,0.3733389771250164,,43.2,23.9,49.2,48.1,12.0,62.9
main031,maintenance_engineer,employee,2019-04-19,40.2,low,external_foreign,No action; keep in the baseline,0,0,0.0,0,3115574,0.40154911515287567,,43.2,23.9,49.2,48.1,41.0,24.2
mine099,mine_planner,employee,2019-04-19,40.2,low,external_foreign,No action; keep in the baseline,0,0,0.0,0,10207001,0.3742286932702658,,43.2,23.9,49.2,48.1,12.6,62.3
mine092,mine_planner,employee,2019-04-07,40.2,low,external_foreign,No action; keep in the baseline,0,0,0.0,0,10625708,0.3728908321081537,,43.2,23.9,49.2,48.1,11.5,63.8
supe106,supervisor,employee,2019-04-18,40.1,low,external_foreign,No action; keep in the baseline,0,0,0.0,0,2495942,0.40497266865050596,,43.2,23.9,49.2,48.1,43.5,20.3
it062,it_service_desk,employee,2019-04-24,40.1,low,external_foreign,No action; keep in the baseline,0,0,0.0,0,5414862,0.38881099186984985,,43.2,23.9,49.2,48.1,30.2,38.0
cont026,control_room_operator,employee,2019-04-29,40.1,low,external_foreign,No action; keep in the baseline,0,4,0.0,0,4632625,0.37037167126147463,,43.2,75.0,49.2,48.1,8.5,33.0
supe104,supervisor,employee,2019-04-05,40.1,low,external_foreign,No action; keep in the baseline,0,1,0.0,0,5798416,0.3766944846358349,,43.2,50.8,49.2,48.1,15.3,40.4
cont018,control_room_operator,employee,2019-04-04,40.1,low,external_foreign,No action; keep in the baseline,0,3,0.0,0,878716,0.3862202837317353,,43.2,66.4,49.2,48.1,27.8,13.3
it063,it_service_desk,employee,2019-04-11,40.1,low,external_foreign,No action; keep in the baseline,0,0,0.0,0,10223272,0.3735153640028517,,43.2,23.9,49.2,48.1,12.1,62.3
mine096,mine_planner,employee,2019-04-27,40.1,low,external_foreign,No action; keep in the baseline,0,0,0.0,0,9061620,0.3778087368607981,,43.2,23.9,49.2,48.1,16.4,56.6
it066,it_service_desk,employee,2019-04-05,40.1,low,anomaly,No action; keep in the baseline,0,0,0.0,0,0,0.4196338729985985,,43.2,23.9,49.2,48.1,55.0,5.1
it062,it_service_desk,employee,2019-04-01,40.1,low,external_foreign,No action; keep in the baseline,0,0,0.0,0,8254269,0.38018301932541976,,43.2,23.9,49.2,48.1,19.2,53.1
cont080,contractor_surveyor,contractor,2019-04-01,40.1,low,external_foreign,No action; keep in the baseline,0,0,0.0,0,7712878,0.3811984652865627,,43.2,23.9,49.2,48.1,21.1,50.3
cont023,control_room_operator,employee,2019-04-23,40.1,low,anomaly,No action; keep in the baseline,0,0,0.0,0,0,0.4196338729985985,,43.2,23.9,49.2,48.1,55.0,5.1
supe104,supervisor,employee,2019-04-15,40.0,low,external_foreign,No action; keep in the baseline,0,3,0.0,0,4229178,0.3755577239718489,,43.2,66.4,49.2,48.1,14.0,30.8
main031,maintenance_engineer,employee,2019-04-29,40.0,low,external_foreign,No action; keep in the baseline,0,0,0.0,0,6077412,0.38511581765812314,,43.2,23.9,49.2,48.1,26.9,41.8
cont086,contractor_surveyor,contractor,2019-04-23,40.0,low,external_foreign,No action; keep in the baseline,0,2,0.0,0,4901148,0.37679362288372775,,43.2,57.6,49.2,48.1,15.5,34.5
main046,maintenance_engineer,employee,2019-04-03,40.0,low,external_foreign,No action; keep in the baseline,0,0,0.0,0,10040614,0.37358226674024947,,43.2,23.9,49.2,48.1,12.1,61.4
supe108,supervisor,employee,2019-04-30,40.0,low,external_foreign,No action; keep in the baseline,0,0,0.0,0,4956494,0.391973915523374,,43.2,23.9,49.2,48.1,32.6,34.7
ot053,ot_network_admin,employee,2019-04-06,40.0,low,external_foreign,No action; keep in the baseline,0,3,0.0,0,2697105,0.3811752418035629,,43.2,66.4,49.2,48.1,21.1,21.5
it064,it_service_desk,employee,2019-04-05,40.0,low,external_foreign,No action; keep in the baseline,0,0,0.0,0,1178502,0.4095842815413729,,43.2,23.9,49.2,48.1,47.6,14.3
cont005,control_room_operator,employee,2019-04-24,40.0,low,external_foreign,No action; keep in the baseline,0,3,0.0,0,1974654,0.3835984418421649,,43.2,66.4,49.2,48.1,24.0,17.7
mine092,mine_planner,employee,2019-04-05,40.0,low,external_foreign,No action; keep in the baseline,0,0,0.0,0,9167976,0.3770577484717759,,43.2,23.9,49.2,48.1,15.6,57.2
mine102,mine_planner,employee,2019-04-17,40.0,low,external_foreign,No action; keep in the baseline,0,0,0.0,0,985089,0.4101827325717454,,43.2,23.9,49.2,48.1,48.1,13.7
main027,maintenance_engineer,employee,2019-04-16,40.0,low,external_foreign,No action; keep in the baseline,0,1,0.0,0,9092825,0.3632336147553838,,43.2,50.8,49.2,48.1,2.5,56.8
main032,maintenance_engineer,employee,2019-04-25,39.9,low,external_foreign,No action; keep in the baseline,0,2,0.0,0,4105400,0.3793999665885796,,43.2,57.6,49.2,48.1,18.4,30.1
it067,it_service_desk,employee,2019-04-17,39.9,low,external_foreign,No action; keep in the baseline,0,2,0.0,0,4641203,0.3773742909963135,,43.2,57.6,49.2,48.1,16.0,33.1
main031,maintenance_engineer,employee,2019-04-01,39.9,low,external_foreign,No action; keep in the baseline,0,3,0.0,0,4165283,0.3755279073874952,,43.2,66.4,49.2,48.1,14.0,30.4
cont008,control_room_operator,employee,2019-04-01,39.9,low,external_foreign,No action; keep in the baseline,0,2,0.0,0,6203994,0.37129926705585464,,43.2,57.6,49.2,48.1,9.3,42.5
cont086,contractor_surveyor,contractor,2019-04-22,39.9,low,external_foreign,No action; keep in the baseline,0,0,0.0,0,9098609,0.3765022141505514,,43.2,23.9,49.2,48.1,15.1,56.8
vend077,vendor_technician,vendor,2019-04-27,39.9,low,egress,No action; keep in the baseline,0,0,0.0,0,11625920,0.36887151302407434,,43.2,23.9,49.2,48.1,7.0,67.7
cont083,contractor_surveyor,contractor,2019-04-03,39.9,low,external_foreign,No action; keep in the baseline,0,3,0.0,0,2170042,0.3827513681723906,,43.2,66.4,49.2,48.1,23.0,18.4
main037,maintenance_engineer,employee,2019-04-19,39.8,low,external_foreign,No action; keep in the baseline,0,3,0.0,0,91156,0.38686840642132764,,43.2,66.4,49.2,48.1,28.2,10.5
mine098,mine_planner,employee,2019-04-14,39.8,low,external_foreign,No action; keep in the baseline,0,0,0.0,0,6568691,0.3839101505131023,,43.2,23.9,49.2,48.1,24.4,44.1
ot054,ot_network_admin,employee,2019-04-05,39.8,low,external_foreign,No action; keep in the baseline,0,0,0.0,0,2308245,0.40427241891174925,,43.2,23.9,49.2,48.1,43.0,19.0
main041,maintenance_engineer,employee,2019-04-02,39.8,low,egress,No action; keep in the baseline,0,0,0.0,0,12070510,0.36574988817969817,,43.2,23.9,49.2,48.1,5.3,69.1
mine098,mine_planner,employee,2019-04-20,39.8,low,anomaly,No action; keep in the baseline,0,0,0.0,0,0,0.4181600156458813,,43.2,23.9,49.2,48.1,53.7,5.1
vend075,vendor_technician,vendor,2019-04-09,39.8,low,external_foreign,No action; keep in the baseline,0,0,0.0,0,574356,0.4104485818074039,,43.2,23.9,49.2,48.1,48.4,12.0
main036,maintenance_engineer,employee,2019-04-25,39.8,low,egress,No action; keep in the baseline,0,0,0.0,0,11520551,0.3690709398037019,,43.2,23.9,49.2,48.1,7.1,67.2
vend075,vendor_technician,vendor,2019-04-20,39.7,low,external_foreign,No action; keep in the baseline,0,0,0.0,0,9929541,0.37244198183946403,,43.2,23.9,49.2,48.1,11.0,60.7
it064,it_service_desk,employee,2019-04-16,39.7,low,external_foreign,No action; keep in the baseline,0,0,0.0,0,9867884,0.372935405327195,,43.2,23.9,49.2,48.1,11.5,60.4
supe114,supervisor,employee,2019-04-30,39.7,low,external_foreign,No action; keep in the baseline,0,2,0.0,0,4213674,0.37812196466063064,,43.2,57.6,49.2,48.1,16.8,30.7
vend069,vendor_technician,vendor,2019-04-12,39.7,low,external_foreign,No action; keep in the baseline,0,3,0.0,0,1250179,0.38401363321115667,,43.2,66.4,49.2,48.1,24.6,14.5
cont015,control_room_operator,employee,2019-04-06,39.7,low,external_foreign,No action; keep in the baseline,0,0,0.0,0,3862235,0.394950747675836,,43.2,23.9,49.2,48.1,35.3,28.5
cont085,contractor_surveyor,contractor,2019-04-28,39.7,low,external_foreign,No action; keep in the baseline,0,1,0.0,0,2491119,0.38673088272685513,,43.2,50.8,49.2,48.1,28.1,20.2
cont024,control_room_operator,employee,2019-04-03,39.7,low,external_foreign,No action; keep in the baseline,0,3,0.0,0,1350753,0.38401363321115667,,43.2,66.4,49.2,48.1,24.6,14.9
supe113,supervisor,employee,2019-04-04,39.7,low,external_foreign,No action; keep in the baseline,0,0,0.0,0,8286555,0.37815358784395037,,43.2,23.9,49.2,48.1,17.0,53.3
cont013,control_room_operator,employee,2019-04-10,39.6,low,external_foreign,No action; keep in the baseline,0,0,0.0,0,213449,0.41032334448732893,,43.2,23.9,49.2,48.1,48.2,11.0
cont082,contractor_surveyor,contractor,2019-04-17,39.6,low,external_foreign,No action; keep in the baseline,0,0,0.0,0,10019075,0.3720103437489261,,43.2,23.9,49.2,48.1,10.4,61.2
main046,maintenance_engineer,employee,2019-04-04,39.6,low,external_foreign,No action; keep in the baseline,0,1,0.0,0,5271574,0.3765362657537538,,43.2,50.8,49.2,48.1,15.2,36.9
mine103,mine_planner,employee,2019-04-15,39.6,low,external_foreign,No action; keep in the baseline,0,3,0.0,0,2468984,0.38063367377948065,,43.2,66.4,49.2,48.1,19.8,20.1
ot055,ot_network_admin,employee,2019-04-02,39.6,low,external_foreign,No action; keep in the baseline,0,0,0.0,0,112729,0.4106224354340327,,43.2,23.9,49.2,48.1,48.5,10.7
main035,maintenance_engineer,employee,2019-04-29,39.6,low,external_foreign,No action; keep in the baseline,0,3,0.0,0,303852,0.38488093095760767,,43.2,66.4,49.2,48.1,26.6,11.2
it061,it_service_desk,employee,2019-04-30,39.6,low,external_foreign,No action; keep in the baseline,0,0,0.0,0,344970,0.4097731655963752,,43.2,23.9,49.2,48.1,47.7,11.3
main049,maintenance_engineer,employee,2019-04-18,39.6,low,external_foreign,No action; keep in the baseline,0,2,0.0,0,0,0.3956905913244564,,43.2,57.6,49.2,48.1,35.7,5.1
main035,maintenance_engineer,employee,2019-04-13,39.6,low,external_foreign,No action; keep in the baseline,0,3,0.0,0,3947156,0.3747532653324178,,43.2,66.4,49.2,48.1,13.3,29.2
it067,it_service_desk,employee,2019-04-18,39.6,low,external_foreign,No action; keep in the baseline,0,3,0.0,0,467045,0.38475542446695626,,43.2,66.4,49.2,48.1,26.5,11.7
cont009,control_room_operator,employee,2019-04-10,39.6,low,external_foreign,No action; keep in the baseline,0,2,0.0,0,0,0.3956905913244564,,43.2,57.6,49.2,48.1,35.7,5.1
main035,maintenance_engineer,employee,2019-04-17,39.6,low,external_foreign,No action; keep in the baseline,0,1,0.0,0,7388140,0.36776528040012524,,43.2,50.8,49.2,48.1,6.5,48.5
ot053,ot_network_admin,employee,2019-04-04,39.6,low,external_foreign,No action; keep in the baseline,0,2,0.0,0,0,0.3956905913244564,,43.2,57.6,49.2,48.1,35.7,5.1
cont083,contractor_surveyor,contractor,2019-04-11,39.6,low,external_foreign,No action; keep in the baseline,0,3,0.0,0,4680852,0.37195027593642155,,43.2,66.4,49.2,48.1,10.3,33.3
supe106,supervisor,employee,2019-04-03,39.6,low,external_foreign,No action; keep in the baseline,0,2,0.0,0,0,0.3956905913244564,,43.2,57.6,49.2,48.1,35.7,5.1
supe106,supervisor,employee,2019-04-01,39.6,low,external_foreign,No action; keep in the baseline,0,0,0.0,0,4974934,0.388822010063386,,43.2,23.9,49.2,48.1,30.3,34.9
main037,maintenance_engineer,employee,2019-04-11,39.5,low,anomaly,No action; keep in the baseline,0,0,0.0,0,0,0.41560955029521524,,43.2,23.9,49.2,48.1,51.9,5.1
main046,maintenance_engineer,employee,2019-04-13,39.5,low,anomaly,No action; keep in the baseline,0,0,0.0,0,0,0.41560955029521524,,43.2,23.9,49.2,48.1,51.9,5.1
main048,maintenance_engineer,employee,2019-04-10,39.5,low,external_foreign,No action; keep in the baseline,0,0,0.0,0,8811653,0.37586039795233533,,43.2,23.9,49.2,48.1,14.4,55.5
main047,maintenance_engineer,employee,2019-04-29,39.5,low,anomaly,No action; keep in the baseline,0,0,0.0,0,0,0.41560955029521524,,43.2,23.9,49.2,48.1,51.9,5.1
main037,maintenance_engineer,employee,2019-04-02,39.5,low,anomaly,No action; keep in the baseline,0,0,0.0,0,0,0.41560955029521524,,43.2,23.9,49.2,48.1,51.9,5.1
supe106,supervisor,employee,2019-04-13,39.5,low,anomaly,No action; keep in the baseline,0,0,0.0,0,0,0.41560955029521524,,43.2,23.9,49.2,48.1,51.9,5.1
mine102,mine_planner,employee,2019-04-24,39.5,low,anomaly,No action; keep in the baseline,0,0,0.0,0,0,0.41560955029521524,,43.2,23.9,49.2,48.1,51.9,5.1
supe107,supervisor,employee,2019-04-02,39.5,low,external_foreign,No action; keep in the baseline,0,0,0.0,0,4533238,0.3906115695938057,,43.2,23.9,49.2,48.1,31.7,32.2
cont078,contractor_surveyor,contractor,2019-04-04,39.5,low,anomaly,No action; keep in the baseline,0,0,0.0,0,0,0.41560955029521524,,43.2,23.9,49.2,48.1,51.9,5.1
main045,maintenance_engineer,employee,2019-04-15,39.5,low,anomaly,No action; keep in the baseline,0,0,0.0,0,0,0.41560955029521524,,43.2,23.9,49.2,48.1,51.9,5.1
main037,maintenance_engineer,employee,2019-04-07,39.5,low,anomaly,No action; keep in the baseline,0,0,0.0,0,0,0.41560955029521524,,43.2,23.9,49.2,48.1,51.9,5.1
cont020,control_room_operator,employee,2019-04-13,39.5,low,anomaly,No action; keep in the baseline,0,0,0.0,0,0,0.41560955029521524,,43.2,23.9,49.2,48.1,51.9,5.1
main047,maintenance_engineer,employee,2019-04-08,39.5,low,anomaly,No action; keep in the baseline,0,0,0.0,0,0,0.41560955029521524,,43.2,23.9,49.2,48.1,51.9,5.1
cont082,contractor_surveyor,contractor,2019-04-29,39.5,low,anomaly,No action; keep in the baseline,0,0,0.0,0,0,0.41560955029521524,,43.2,23.9,49.2,48.1,51.9,5.1
supe111,supervisor,employee,2019-04-05,39.5,low,external_foreign,No action; keep in the baseline,0,0,0.0,0,3621750,0.3953651516932661,,43.2,23.9,49.2,48.1,35.6,27.3
main029,maintenance_engineer,employee,2019-04-22,39.5,low,anomaly,No action; keep in the baseline,0,0,0.0,0,0,0.41560955029521524,,43.2,23.9,49.2,48.1,51.9,5.1
cont008,control_room_operator,employee,2019-04-25,39.5,low,anomaly,No action; keep in the baseline,0,0,0.0,0,0,0.41560955029521524,,43.2,23.9,49.2,48.1,51.9,5.1
supe109,supervisor,employee,2019-04-04,39.5,low,anomaly,No action; keep in the baseline,0,0,0.0,0,0,0.41560955029521524,,43.2,23.9,49.2,48.1,51.9,5.1
main048,maintenance_engineer,employee,2019-04-26,39.5,low,external_foreign,No action; keep in the baseline,0,1,0.0,0,2432433,0.3854845738976139,,43.2,50.8,49.2,48.1,27.3,19.9
mine093,mine_planner,employee,2019-04-12,39.5,low,anomaly,No action; keep in the baseline,0,0,0.0,0,0,0.41560955029521524,,43.2,23.9,49.2,48.1,51.9,5.1
mine099,mine_planner,employee,2019-04-22,39.5,low,anomaly,No action; keep in the baseline,0,0,0.0,0,0,0.41560955029521524,,43.2,23.9,49.2,48.1,51.9,5.1
main040,maintenance_engineer,employee,2019-04-17,39.5,low,anomaly,No action; keep in the baseline,0,0,0.0,0,0,0.41560955029521524,,43.2,23.9,49.2,48.1,51.9,5.1
it067,it_service_desk,employee,2019-04-04,39.5,low,external_foreign,No action; keep in the baseline,0,0,0.0,0,8699010,0.375943059608999,,43.2,23.9,49.2,48.1,14.5,55.1
cont086,contractor_surveyor,contractor,2019-04-20,39.5,low,external_foreign,No action; keep in the baseline,0,0,0.0,0,9199949,0.37435032261892437,,43.2,23.9,49.2,48.1,12.8,57.3
cont016,control_room_operator,employee,2019-04-23,39.4,low,external_foreign,No action; keep in the baseline,0,0,0.0,0,8624280,0.37565474261603515,,43.2,23.9,49.2,48.1,14.1,54.7
main039,maintenance_engineer,employee,2019-04-26,39.4,low,external_foreign,No action; keep in the baseline,0,0,0.0,0,7601992,0.3791947651089839,,43.2,23.9,49.2,48.1,18.2,49.7
main050,maintenance_engineer,employee,2019-04-01,39.4,low,external_foreign,No action; keep in the baseline,0,0,0.0,0,9088893,0.3744702438646963,,43.2,23.9,49.2,48.1,12.8,56.8
main036,maintenance_engineer,employee,2019-04-02,39.4,low,external_foreign,No action; keep in the baseline,0,0,0.0,0,4841462,0.3885658558694348,,43.2,23.9,49.2,48.1,29.7,34.1
cont082,contractor_surveyor,contractor,2019-04-10,39.4,low,anomaly,No action; keep in the baseline,0,0,0.0,0,0,0.4152009099456036,,43.2,23.9,49.2,48.1,51.5,5.1
mine095,mine_planner,employee,2019-04-12,39.4,low,external_foreign,No action; keep in the baseline,0,0,0.0,0,3819224,0.3937723866337446,,43.2,23.9,49.2,48.1,34.1,28.3
cont023,control_room_operator,employee,2019-04-05,39.4,low,external_foreign,No action; keep in the baseline,0,3,0.0,0,6334890,0.36204723935048133,,43.2,66.4,49.2,48.1,1.8,43.0
cont009,control_room_operator,employee,2019-04-02,39.4,low,external_foreign,No action; keep in the baseline,0,0,0.0,0,9431334,0.37311279790513524,,43.2,23.9,49.2,48.1,11.8,58.2
cont085,contractor_surveyor,contractor,2019-04-17,39.4,low,external_foreign,No action; keep in the baseline,0,0,0.0,0,3974860,0.39235849852151344,,43.2,23.9,49.2,48.1,33.2,29.3
supe110,supervisor,employee,2019-04-29,39.4,low,external_foreign,No action; keep in the baseline,0,1,0.0,0,1669224,0.3886367562636814,,43.2,50.8,49.2,48.1,29.9,16.1
main031,maintenance_engineer,employee,2019-04-16,39.4,low,external_foreign,No action; keep in the baseline,0,0,0.0,0,4880286,0.3885658558694348,,43.2,23.9,49.2,48.1,29.7,34.4
main027,maintenance_engineer,employee,2019-04-06,39.3,low,external_foreign,No action; keep in the baseline,0,2,0.0,0,2782022,0.3816345430118427,,43.2,57.6,49.2,48.1,21.7,22.1
main039,maintenance_engineer,employee,2019-04-11,39.3,low,anomaly,No action; keep in the baseline,0,0,0.0,0,0,0.41502627362636063,,43.2,23.9,49.2,48.1,51.3,5.1
vend070,vendor_technician,vendor,2019-04-17,39.3,low,external_foreign,No action; keep in the baseline,0,0,0.0,0,3614133,0.39412057406186013,,43.2,23.9,49.2,48.1,34.4,27.2
it060,it_service_desk,employee,2019-04-24,39.3,low,anomaly,No action; keep in the baseline,0,0,0.0,0,0,0.41502627362636063,,43.2,23.9,49.2,48.1,51.3,5.1
cont023,control_room_operator,employee,2019-04-21,39.3,low,anomaly,No action; keep in the baseline,0,0,0.0,0,0,0.41502627362636063,,43.2,23.9,49.2,48.1,51.3,5.1
main041,maintenance_engineer,employee,2019-04-28,39.3,low,external_foreign,No action; keep in the baseline,0,3,0.0,0,2368250,0.37993726905221087,,43.2,66.4,49.2,48.1,18.9,19.3
main032,maintenance_engineer,employee,2019-04-10,39.3,low,anomaly,No action; keep in the baseline,0,0,0.0,0,0,0.41502627362636063,,43.2,23.9,49.2,48.1,51.3,5.1
cont018,control_room_operator,employee,2019-04-21,39.3,low,external_foreign,No action; keep in the baseline,0,3,0.0,0,3733717,0.37436572709597216,,43.2,66.4,49.2,48.1,12.8,27.7
mine101,mine_planner,employee,2019-04-25,39.3,low,anomaly,No action; keep in the baseline,0,0,0.0,0,0,0.41502627362636063,,43.2,23.9,49.2,48.1,51.3,5.1
it066,it_service_desk,employee,2019-04-24,39.3,low,external_foreign,No action; keep in the baseline,0,0,0.0,0,2171049,0.4014594099594843,,43.2,23.9,49.2,48.1,41.0,18.4
vend071,vendor_technician,vendor,2019-04-19,39.3,low,anomaly,No action; keep in the baseline,0,0,0.0,0,0,0.41502627362636063,,43.2,23.9,49.2,48.1,51.3,5.1
vend073,vendor_technician,vendor,2019-04-29,39.3,low,anomaly,No action; keep in the baseline,0,0,0.0,0,0,0.41502627362636063,,43.2,23.9,49.2,48.1,51.3,5.1
cont004,control_room_operator,employee,2019-04-16,39.3,low,anomaly,No action; keep in the baseline,0,0,0.0,0,0,0.41502627362636063,,43.2,23.9,49.2,48.1,51.3,5.1
cont010,control_room_operator,employee,2019-04-22,39.3,low,external_foreign,No action; keep in the baseline,0,4,0.0,0,1765697,0.3780106527715842,,43.2,75.0,49.2,48.1,16.7,16.5
ot055,ot_network_admin,employee,2019-04-12,39.3,low,anomaly,No action; keep in the baseline,0,0,0.0,0,0,0.41502627362636063,,43.2,23.9,49.2,48.1,51.3,5.1
supe111,supervisor,employee,2019-04-22,39.3,low,external_foreign,No action; keep in the baseline,0,0,0.0,0,3348545,0.3952076749675414,,43.2,23.9,49.2,48.1,35.5,25.5
supe104,supervisor,employee,2019-04-27,39.3,low,external_foreign,No action; keep in the baseline,0,0,0.0,0,3052716,0.39721957954493065,,43.2,23.9,49.2,48.1,36.8,23.8
cont001,control_room_operator,employee,2019-04-13,39.3,low,anomaly,No action; keep in the baseline,0,0,0.0,0,0,0.41502627362636063,,43.2,23.9,49.2,48.1,51.3,5.1
mine101,mine_planner,employee,2019-04-21,39.3,low,anomaly,No action; keep in the baseline,0,0,0.0,0,0,0.41502627362636063,,43.2,23.9,49.2,48.1,51.3,5.1
cont079,contractor_surveyor,contractor,2019-04-08,39.3,low,external_foreign,No action; keep in the baseline,0,0,0.0,0,9542454,0.37231759183333496,,43.2,23.9,49.2,48.1,10.7,58.7
it066,it_service_desk,employee,2019-04-06,39.2,low,external_foreign,No action; keep in the baseline,0,0,0.0,0,4572865,0.38839998936434306,,43.2,23.9,49.2,48.1,29.7,32.7
main038,maintenance_engineer,employee,2019-04-03,39.2,low,external_foreign,No action; keep in the baseline,0,0,0.0,0,1336686,0.40457558860944653,,43.2,23.9,49.2,48.1,43.3,14.9
mine096,mine_planner,employee,2019-04-01,39.2,low,external_foreign,No action; keep in the baseline,0,2,0.0,0,4546200,0.37465053105439056,,43.2,57.6,49.2,48.1,13.2,32.3
main031,maintenance_engineer,employee,2019-04-21,39.2,low,external_foreign,No action; keep in the baseline,0,0,0.0,0,7861613,0.377334332310294,,43.2,23.9,49.2,48.1,15.9,51.1
cont021,control_room_operator,employee,2019-04-07,39.1,low,external_foreign,No action; keep in the baseline,0,1,0.0,0,968927,0.388916061450301,,43.2,50.8,49.2,48.1,30.3,13.6
cont021,control_room_operator,employee,2019-04-17,39.1,low,external_foreign,No action; keep in the baseline,0,1,0.0,0,0,0.3966065970347713,,43.2,50.8,49.2,48.1,36.4,5.1
supe110,supervisor,employee,2019-04-02,39.1,low,external_foreign,No action; keep in the baseline,0,3,0.0,0,1500641,0.38113740975406174,,43.2,66.4,49.2,48.1,21.0,15.5
cont026,control_room_operator,employee,2019-04-27,39.1,low,external_foreign,No action; keep in the baseline,0,1,0.0,0,4953578,0.3758105323574234,,43.2,50.8,49.2,48.1,14.3,34.6
main031,maintenance_engineer,employee,2019-04-14,39.1,low,external_foreign,No action; keep in the baseline,0,1,0.0,0,4482081,0.37768464776490157,,43.2,50.8,49.2,48.1,16.3,32.0
main035,maintenance_engineer,employee,2019-04-01,39.1,low,external_foreign,No action; keep in the baseline,0,1,0.0,0,0,0.3966065970347713,,43.2,50.8,49.2,48.1,36.4,5.1
mine093,mine_planner,employee,2019-04-04,39.0,low,external_foreign,No action; keep in the baseline,0,2,0.0,0,2453341,0.38152681866036825,,43.2,57.6,49.2,48.1,21.5,20.0
main039,maintenance_engineer,employee,2019-04-08,39.0,low,external_foreign,No action; keep in the baseline,0,0,0.0,0,9999759,0.3693815245074006,,43.2,23.9,49.2,48.1,7.4,61.1
cont014,control_room_operator,employee,2019-04-04,39.0,low,external_foreign,No action; keep in the baseline,0,2,0.0,0,5237821,0.37107677678953016,,43.2,57.6,49.2,48.1,9.1,36.6
cont015,control_room_operator,employee,2019-04-17,39.0,low,external_foreign,No action; keep in the baseline,0,0,0.0,0,6985872,0.3797239620249924,,43.2,23.9,49.2,48.1,18.8,46.0
vend073,vendor_technician,vendor,2019-04-08,39.0,low,external_foreign,No action; keep in the baseline,0,0,0.0,0,7828068,0.37668470576381674,,43.2,23.9,49.2,48.1,15.3,50.9
cont009,control_room_operator,employee,2019-04-11,39.0,low,external_foreign,No action; keep in the baseline,0,0,0.0,0,9028466,0.37237235938159524,,43.2,23.9,49.2,48.1,10.9,56.4
cont087,contractor_surveyor,contractor,2019-04-13,39.0,low,egress,No action; keep in the baseline,0,0,0.0,0,11280536,0.36393295732970005,,43.2,23.9,49.2,48.1,3.8,66.4
ot055,ot_network_admin,employee,2019-04-27,39.0,low,external_foreign,No action; keep in the baseline,0,0,0.0,0,1698363,0.40157131700163495,,43.2,23.9,49.2,48.1,41.1,16.3
cont089,contractor_surveyor,contractor,2019-04-18,39.0,low,external_foreign,No action; keep in the baseline,0,0,0.0,0,2970100,0.39614593629918127,,43.2,23.9,49.2,48.1,36.0,23.4
main044,maintenance_engineer,employee,2019-04-15,39.0,low,external_foreign,No action; keep in the baseline,0,3,0.0,0,2673857,0.37755770426597396,,43.2,66.4,49.2,48.1,16.1,21.3
cont022,control_room_operator,employee,2019-04-07,38.9,low,external_foreign,No action; keep in the baseline,0,2,0.0,0,0,0.39086176855552374,,43.2,57.6,49.2,48.1,31.9,5.1
main035,maintenance_engineer,employee,2019-04-14,38.9,low,external_foreign,No action; keep in the baseline,0,3,0.0,0,5368009,0.3637813492146654,,43.2,66.4,49.2,48.1,3.5,37.4
main036,maintenance_engineer,employee,2019-04-03,38.9,low,external_foreign,No action; keep in the baseline,0,2,0.0,0,0,0.39086176855552374,,43.2,57.6,49.2,48.1,31.9,5.1
mine096,mine_planner,employee,2019-04-05,38.9,low,external_foreign,No action; keep in the baseline,0,2,0.0,0,0,0.39086176855552374,,43.2,57.6,49.2,48.1,31.9,5.1
it066,it_service_desk,employee,2019-04-04,38.9,low,external_foreign,No action; keep in the baseline,0,0,0.0,0,1583637,0.40157131700163495,,43.2,23.9,49.2,48.1,41.1,15.8
cont087,contractor_surveyor,contractor,2019-04-04,38.9,low,external_foreign,No action; keep in the baseline,0,0,0.0,0,9206728,0.37166052650215525,,43.2,23.9,49.2,48.1,10.0,57.4
cont084,contractor_surveyor,contractor,2019-04-23,38.9,low,external_foreign,No action; keep in the baseline,0,0,0.0,0,9171181,0.37160894065547706,,43.2,23.9,49.2,48.1,9.9,57.3
cont011,control_room_operator,employee,2019-04-12,38.9,low,external_foreign,No action; keep in the baseline,0,2,0.0,0,0,0.39086176855552374,,43.2,57.6,49.2,48.1,31.9,5.1
cont020,control_room_operator,employee,2019-04-02,38.9,low,external_foreign,No action; keep in the baseline,0,2,0.0,0,3170448,0.37867647070228855,,43.2,57.6,49.2,48.1,17.6,24.6
mine093,mine_planner,employee,2019-04-13,38.9,low,external_foreign,No action; keep in the baseline,0,0,0.0,0,8616686,0.3731150714799231,,43.2,23.9,49.2,48.1,11.9,54.6
ot052,ot_network_admin,employee,2019-04-27,38.9,low,external_foreign,No action; keep in the baseline,0,2,0.0,0,0,0.39086176855552374,,43.2,57.6,49.2,48.1,31.9,5.1
cont083,contractor_surveyor,contractor,2019-04-01,38.9,low,external_foreign,No action; keep in the baseline,0,1,0.0,0,6815073,0.36588569605780014,,43.2,50.8,49.2,48.1,5.4,45.4
cont024,control_room_operator,employee,2019-04-08,38.9,low,external_foreign,No action; keep in the baseline,0,1,0.0,0,1926885,0.38460228063986374,,43.2,50.8,49.2,48.1,26.5,17.4
cont026,control_room_operator,employee,2019-04-14,38.9,low,external_foreign,No action; keep in the baseline,0,2,0.0,0,0,0.39086176855552374,,43.2,57.6,49.2,48.1,31.9,5.1
it060,it_service_desk,employee,2019-04-25,38.9,low,external_foreign,No action; keep in the baseline,0,0,0.0,0,1465521,0.40166560041792737,,43.2,23.9,49.2,48.1,41.2,15.3
supe114,supervisor,employee,2019-04-21,38.9,low,external_foreign,No action; keep in the baseline,0,0,0.0,0,10364669,0.3665438994492262,,43.2,23.9,49.2,48.1,5.6,62.8
mine098,mine_planner,employee,2019-04-21,38.9,low,external_foreign,No action; keep in the baseline,0,0,0.0,0,6708952,0.380202155353191,,43.2,23.9,49.2,48.1,19.2,44.8
cont022,control_room_operator,employee,2019-04-29,38.9,low,external_foreign,No action; keep in the baseline,0,2,0.0,0,0,0.39086176855552374,,43.2,57.6,49.2,48.1,31.9,5.1
mine096,mine_planner,employee,2019-04-23,38.8,low,external_foreign,No action; keep in the baseline,0,0,0.0,0,746805,0.40422742019789326,,43.2,23.9,49.2,48.1,42.9,12.8
cont085,contractor_surveyor,contractor,2019-04-04,38.8,low,external_foreign,No action; keep in the baseline,0,0,0.0,0,4367782,0.38743783356848116,,43.2,23.9,49.2,48.1,28.6,31.4
main029,maintenance_engineer,employee,2019-04-28,38.8,low,external_foreign,No action; keep in the baseline,0,1,0.0,0,5799130,0.3702041237006007,,43.2,50.8,49.2,48.1,8.5,40.4
mine090,mine_planner,employee,2019-04-24,38.8,low,external_foreign,No action; keep in the baseline,0,0,0.0,0,10883579,0.3638262756164882,,43.2,23.9,49.2,48.1,3.7,64.6
ot051,ot_network_admin,employee,2019-04-29,38.8,low,external_foreign,No action; keep in the baseline,0,3,0.0,0,5108488,0.364363894445909,,43.2,66.4,49.2,48.1,4.2,35.7
it066,it_service_desk,employee,2019-04-30,38.8,low,external_foreign,No action; keep in the baseline,0,0,0.0,0,1238538,0.4024403619907031,,43.2,23.9,49.2,48.1,41.6,14.5
main031,maintenance_engineer,employee,2019-04-28,38.8,low,external_foreign,No action; keep in the baseline,0,0,0.0,0,5679877,0.3822721381342304,,43.2,23.9,49.2,48.1,22.5,39.5
mine097,mine_planner,employee,2019-04-27,38.8,low,external_foreign,No action; keep in the baseline,0,0,0.0,0,10578527,0.3647334087029055,,43.2,23.9,49.2,48.1,4.6,63.6
cont079,contractor_surveyor,contractor,2019-04-25,38.8,low,external_foreign,No action; keep in the baseline,0,0,0.0,0,7715771,0.37592437675746904,,43.2,23.9,49.2,48.1,14.5,50.4
mine096,mine_planner,employee,2019-04-21,38.7,low,external_foreign,No action; keep in the baseline,0,0,0.0,0,1320052,0.401176287913927,,43.2,23.9,49.2,48.1,40.6,14.8
mine095,mine_planner,employee,2019-04-19,38.7,low,external_foreign,No action; keep in the baseline,0,0,0.0,0,1954460,0.39973735436140934,,43.2,23.9,49.2,48.1,38.9,17.6
cont082,contractor_surveyor,contractor,2019-04-04,38.7,low,external_foreign,No action; keep in the baseline,0,0,0.0,0,1310837,0.401176287913927,,43.2,23.9,49.2,48.1,40.6,14.8
mine094,mine_planner,employee,2019-04-25,38.7,low,external_foreign,No action; keep in the baseline,0,0,0.0,0,8170947,0.3737313700061375,,43.2,23.9,49.2,48.1,12.3,52.8
vend070,vendor_technician,vendor,2019-04-08,38.7,low,external_foreign,No action; keep in the baseline,0,0,0.0,0,1437446,0.4009797401766017,,43.2,23.9,49.2,48.1,40.5,15.3
supe107,supervisor,employee,2019-04-04,38.7,low,external_foreign,No action; keep in the baseline,0,0,0.0,0,2596515,0.3960511475442319,,43.2,23.9,49.2,48.1,36.0,20.9
main027,maintenance_engineer,employee,2019-04-28,38.7,low,external_foreign,No action; keep in the baseline,0,0,0.0,0,10120484,0.3658737184836316,,43.2,23.9,49.2,48.1,5.3,61.8
supe105,supervisor,employee,2019-04-27,38.7,low,external_foreign,No action; keep in the baseline,0,0,0.0,0,2338842,0.39815715843708266,,43.2,23.9,49.2,48.1,37.4,19.1
cont085,contractor_surveyor,contractor,2019-04-19,38.6,low,external_foreign,No action; keep in the baseline,0,0,0.0,0,992431,0.40131122251465,,43.2,23.9,49.2,48.1,40.8,13.8
main040,maintenance_engineer,employee,2019-04-08,38.6,low,external_foreign,No action; keep in the baseline,0,0,0.0,0,752917,0.40280173716824164,,43.2,23.9,49.2,48.1,41.9,12.8
main029,maintenance_engineer,employee,2019-04-02,38.6,low,external_foreign,No action; keep in the baseline,0,0,0.0,0,773831,0.4025004825487069,,43.2,23.9,49.2,48.1,41.7,12.8
it065,it_service_desk,employee,2019-04-08,38.6,low,external_foreign,No action; keep in the baseline,0,2,0.0,0,0,0.3896049420100368,,43.2,57.6,49.2,48.1,30.6,5.1
main034,maintenance_engineer,employee,2019-04-13,38.6,low,external_foreign,No action; keep in the baseline,0,1,0.0,0,6600020,0.36508751161750225,,43.2,50.8,49.2,48.1,4.9,44.2
vend071,vendor_technician,vendor,2019-04-09,38.6,low,external_foreign,No action; keep in the baseline,0,3,0.0,0,3843160,0.3706633006619442,,43.2,66.4,49.2,48.1,8.8,28.5
cont087,contractor_surveyor,contractor,2019-04-02,38.6,low,external_foreign,No action; keep in the baseline,0,0,0.0,0,3836586,0.3887120314531159,,43.2,23.9,49.2,48.1,30.1,28.4
main037,maintenance_engineer,employee,2019-04-23,38.6,low,external_foreign,No action; keep in the baseline,0,2,0.0,0,989644,0.3836671428798462,,43.2,57.6,49.2,48.1,24.1,13.7
cont008,control_room_operator,employee,2019-04-08,38.6,low,external_foreign,No action; keep in the baseline,0,3,0.0,0,2577588,0.3760319950873363,,43.2,66.4,49.2,48.1,14.6,20.7
main040,maintenance_engineer,employee,2019-04-04,38.6,low,external_foreign,No action; keep in the baseline,0,0,0.0,0,711100,0.40280173716824164,,43.2,23.9,49.2,48.1,41.9,12.6
vend069,vendor_technician,vendor,2019-04-09,38.6,low,external_foreign,No action; keep in the baseline,0,0,0.0,0,3436406,0.3907118154084091,,43.2,23.9,49.2,48.1,31.7,26.2
supe106,supervisor,employee,2019-04-27,38.6,low,external_foreign,No action; keep in the baseline,0,2,0.0,0,4011898,0.3740795161447921,,43.2,57.6,49.2,48.1,12.5,29.6
ot057,ot_network_admin,employee,2019-04-07,38.6,low,external_foreign,No action; keep in the baseline,0,0,0.0,0,777232,0.4024734425561971,,43.2,23.9,49.2,48.1,41.6,12.9
cont084,contractor_surveyor,contractor,2019-04-06,38.6,low,external_foreign,No action; keep in the baseline,0,0,0.0,0,8475181,0.3723228503059803,,43.2,23.9,49.2,48.1,10.7,54.3
vend073,vendor_technician,vendor,2019-04-01,38.6,low,external_foreign,No action; keep in the baseline,0,2,0.0,0,0,0.3896049420100368,,43.2,57.6,49.2,48.1,30.6,5.1
main042,maintenance_engineer,employee,2019-04-19,38.5,low,external_foreign,No action; keep in the baseline,0,3,0.0,0,4183612,0.3679176654562871,,43.2,66.4,49.2,48.1,6.6,30.5
cont023,control_room_operator,employee,2019-04-25,38.5,low,external_foreign,No action; keep in the baseline,0,0,0.0,0,1884809,0.3987704214675653,,43.2,23.9,49.2,48.1,37.9,17.2
cont080,contractor_surveyor,contractor,2019-04-09,38.5,low,external_foreign,No action; keep in the baseline,0,0,0.0,0,0,0.408653971236039,,43.2,23.9,49.2,48.1,46.9,5.1
main030,maintenance_engineer,employee,2019-04-10,38.5,low,external_foreign,No action; keep in the baseline,0,0,0.0,0,0,0.408653971236039,,43.2,23.9,49.2,48.1,46.9,5.1
main035,maintenance_engineer,employee,2019-04-27,38.5,low,external_foreign,No action; keep in the baseline,0,0,0.0,0,9938361,0.36511118395943176,,43.2,23.9,49.2,48.1,5.0,60.9
supe107,supervisor,employee,2019-04-12,38.5,low,external_foreign,No action; keep in the baseline,0,0,0.0,0,903586,0.40144508428997233,,43.2,23.9,49.2,48.1,40.9,13.4
ot052,ot_network_admin,employee,2019-04-11,38.5,low,external_foreign,No action; keep in the baseline,0,0,0.0,0,2649286,0.3946864335075286,,43.2,23.9,49.2,48.1,35.0,21.1
mine090,mine_planner,employee,2019-04-13,38.5,low,external_foreign,No action; keep in the baseline,0,0,0.0,0,9997315,0.3657236588812512,,43.2,23.9,49.2,48.1,5.3,61.1
cont023,control_room_operator,employee,2019-04-06,38.4,low,external_foreign,No action; keep in the baseline,0,0,0.0,0,6586142,0.3785059578704949,,43.2,23.9,49.2,48.1,17.4,44.1
mine102,mine_planner,employee,2019-04-16,38.4,low,external_foreign,No action; keep in the baseline,0,0,0.0,0,8661400,0.37132119403996194,,43.2,23.9,49.2,48.1,9.4,54.8
cont016,control_room_operator,employee,2019-04-06,38.4,low,external_foreign,No action; keep in the baseline,0,3,0.0,0,259668,0.38091699059673356,,43.2,66.4,49.2,48.1,20.9,11.1
mine103,mine_planner,employee,2019-04-09,38.4,low,external_foreign,No action; keep in the baseline,0,1,0.0,0,0,0.39215630741241947,,43.2,50.8,49.2,48.1,32.9,5.1
cont014,control_room_operator,employee,2019-04-06,38.4,low,external_foreign,No action; keep in the baseline,0,1,0.0,0,0,0.39215630741241947,,43.2,50.8,49.2,48.1,32.9,5.1
it065,it_service_desk,employee,2019-04-20,38.4,low,external_foreign,No action; keep in the baseline,0,0,0.0,0,7454983,0.37507162308842634,,43.2,23.9,49.2,48.1,13.6,49.0
vend077,vendor_technician,vendor,2019-04-03,38.4,low,external_foreign,No action; keep in the baseline,0,0,0.0,0,7137632,0.3764077394767558,,43.2,23.9,49.2,48.1,15.0,46.9
cont026,control_room_operator,employee,2019-04-07,38.4,low,external_foreign,No action; keep in the baseline,0,1,0.0,0,0,0.39215630741241947,,43.2,50.8,49.2,48.1,32.9,5.1
cont084,contractor_surveyor,contractor,2019-04-08,38.4,low,external_foreign,No action; keep in the baseline,0,0,0.0,0,206959,0.4032629093358797,,43.2,23.9,49.2,48.1,42.4,10.9
main034,maintenance_engineer,employee,2019-04-07,38.4,low,external_foreign,No action; keep in the baseline,0,0,0.0,0,8622521,0.37132119403996194,,43.2,23.9,49.2,48.1,9.4,54.7
main029,maintenance_engineer,employee,2019-04-15,38.4,low,external_foreign,No action; keep in the baseline,0,2,0.0,0,1748059,0.3812700930768465,,43.2,57.6,49.2,48.1,21.2,16.5
ot055,ot_network_admin,employee,2019-04-18,38.4,low,external_foreign,No action; keep in the baseline,0,0,0.0,0,893648,0.40100753800206274,,43.2,23.9,49.2,48.1,40.5,13.4
mine097,mine_planner,employee,2019-04-04,38.4,low,external_foreign,No action; keep in the baseline,0,0,0.0,0,10868830,0.36219944184282543,,43.2,23.9,49.2,48.1,1.8,64.6
supe108,supervisor,employee,2019-04-05,38.3,low,external_foreign,No action; keep in the baseline,0,0,0.0,0,5988142,0.379590393246751,,43.2,23.9,49.2,48.1,18.6,41.4
main036,maintenance_engineer,employee,2019-04-12,38.3,low,external_foreign,No action; keep in the baseline,0,1,0.0,0,5667693,0.3679747751473877,,43.2,50.8,49.2,48.1,6.6,39.4
mine092,mine_planner,employee,2019-04-04,38.3,low,external_foreign,No action; keep in the baseline,0,0,0.0,0,7415383,0.37489854490802854,,43.2,23.9,49.2,48.1,13.4,48.7
cont002,control_room_operator,employee,2019-04-14,38.3,low,external_foreign,No action; keep in the baseline,0,0,0.0,0,3250022,0.3896861485761749,,43.2,23.9,49.2,48.1,30.8,25.1
cont009,control_room_operator,employee,2019-04-03,38.3,low,external_foreign,No action; keep in the baseline,0,0,0.0,0,8580914,0.3711734323405141,,43.2,23.9,49.2,48.1,9.1,54.5
cont023,control_room_operator,employee,2019-04-13,38.3,low,external_foreign,No action; keep in the baseline,0,3,0.0,0,2541605,0.3746024597566514,,43.2,66.4,49.2,48.1,13.0,20.5
cont018,control_room_operator,employee,2019-04-02,38.3,low,external_foreign,No action; keep in the baseline,0,0,0.0,0,7094930,0.3763823393625285,,43.2,23.9,49.2,48.1,15.0,46.7
it066,it_service_desk,employee,2019-04-02,38.3,low,external_foreign,No action; keep in the baseline,0,0,0.0,0,1927587,0.39671930719517745,,43.2,23.9,49.2,48.1,36.5,17.4
cont079,contractor_surveyor,contractor,2019-04-01,38.2,low,external_foreign,No action; keep in the baseline,0,1,0.0,0,3946368,0.37536870723883026,,43.2,50.8,49.2,48.1,13.9,29.1
mine096,mine_planner,employee,2019-04-03,38.2,low,external_foreign,No action; keep in the baseline,0,0,0.0,0,8132567,0.3714837041288072,,43.2,23.9,49.2,48.1,9.8,52.6
cont003,control_room_operator,employee,2019-04-28,38.2,low,external_foreign,No action; keep in the baseline,0,0,0.0,0,9805420,0.36436502604187626,,43.2,23.9,49.2,48.1,4.3,60.0
cont023,control_room_operator,employee,2019-04-20,38.2,low,external_foreign,No action; keep in the baseline,0,0,0.0,0,9134498,0.3679987651015294,,43.2,23.9,49.2,48.1,6.7,57.1
mine091,mine_planner,employee,2019-04-06,38.2,low,external_foreign,No action; keep in the baseline,0,0,0.0,0,3425182,0.3885444537174854,,43.2,23.9,49.2,48.1,29.7,26.0
ot058,ot_network_admin,employee,2019-04-16,38.2,low,external_foreign,No action; keep in the baseline,0,2,0.0,0,1963880,0.38024797062648913,,43.2,57.6,49.2,48.1,19.3,17.7
main041,maintenance_engineer,employee,2019-04-30,38.2,low,external_foreign,No action; keep in the baseline,0,3,0.0,0,4269148,0.3651459726880044,,43.2,66.4,49.2,48.1,5.1,30.9
cont006,control_room_operator,employee,2019-04-10,38.2,low,external_foreign,No action; keep in the baseline,0,3,0.0,0,913326,0.37901245786382254,,43.2,66.4,49.2,48.1,18.0,13.5
mine095,mine_planner,employee,2019-04-17,38.1,low,external_foreign,No action; keep in the baseline,0,0,0.0,0,0,0.4063776801752732,,43.2,23.9,49.2,48.1,44.9,5.1
mine098,mine_planner,employee,2019-04-06,38.1,low,external_foreign,No action; keep in the baseline,0,0,0.0,0,0,0.4063776801752732,,43.2,23.9,49.2,48.1,44.9,5.1
cont020,control_room_operator,employee,2019-04-20,38.1,low,external_foreign,No action; keep in the baseline,0,1,0.0,0,3156656,0.37819685688203913,,43.2,50.8,49.2,48.1,17.0,24.4
supe109,supervisor,employee,2019-04-24,38.1,low,external_foreign,No action; keep in the baseline,0,1,0.0,0,5058523,0.37082715247646514,,43.2,50.8,49.2,48.1,8.9,35.3
supe114,supervisor,employee,2019-04-08,38.1,low,external_foreign,No action; keep in the baseline,0,3,0.0,0,1936558,0.37581525929709375,,43.2,66.4,49.2,48.1,14.4,17.5
cont017,control_room_operator,employee,2019-04-05,38.1,low,external_foreign,No action; keep in the baseline,0,0,0.0,0,0,0.4063776801752732,,43.2,23.9,49.2,48.1,44.9,5.1
cont002,control_room_operator,employee,2019-04-05,38.1,low,external_foreign,No action; keep in the baseline,0,0,0.0,0,0,0.4063776801752732,,43.2,23.9,49.2,48.1,44.9,5.1
main030,maintenance_engineer,employee,2019-04-03,38.1,low,external_foreign,No action; keep in the baseline,0,0,0.0,0,0,0.4063776801752732,,43.2,23.9,49.2,48.1,44.9,5.1
main038,maintenance_engineer,employee,2019-04-01,38.1,low,external_foreign,No action; keep in the baseline,0,0,0.0,0,0,0.4063776801752732,,43.2,23.9,49.2,48.1,44.9,5.1
cont002,control_room_operator,employee,2019-04-11,38.1,low,external_foreign,No action; keep in the baseline,0,0,0.0,0,1277230,0.3983276635399485,,43.2,23.9,49.2,48.1,37.6,14.6
mine091,mine_planner,employee,2019-04-02,38.1,low,external_foreign,No action; keep in the baseline,0,0,0.0,0,0,0.4063776801752732,,43.2,23.9,49.2,48.1,44.9,5.1
vend074,vendor_technician,vendor,2019-04-01,38.1,low,external_foreign,No action; keep in the baseline,0,0,0.0,0,8017246,0.37171885747530836,,43.2,23.9,49.2,48.1,10.1,51.8
supe112,supervisor,employee,2019-04-02,38.1,low,external_foreign,No action; keep in the baseline,0,0,0.0,0,0,0.4063776801752732,,43.2,23.9,49.2,48.1,44.9,5.1
main043,maintenance_engineer,employee,2019-04-16,38.1,low,external_foreign,No action; keep in the baseline,0,0,0.0,0,0,0.4063776801752732,,43.2,23.9,49.2,48.1,44.9,5.1
mine095,mine_planner,employee,2019-04-10,38.1,low,external_foreign,No action; keep in the baseline,0,0,0.0,0,0,0.4063776801752732,,43.2,23.9,49.2,48.1,44.9,5.1
it067,it_service_desk,employee,2019-04-20,38.0,low,external_foreign,No action; keep in the baseline,0,0,0.0,0,5709664,0.37970124146602086,,43.2,23.9,49.2,48.1,18.7,39.8
cont022,control_room_operator,employee,2019-04-26,38.0,low,external_foreign,No action; keep in the baseline,0,3,0.0,0,1816726,0.3758802568659756,,43.2,66.4,49.2,48.1,14.4,17.0
ot054,ot_network_admin,employee,2019-04-25,38.0,low,external_foreign,No action; keep in the baseline,0,0,0.0,0,8135855,0.3705006668871558,,43.2,23.9,49.2,48.1,8.7,52.7
cont083,contractor_surveyor,contractor,2019-04-06,38.0,low,external_foreign,No action; keep in the baseline,0,0,0.0,0,7217557,0.37420739658156293,,43.2,23.9,49.2,48.1,12.6,47.5
main041,maintenance_engineer,employee,2019-04-08,38.0,low,external_foreign,No action; keep in the baseline,0,0,0.0,0,10341134,0.3612275703541127,,43.2,23.9,49.2,48.1,1.4,62.7
supe110,supervisor,employee,2019-04-06,38.0,low,external_foreign,No action; keep in the baseline,0,3,0.0,0,2210567,0.37481318687038206,,43.2,66.4,49.2,48.1,13.4,18.6
mine091,mine_planner,employee,2019-04-23,38.0,low,external_foreign,No action; keep in the baseline,0,0,0.0,0,6213933,0.3777062327622769,,43.2,23.9,49.2,48.1,16.3,42.6
mine092,mine_planner,employee,2019-04-16,38.0,low,external_foreign,No action; keep in the baseline,0,0,0.0,0,6263628,0.37753050957758316,,43.2,23.9,49.2,48.1,16.1,42.7
it068,it_service_desk,employee,2019-04-20,38.0,low,external_foreign,No action; keep in the baseline,0,0,0.0,0,2859310,0.39021136168659887,,43.2,23.9,49.2,48.1,31.4,22.6
it065,it_service_desk,employee,2019-04-21,38.0,low,external_foreign,No action; keep in the baseline,0,0,0.0,0,7898,0.40143876976016674,,43.2,23.9,49.2,48.1,40.9,10.1
cont086,contractor_surveyor,contractor,2019-04-26,37.9,low,external_foreign,No action; keep in the baseline,0,0,0.0,0,9923359,0.36289107384305064,,43.2,23.9,49.2,48.1,2.2,60.7
cont020,control_room_operator,employee,2019-04-19,37.9,low,external_foreign,No action; keep in the baseline,0,1,0.0,0,3135314,0.3776017331730663,,43.2,50.8,49.2,48.1,16.2,24.2
main048,maintenance_engineer,employee,2019-04-09,37.9,low,external_foreign,No action; keep in the baseline,0,0,0.0,0,5063108,0.38154080467812584,,43.2,23.9,49.2,48.1,21.5,35.3
main027,maintenance_engineer,employee,2019-04-27,37.9,low,external_foreign,No action; keep in the baseline,0,0,0.0,0,9603550,0.3638757142202898,,43.2,23.9,49.2,48.1,3.7,59.1
vend069,vendor_technician,vendor,2019-04-07,37.9,low,external_foreign,No action; keep in the baseline,0,1,0.0,0,8391,0.38521709139268634,,43.2,50.8,49.2,48.1,27.0,10.2
supe104,supervisor,employee,2019-04-16,37.9,low,external_foreign,No action; keep in the baseline,0,0,0.0,0,9575020,0.3639470732298948,,43.2,23.9,49.2,48.1,3.8,58.9
cont008,control_room_operator,employee,2019-04-27,37.9,low,external_foreign,No action; keep in the baseline,0,2,0.0,0,3797278,0.3716555680508155,,43.2,57.6,49.2,48.1,10.0,28.2
mine095,mine_planner,employee,2019-04-22,37.9,low,external_foreign,No action; keep in the baseline,0,0,0.0,0,1916268,0.3947671445494422,,43.2,23.9,49.2,48.1,35.1,17.3
main046,maintenance_engineer,employee,2019-04-05,37.8,low,external_foreign,No action; keep in the baseline,0,2,0.0,0,3168107,0.373713348011789,,43.2,57.6,49.2,48.1,12.2,24.6
cont088,contractor_surveyor,contractor,2019-04-13,37.8,low,external_foreign,No action; keep in the baseline,0,0,0.0,0,3157675,0.3875999136269853,,43.2,23.9,49.2,48.1,28.9,24.5
cont011,control_room_operator,employee,2019-04-20,37.8,low,external_foreign,No action; keep in the baseline,0,0,0.0,0,5591007,0.37937484200069205,,43.2,23.9,49.2,48.1,18.3,39.0
supe113,supervisor,employee,2019-04-07,37.8,low,external_foreign,No action; keep in the baseline,0,0,0.0,0,4807378,0.3818948433536962,,43.2,23.9,49.2,48.1,22.1,34.0
ot056,ot_network_admin,employee,2019-04-19,37.8,low,external_foreign,No action; keep in the baseline,0,1,0.0,0,3112651,0.37705886404995775,,43.2,50.8,49.2,48.1,15.7,24.1
cont007,control_room_operator,employee,2019-04-19,37.7,low,external_foreign,No action; keep in the baseline,0,2,0.0,0,3514370,0.37181514127819865,,43.2,57.6,49.2,48.1,10.1,26.6
main027,maintenance_engineer,employee,2019-04-14,37.7,low,external_foreign,No action; keep in the baseline,0,0,0.0,0,7192089,0.3727057809337127,,43.2,23.9,49.2,48.1,11.2,47.3
mine090,mine_planner,employee,2019-04-28,37.7,low,external_foreign,No action; keep in the baseline,0,0,0.0,0,4843189,0.3813349969681055,,43.2,23.9,49.2,48.1,21.3,34.2
mine090,mine_planner,employee,2019-04-19,37.7,low,external_foreign,No action; keep in the baseline,0,2,0.0,0,500823,0.3814734681488756,,43.2,57.6,49.2,48.1,21.3,11.8
cont003,control_room_operator,employee,2019-04-06,37.7,low,external_foreign,No action; keep in the baseline,0,3,0.0,0,59678,0.37895896404612556,,43.2,66.4,49.2,48.1,17.9,10.5
cont011,control_room_operator,employee,2019-04-14,37.7,low,external_foreign,No action; keep in the baseline,0,0,0.0,0,4279645,0.3833583374651929,,43.2,23.9,49.2,48.1,23.7,31.1
main036,maintenance_engineer,employee,2019-04-06,37.7,low,external_foreign,No action; keep in the baseline,0,0,0.0,0,3426204,0.38549647813534327,,43.2,23.9,49.2,48.1,27.4,26.0
main049,maintenance_engineer,employee,2019-04-27,37.7,low,external_foreign,No action; keep in the baseline,0,1,0.0,0,342322,0.3841645941971469,,43.2,50.8,49.2,48.1,24.8,11.3
vend076,vendor_technician,vendor,2019-04-05,37.7,low,external_foreign,No action; keep in the baseline,0,0,0.0,0,5409065,0.3793951093568605,,43.2,23.9,49.2,48.1,18.4,37.8
mine097,mine_planner,employee,2019-04-23,37.6,low,external_foreign,No action; keep in the baseline,0,0,0.0,0,5260427,0.37972923064392167,,43.2,23.9,49.2,48.1,18.9,36.7
main040,maintenance_engineer,employee,2019-04-25,37.6,low,external_foreign,No action; keep in the baseline,0,0,0.0,0,6475372,0.37484558980474125,,43.2,23.9,49.2,48.1,13.4,43.7
main036,maintenance_engineer,employee,2019-04-07,37.6,low,external_foreign,No action; keep in the baseline,0,0,0.0,0,0,0.4032469802684723,,43.2,23.9,49.2,48.1,42.3,5.1
supe107,supervisor,employee,2019-04-19,37.6,low,external_foreign,No action; keep in the baseline,0,0,0.0,0,5213050,0.37972597093023397,,43.2,23.9,49.2,48.1,18.8,36.4
mine099,mine_planner,employee,2019-04-16,37.6,low,external_foreign,No action; keep in the baseline,0,0,0.0,0,7572314,0.3711948222882797,,43.2,23.9,49.2,48.1,9.2,49.6
main034,maintenance_engineer,employee,2019-04-09,37.6,low,external_foreign,No action; keep in the baseline,0,0,0.0,0,9063178,0.36403946239996515,,43.2,23.9,49.2,48.1,3.9,56.6
cont003,control_room_operator,employee,2019-04-10,37.6,low,external_foreign,No action; keep in the baseline,0,3,0.0,0,2651720,0.37117898253339093,,43.2,66.4,49.2,48.1,9.1,21.2
mine092,mine_planner,employee,2019-04-01,37.6,low,external_foreign,No action; keep in the baseline,0,0,0.0,0,7339076,0.37193267714848477,,43.2,23.9,49.2,48.1,10.3,48.1
mine094,mine_planner,employee,2019-04-11,37.6,low,external_foreign,No action; keep in the baseline,0,0,0.0,0,8985744,0.36443380907510553,,43.2,23.9,49.2,48.1,4.4,56.2
mine096,mine_planner,employee,2019-04-07,37.6,low,external_foreign,No action; keep in the baseline,0,0,0.0,0,0,0.4032469802684723,,43.2,23.9,49.2,48.1,42.3,5.1
cont087,contractor_surveyor,contractor,2019-04-17,37.6,low,external_foreign,No action; keep in the baseline,0,1,0.0,0,0,0.3877362480755989,,43.2,50.8,49.2,48.1,29.0,5.1
mine097,mine_planner,employee,2019-04-19,37.6,low,external_foreign,No action; keep in the baseline,0,0,0.0,0,9661963,0.3613751359854827,,43.2,23.9,49.2,48.1,1.6,59.4
vend073,vendor_technician,vendor,2019-04-17,37.6,low,external_foreign,No action; keep in the baseline,0,0,0.0,0,7351167,0.37193267714848477,,43.2,23.9,49.2,48.1,10.3,48.1
cont010,control_room_operator,employee,2019-04-14,37.5,low,external_foreign,No action; keep in the baseline,0,0,0.0,0,9411922,0.36279926465577944,,43.2,23.9,49.2,48.1,2.1,58.2
main034,maintenance_engineer,employee,2019-04-17,37.5,low,external_foreign,No action; keep in the baseline,0,2,0.0,0,3184640,0.37217916936720336,,43.2,57.6,49.2,48.1,10.5,24.7
vend074,vendor_technician,vendor,2019-04-14,37.5,low,external_foreign,No action; keep in the baseline,0,0,0.0,0,5313841,0.3789081248873753,,43.2,23.9,49.2,48.1,17.8,37.2
main046,maintenance_engineer,employee,2019-04-28,37.5,low,external_foreign,No action; keep in the baseline,0,2,0.0,0,3954713,0.36865932504978766,,43.2,57.6,49.2,48.1,6.9,29.2
vend071,vendor_technician,vendor,2019-04-30,37.5,low,external_foreign,No action; keep in the baseline,0,1,0.0,0,0,0.3874494083703401,,43.2,50.8,49.2,48.1,28.7,5.1
vend075,vendor_technician,vendor,2019-04-13,37.5,low,external_foreign,No action; keep in the baseline,0,1,0.0,0,3309565,0.3749835636459803,,43.2,50.8,49.2,48.1,13.5,25.4
mine097,mine_planner,employee,2019-04-24,37.5,low,external_foreign,No action; keep in the baseline,0,0,0.0,0,9573201,0.36123488129455567,,43.2,23.9,49.2,48.1,1.4,58.9
cont082,contractor_surveyor,contractor,2019-04-18,37.5,low,external_foreign,No action; keep in the baseline,0,0,0.0,0,5497541,0.3781592929612003,,43.2,23.9,49.2,48.1,17.0,38.4
mine090,mine_planner,employee,2019-04-18,37.4,low,external_foreign,No action; keep in the baseline,0,0,0.0,0,6460674,0.37429384813761546,,43.2,23.9,49.2,48.1,12.7,43.7
main030,maintenance_engineer,employee,2019-04-29,37.4,low,external_foreign,No action; keep in the baseline,0,0,0.0,0,4958011,0.3804460049475559,,43.2,23.9,49.2,48.1,19.5,34.7
cont018,control_room_operator,employee,2019-04-03,37.4,low,external_foreign,No action; keep in the baseline,0,0,0.0,0,8810129,0.36385353010708754,,43.2,23.9,49.2,48.1,3.7,55.4
main039,maintenance_engineer,employee,2019-04-06,37.4,low,external_foreign,No action; keep in the baseline,0,1,0.0,0,0,0.3867619395096179,,43.2,50.8,49.2,48.1,28.1,5.1
main045,maintenance_engineer,employee,2019-04-06,37.3,low,external_foreign,No action; keep in the baseline,0,2,0.0,0,2547469,0.3742589030930427,,43.2,57.6,49.2,48.1,12.6,20.6
vend069,vendor_technician,vendor,2019-04-16,37.3,low,external_foreign,No action; keep in the baseline,0,0,0.0,0,5239429,0.37864796534133033,,43.2,23.9,49.2,48.1,17.5,36.6
it068,it_service_desk,employee,2019-04-15,37.3,low,external_foreign,No action; keep in the baseline,0,0,0.0,0,707676,0.39501189954460736,,43.2,23.9,49.2,48.1,35.3,12.6
cont004,control_room_operator,employee,2019-04-04,37.3,low,external_foreign,No action; keep in the baseline,0,0,0.0,0,7188390,0.37125790542400633,,43.2,23.9,49.2,48.1,9.3,47.2
main038,maintenance_engineer,employee,2019-04-17,37.3,low,external_foreign,No action; keep in the baseline,0,0,0.0,0,2546206,0.3882616942609226,,43.2,23.9,49.2,48.1,29.6,20.5
cont003,control_room_operator,employee,2019-04-24,37.3,low,external_foreign,No action; keep in the baseline,0,0,0.0,0,9108348,0.3627247764045418,,43.2,23.9,49.2,48.1,2.0,56.9
vend074,vendor_technician,vendor,2019-04-20,37.2,low,external_foreign,No action; keep in the baseline,0,1,0.0,0,2958337,0.3750684340215725,,43.2,50.8,49.2,48.1,13.6,23.2
main038,maintenance_engineer,employee,2019-04-20,37.2,low,external_foreign,No action; keep in the baseline,0,0,0.0,0,2410555,0.3882616942609226,,43.2,23.9,49.2,48.1,29.6,19.8
cont086,contractor_surveyor,contractor,2019-04-15,37.2,low,external_foreign,No action; keep in the baseline,0,0,0.0,0,4628201,0.38034863778904043,,43.2,23.9,49.2,48.1,19.3,33.0
supe108,supervisor,employee,2019-04-13,37.2,low,external_foreign,No action; keep in the baseline,0,0,0.0,0,3939366,0.38224362180931243,,43.2,23.9,49.2,48.1,22.5,29.1
mine100,mine_planner,employee,2019-04-30,37.2,low,external_foreign,No action; keep in the baseline,0,0,0.0,0,9208529,0.36039417700856263,,43.2,23.9,49.2,48.1,1.3,57.4
mine102,mine_planner,employee,2019-04-11,37.1,low,external_foreign,No action; keep in the baseline,0,0,0.0,0,7435818,0.3690778694677917,,43.2,23.9,49.2,48.1,7.2,48.9
main045,maintenance_engineer,employee,2019-04-12,37.1,low,external_foreign,No action; keep in the baseline,0,0,0.0,0,7300037,0.36989763270281717,,43.2,23.9,49.2,48.1,8.0,48.0
main042,maintenance_engineer,employee,2019-04-13,37.1,low,external_foreign,No action; keep in the baseline,0,0,0.0,0,8690022,0.36325808496897954,,43.2,23.9,49.2,48.1,2.6,55.0
it065,it_service_desk,employee,2019-04-04,37.1,low,external_foreign,No action; keep in the baseline,0,0,0.0,0,8398833,0.3637909447609509,,43.2,23.9,49.2,48.1,3.6,53.9
mine103,mine_planner,employee,2019-04-08,37.1,low,external_foreign,No action; keep in the baseline,0,0,0.0,0,7269018,0.36985732531374355,,43.2,23.9,49.2,48.1,8.0,47.9
vend074,vendor_technician,vendor,2019-04-25,37.1,low,external_foreign,No action; keep in the baseline,0,0,0.0,0,6187688,0.3734688548878616,,43.2,23.9,49.2,48.1,12.1,42.4
main036,maintenance_engineer,employee,2019-04-15,37.1,low,external_foreign,No action; keep in the baseline,0,0,0.0,0,5503456,0.37649961850281227,,43.2,23.9,49.2,48.1,15.1,38.5
supe114,supervisor,employee,2019-04-05,37.1,low,external_foreign,No action; keep in the baseline,0,0,0.0,0,8692198,0.36325808496897954,,43.2,23.9,49.2,48.1,2.6,55.1
cont013,control_room_operator,employee,2019-04-01,37.0,low,external_foreign,No action; keep in the baseline,0,0,0.0,0,4948508,0.37840424601706124,,43.2,23.9,49.2,48.1,17.1,34.6
cont012,control_room_operator,employee,2019-04-13,37.0,low,external_foreign,No action; keep in the baseline,0,0,0.0,0,4728885,0.37896554350739803,,43.2,23.9,49.2,48.1,17.9,33.5
it067,it_service_desk,employee,2019-04-02,37.0,low,external_foreign,No action; keep in the baseline,0,0,0.0,0,6276648,0.37288475643933144,,43.2,23.9,49.2,48.1,11.4,42.8
main032,maintenance_engineer,employee,2019-04-17,37.0,low,external_foreign,No action; keep in the baseline,0,0,0.0,0,6648612,0.371467771877064,,43.2,23.9,49.2,48.1,9.8,44.5
main039,maintenance_engineer,employee,2019-04-30,37.0,low,external_foreign,No action; keep in the baseline,0,0,0.0,0,6794355,0.37131705455298053,,43.2,23.9,49.2,48.1,9.4,45.3
supe111,supervisor,employee,2019-04-15,37.0,low,external_foreign,No action; keep in the baseline,0,0,0.0,0,1874954,0.3891855845497415,,43.2,23.9,49.2,48.1,30.5,17.2
ot055,ot_network_admin,employee,2019-04-20,37.0,low,external_foreign,No action; keep in the baseline,0,0,0.0,0,7474157,0.3677379069344391,,43.2,23.9,49.2,48.1,6.4,49.1
main042,maintenance_engineer,employee,2019-04-16,37.0,low,external_foreign,No action; keep in the baseline,0,2,0.0,0,677300,0.3784785485110617,,43.2,57.6,49.2,48.1,17.3,12.5
vend076,vendor_technician,vendor,2019-04-18,36.9,low,external_foreign,No action; keep in the baseline,0,0,0.0,0,0,0.3997863656296732,,43.2,23.9,49.2,48.1,39.1,5.1
main032,maintenance_engineer,employee,2019-04-16,36.9,low,external_foreign,No action; keep in the baseline,0,0,0.0,0,8178852,0.3634640962772915,,43.2,23.9,49.2,48.1,3.1,52.8
supe107,supervisor,employee,2019-04-20,36.9,low,external_foreign,No action; keep in the baseline,0,0,0.0,0,4673066,0.37896554350739803,,43.2,23.9,49.2,48.1,17.9,33.3
supe109,supervisor,employee,2019-04-18,36.9,low,external_foreign,No action; keep in the baseline,0,1,0.0,0,2724920,0.3746159264142669,,43.2,50.8,49.2,48.1,13.0,21.7
cont012,control_room_operator,employee,2019-04-30,36.9,low,external_foreign,No action; keep in the baseline,0,0,0.0,0,3017332,0.38437134534095463,,43.2,23.9,49.2,48.1,25.1,23.7
supe113,supervisor,employee,2019-04-24,36.9,low,external_foreign,No action; keep in the baseline,0,0,0.0,0,5165591,0.3771164537715472,,43.2,23.9,49.2,48.1,15.7,36.0
supe108,supervisor,employee,2019-04-22,36.9,low,external_foreign,No action; keep in the baseline,0,0,0.0,0,0,0.3997863656296732,,43.2,23.9,49.2,48.1,39.1,5.1
supe108,supervisor,employee,2019-04-04,36.9,low,external_foreign,No action; keep in the baseline,0,0,0.0,0,0,0.3997863656296732,,43.2,23.9,49.2,48.1,39.1,5.1
it059,it_service_desk,employee,2019-04-20,36.9,low,external_foreign,No action; keep in the baseline,0,0,0.0,0,3552451,0.38247508210329195,,43.2,23.9,49.2,48.1,22.7,26.8
mine098,mine_planner,employee,2019-04-25,36.9,low,external_foreign,No action; keep in the baseline,0,0,0.0,0,0,0.3997863656296732,,43.2,23.9,49.2,48.1,39.1,5.1
main041,maintenance_engineer,employee,2019-04-18,36.9,low,external_foreign,No action; keep in the baseline,0,2,0.0,0,107954,0.3791440899896123,,43.2,57.6,49.2,48.1,18.1,10.7
vend076,vendor_technician,vendor,2019-04-01,36.9,low,external_foreign,No action; keep in the baseline,0,0,0.0,0,836956,0.39225690772256777,,43.2,23.9,49.2,48.1,33.1,13.2
mine098,mine_planner,employee,2019-04-11,36.9,low,external_foreign,No action; keep in the baseline,0,0,0.0,0,0,0.3997863656296732,,43.2,23.9,49.2,48.1,39.1,5.1
mine091,mine_planner,employee,2019-04-11,36.9,low,external_foreign,No action; keep in the baseline,0,0,0.0,0,0,0.3997863656296732,,43.2,23.9,49.2,48.1,39.1,5.1
mine091,mine_planner,employee,2019-04-16,36.9,low,external_foreign,No action; keep in the baseline,0,0,0.0,0,1791822,0.38897935818131474,,43.2,23.9,49.2,48.1,30.4,16.9
main041,maintenance_engineer,employee,2019-04-11,36.9,low,external_foreign,No action; keep in the baseline,0,0,0.0,0,4766699,0.37845280486766586,,43.2,23.9,49.2,48.1,17.2,33.8
vend076,vendor_technician,vendor,2019-04-27,36.9,low,external_foreign,No action; keep in the baseline,0,0,0.0,0,3591571,0.38218857006002915,,43.2,23.9,49.2,48.1,22.4,27.0
supe111,supervisor,employee,2019-04-13,36.9,low,external_foreign,No action; keep in the baseline,0,0,0.0,0,0,0.3997863656296732,,43.2,23.9,49.2,48.1,39.1,5.1
ot056,ot_network_admin,employee,2019-04-28,36.9,low,external_foreign,No action; keep in the baseline,0,0,0.0,0,5052213,0.37769990175523604,,43.2,23.9,49.2,48.1,16.3,35.1
cont079,contractor_surveyor,contractor,2019-04-28,36.8,low,external_foreign,No action; keep in the baseline,0,0,0.0,0,5383406,0.375775880028754,,43.2,23.9,49.2,48.1,14.3,37.5
main035,maintenance_engineer,employee,2019-04-02,36.8,low,external_foreign,No action; keep in the baseline,0,2,0.0,0,3180531,0.3684938547554716,,43.2,57.6,49.2,48.1,6.8,24.7
cont001,control_room_operator,employee,2019-04-22,36.8,low,external_foreign,No action; keep in the baseline,0,0,0.0,0,3386938,0.3825250299650606,,43.2,23.9,49.2,48.1,22.8,25.8
supe111,supervisor,employee,2019-04-04,36.8,low,external_foreign,No action; keep in the baseline,0,0,0.0,0,3156475,0.3838627191311292,,43.2,23.9,49.2,48.1,24.2,24.4
cont020,control_room_operator,employee,2019-04-06,36.8,low,external_foreign,No action; keep in the baseline,0,0,0.0,0,6739332,0.3704088977751871,,43.2,23.9,49.2,48.1,8.5,45.0
it064,it_service_desk,employee,2019-04-17,36.8,low,external_foreign,No action; keep in the baseline,0,0,0.0,0,7253966,0.3678238857889827,,43.2,23.9,49.2,48.1,6.5,47.7
supe113,supervisor,employee,2019-04-11,36.8,low,external_foreign,No action; keep in the baseline,0,0,0.0,0,5066064,0.3771164537715472,,43.2,23.9,49.2,48.1,15.7,35.4
cont084,contractor_surveyor,contractor,2019-04-24,36.8,low,external_foreign,No action; keep in the baseline,0,0,0.0,0,5723467,0.3738529184622066,,43.2,23.9,49.2,48.1,12.4,39.9
cont016,control_room_operator,employee,2019-04-21,36.8,low,external_foreign,No action; keep in the baseline,0,0,0.0,0,8116218,0.3634640962772915,,43.2,23.9,49.2,48.1,3.1,52.5
cont078,contractor_surveyor,contractor,2019-04-25,36.7,low,external_foreign,No action; keep in the baseline,0,0,0.0,0,0,0.39919619958653485,,43.2,23.9,49.2,48.1,38.2,5.1
it060,it_service_desk,employee,2019-04-21,36.7,low,external_foreign,No action; keep in the baseline,0,0,0.0,0,6440212,0.3708327030851217,,43.2,23.9,49.2,48.1,9.0,43.5
supe110,supervisor,employee,2019-04-05,36.7,low,external_foreign,No action; keep in the baseline,0,0,0.0,0,5808374,0.37277872037152443,,43.2,23.9,49.2,48.1,11.3,40.5
main048,maintenance_engineer,employee,2019-04-28,36.7,low,external_foreign,No action; keep in the baseline,0,0,0.0,0,225847,0.39300883173200035,,43.2,23.9,49.2,48.1,33.5,11.1
it065,it_service_desk,employee,2019-04-12,36.7,low,external_foreign,No action; keep in the baseline,0,0,0.0,0,0,0.39919619958653485,,43.2,23.9,49.2,48.1,38.2,5.1
main030,maintenance_engineer,employee,2019-04-22,36.6,low,external_foreign,No action; keep in the baseline,0,0,0.0,0,2718461,0.3843012595373958,,43.2,23.9,49.2,48.1,25.0,21.6
cont023,control_room_operator,employee,2019-04-03,36.6,low,external_foreign,No action; keep in the baseline,0,0,0.0,0,5730212,0.37277872037152443,,43.2,23.9,49.2,48.1,11.3,40.0
main033,maintenance_engineer,employee,2019-04-29,36.6,low,external_foreign,No action; keep in the baseline,0,0,0.0,0,5791148,0.3723934386705925,,43.2,23.9,49.2,48.1,11.0,40.3
cont085,contractor_surveyor,contractor,2019-04-05,36.6,low,external_foreign,No action; keep in the baseline,0,0,0.0,0,2693657,0.3843012595373958,,43.2,23.9,49.2,48.1,25.0,21.4
main028,maintenance_engineer,employee,2019-04-21,36.6,low,external_foreign,No action; keep in the baseline,0,0,0.0,0,7498989,0.3647385983866137,,43.2,23.9,49.2,48.1,4.7,49.1
mine103,mine_planner,employee,2019-04-14,36.6,low,external_foreign,No action; keep in the baseline,0,0,0.0,0,7055143,0.36759871225708973,,43.2,23.9,49.2,48.1,6.4,46.5
it063,it_service_desk,employee,2019-04-14,36.5,low,external_foreign,No action; keep in the baseline,0,0,0.0,0,6979645,0.36731995167500736,,43.2,23.9,49.2,48.1,6.2,46.0
main046,maintenance_engineer,employee,2019-04-02,36.5,low,external_foreign,No action; keep in the baseline,0,0,0.0,0,6300891,0.37047724484858136,,43.2,23.9,49.2,48.1,8.6,42.9
supe104,supervisor,employee,2019-04-17,36.5,low,external_foreign,No action; keep in the baseline,0,2,0.0,0,3336370,0.3648336360308427,,43.2,57.6,49.2,48.1,4.8,25.5
cont018,control_room_operator,employee,2019-04-26,36.5,low,external_foreign,No action; keep in the baseline,0,0,0.0,0,8319158,0.3597749289426915,,43.2,23.9,49.2,48.1,0.9,53.5
it059,it_service_desk,employee,2019-04-07,36.5,low,external_foreign,No action; keep in the baseline,0,0,0.0,0,2120388,0.38551395575653163,,43.2,23.9,49.2,48.1,27.4,18.2
cont026,control_room_operator,employee,2019-04-26,36.5,low,external_foreign,No action; keep in the baseline,0,0,0.0,0,8321485,0.3596881013434142,,43.2,23.9,49.2,48.1,0.8,53.5
main031,maintenance_engineer,employee,2019-04-27,36.5,low,external_foreign,No action; keep in the baseline,0,0,0.0,0,3093050,0.38256023323692684,,43.2,23.9,49.2,48.1,22.9,24.0
main032,maintenance_engineer,employee,2019-04-02,36.5,low,external_foreign,No action; keep in the baseline,0,0,0.0,0,5234446,0.3748008251766034,,43.2,23.9,49.2,48.1,13.3,36.5
main050,maintenance_engineer,employee,2019-04-27,36.4,low,external_foreign,No action; keep in the baseline,0,0,0.0,0,4040609,0.3791780243696415,,43.2,23.9,49.2,48.1,18.1,29.7
mine092,mine_planner,employee,2019-04-03,36.4,low,external_foreign,No action; keep in the baseline,0,0,0.0,0,5332561,0.37370689665962126,,43.2,23.9,49.2,48.1,12.2,37.3
supe104,supervisor,employee,2019-04-11,36.4,low,external_foreign,No action; keep in the baseline,0,0,0.0,0,2941846,0.3828962249472006,,43.2,23.9,49.2,48.1,23.0,23.0
supe105,supervisor,employee,2019-04-06,36.4,low,external_foreign,No action; keep in the baseline,0,0,0.0,0,3241889,0.38152272564220857,,43.2,23.9,49.2,48.1,21.4,25.1
cont083,contractor_surveyor,contractor,2019-04-26,36.4,low,external_foreign,No action; keep in the baseline,0,0,0.0,0,4303899,0.37813428311057756,,43.2,23.9,49.2,48.1,16.9,31.2
mine099,mine_planner,employee,2019-04-11,36.4,low,external_foreign,No action; keep in the baseline,0,0,0.0,0,6493368,0.3693274075985643,,43.2,23.9,49.2,48.1,7.3,43.8
main050,maintenance_engineer,employee,2019-04-28,36.4,low,external_foreign,No action; keep in the baseline,0,0,0.0,0,5653013,0.3722861506480623,,43.2,23.9,49.2,48.1,10.7,39.2
it064,it_service_desk,employee,2019-04-08,36.4,low,external_foreign,No action; keep in the baseline,0,0,0.0,0,5696315,0.37227972807430987,,43.2,23.9,49.2,48.1,10.6,39.6
cont025,control_room_operator,employee,2019-04-25,36.4,low,external_foreign,No action; keep in the baseline,0,0,0.0,0,8100096,0.3601777550108811,,43.2,23.9,49.2,48.1,1.1,52.4
cont025,control_room_operator,employee,2019-04-28,36.4,low,external_foreign,No action; keep in the baseline,0,0,0.0,0,5284222,0.373951504180243,,43.2,23.9,49.2,48.1,12.4,37.0
supe104,supervisor,employee,2019-04-30,36.4,low,external_foreign,No action; keep in the baseline,0,1,0.0,0,832478,0.3784011175300942,,43.2,50.8,49.2,48.1,17.1,13.1
main041,maintenance_engineer,employee,2019-04-10,36.4,low,external_foreign,No action; keep in the baseline,0,0,0.0,0,6840556,0.36731995167500736,,43.2,23.9,49.2,48.1,6.2,45.6
vend069,vendor_technician,vendor,2019-04-22,36.4,low,external_foreign,No action; keep in the baseline,0,0,0.0,0,4321645,0.37813428311057756,,43.2,23.9,49.2,48.1,16.9,31.3
it060,it_service_desk,employee,2019-04-15,36.3,low,external_foreign,No action; keep in the baseline,0,0,0.0,0,7779523,0.36222558088693246,,43.2,23.9,49.2,48.1,1.9,50.6
main044,maintenance_engineer,employee,2019-04-19,36.3,low,external_foreign,No action; keep in the baseline,0,0,0.0,0,5643480,0.3722861506480623,,43.2,23.9,49.2,48.1,10.7,39.2
main031,maintenance_engineer,employee,2019-04-12,36.3,low,external_foreign,No action; keep in the baseline,0,0,0.0,0,3570139,0.3805505843064257,,43.2,23.9,49.2,48.1,19.7,26.9
main039,maintenance_engineer,employee,2019-04-12,36.3,low,external_foreign,No action; keep in the baseline,0,0,0.0,0,1128266,0.3878687522150941,,43.2,23.9,49.2,48.1,29.3,14.1
main050,maintenance_engineer,employee,2019-04-10,36.3,low,external_foreign,No action; keep in the baseline,0,0,0.0,0,5515138,0.3723813833974984,,43.2,23.9,49.2,48.1,10.9,38.6
vend071,vendor_technician,vendor,2019-04-07,36.2,low,external_foreign,No action; keep in the baseline,0,1,0.0,0,3422333,0.36735643192187356,,43.2,50.8,49.2,48.1,6.3,25.9
vend072,vendor_technician,vendor,2019-04-04,36.2,low,external_foreign,No action; keep in the baseline,0,0,0.0,0,2607754,0.3833402336990949,,43.2,23.9,49.2,48.1,23.6,21.0
vend071,vendor_technician,vendor,2019-04-16,36.2,low,external_foreign,No action; keep in the baseline,0,0,0.0,0,7187724,0.36414549913369776,,43.2,23.9,49.2,48.1,3.9,47.2
cont078,contractor_surveyor,contractor,2019-04-12,36.2,low,external_foreign,No action; keep in the baseline,0,0,0.0,0,7826202,0.35986336709409583,,43.2,23.9,49.2,48.1,1.0,50.8
supe108,supervisor,employee,2019-04-15,36.2,low,external_foreign,No action; keep in the baseline,0,0,0.0,0,3076958,0.3816056979459776,,43.2,23.9,49.2,48.1,21.6,23.9
supe109,supervisor,employee,2019-04-01,36.2,low,external_foreign,No action; keep in the baseline,0,0,0.0,0,5435924,0.37213016489890255,,43.2,23.9,49.2,48.1,10.5,38.1
cont086,contractor_surveyor,contractor,2019-04-13,36.2,low,external_foreign,No action; keep in the baseline,0,0,0.0,0,5502390,0.3722480723074778,,43.2,23.9,49.2,48.1,10.6,38.5
cont022,control_room_operator,employee,2019-04-20,36.2,low,external_foreign,No action; keep in the baseline,0,0,0.0,0,7578904,0.36268284037368825,,43.2,23.9,49.2,48.1,2.0,49.6
cont011,control_room_operator,employee,2019-04-28,36.2,low,external_foreign,No action; keep in the baseline,0,0,0.0,0,2663599,0.38302483123798986,,43.2,23.9,49.2,48.1,23.2,21.2
mine090,mine_planner,employee,2019-04-30,36.1,low,external_foreign,No action; keep in the baseline,0,0,0.0,0,2462333,0.383317328543262,,43.2,23.9,49.2,48.1,23.6,20.1
main032,maintenance_engineer,employee,2019-04-22,36.1,low,external_foreign,No action; keep in the baseline,0,0,0.0,0,5167191,0.37309398887275197,,43.2,23.9,49.2,48.1,11.7,36.1
it061,it_service_desk,employee,2019-04-18,36.1,low,external_foreign,No action; keep in the baseline,0,0,0.0,0,5140497,0.3734526291041021,,43.2,23.9,49.2,48.1,12.0,35.9
mine096,mine_planner,employee,2019-04-16,36.1,low,external_foreign,No action; keep in the baseline,0,0,0.0,0,5726360,0.37066475319499426,,43.2,23.9,49.2,48.1,8.8,39.9
it065,it_service_desk,employee,2019-04-27,36.1,low,external_foreign,No action; keep in the baseline,0,2,0.0,0,2484497,0.36886486421598647,,43.2,57.6,49.2,48.1,6.9,20.2
supe113,supervisor,employee,2019-04-20,36.1,low,external_foreign,No action; keep in the baseline,0,0,0.0,0,1049046,0.38679984478698354,,43.2,23.9,49.2,48.1,28.2,14.0
cont086,contractor_surveyor,contractor,2019-04-21,36.1,low,external_foreign,No action; keep in the baseline,0,0,0.0,0,796777,0.38751448619291745,,43.2,23.9,49.2,48.1,28.8,13.0
cont086,contractor_surveyor,contractor,2019-04-19,36.1,low,external_foreign,No action; keep in the baseline,0,0,0.0,0,6127350,0.369281076295047,,43.2,23.9,49.2,48.1,7.3,42.2
main045,maintenance_engineer,employee,2019-04-16,36.1,low,external_foreign,No action; keep in the baseline,0,0,0.0,0,6443024,0.36707300519080216,,43.2,23.9,49.2,48.1,5.9,43.6
main031,maintenance_engineer,employee,2019-04-24,36.1,low,external_foreign,No action; keep in the baseline,0,0,0.0,0,5411221,0.3720919829910733,,43.2,23.9,49.2,48.1,10.5,37.9
mine091,mine_planner,employee,2019-04-14,36.1,low,external_foreign,No action; keep in the baseline,0,0,0.0,0,3583672,0.37951135072973496,,43.2,23.9,49.2,48.1,18.5,27.0
cont081,contractor_surveyor,contractor,2019-04-02,36.0,low,external_foreign,No action; keep in the baseline,0,0,0.0,0,7609407,0.35937278663516087,,43.2,23.9,49.2,48.1,0.7,49.8
mine103,mine_planner,employee,2019-04-17,36.0,low,external_foreign,No action; keep in the baseline,0,0,0.0,0,6338628,0.3669717388016991,,43.2,23.9,49.2,48.1,5.8,43.0
vend073,vendor_technician,vendor,2019-04-16,36.0,low,external_foreign,No action; keep in the baseline,0,0,0.0,0,815883,0.38744531593944503,,43.2,23.9,49.2,48.1,28.7,13.1
it064,it_service_desk,employee,2019-04-03,36.0,low,external_foreign,No action; keep in the baseline,0,0,0.0,0,5053731,0.37316468264379254,,43.2,23.9,49.2,48.1,11.9,35.2
cont088,contractor_surveyor,contractor,2019-04-02,36.0,low,external_foreign,No action; keep in the baseline,0,0,0.0,0,3555452,0.37917164210255355,,43.2,23.9,49.2,48.1,18.1,26.8
it067,it_service_desk,employee,2019-04-10,36.0,low,external_foreign,No action; keep in the baseline,0,0,0.0,0,692381,0.38752500551186525,,43.2,23.9,49.2,48.1,28.9,12.5
main048,maintenance_engineer,employee,2019-04-23,36.0,low,external_foreign,No action; keep in the baseline,0,0,0.0,0,2248548,0.3837871128873502,,43.2,23.9,49.2,48.1,24.2,18.7
mine097,mine_planner,employee,2019-04-16,36.0,low,external_foreign,No action; keep in the baseline,0,0,0.0,0,7654891,0.3597347768544941,,43.2,23.9,49.2,48.1,0.8,50.0
mine093,mine_planner,employee,2019-04-22,36.0,low,external_foreign,No action; keep in the baseline,0,0,0.0,0,5200874,0.3725350773752459,,43.2,23.9,49.2,48.1,11.1,36.3
cont087,contractor_surveyor,contractor,2019-04-16,35.9,low,external_foreign,No action; keep in the baseline,0,0,0.0,0,103759,0.38862953041463494,,43.2,23.9,49.2,48.1,29.9,10.6
cont089,contractor_surveyor,contractor,2019-04-23,35.9,low,external_foreign,No action; keep in the baseline,0,0,0.0,0,994981,0.385939300191204,,43.2,23.9,49.2,48.1,27.7,13.8
it067,it_service_desk,employee,2019-04-12,35.9,low,external_foreign,No action; keep in the baseline,0,0,0.0,0,5081640,0.37275643761054905,,43.2,23.9,49.2,48.1,11.2,35.5
mine093,mine_planner,employee,2019-04-09,35.9,low,external_foreign,No action; keep in the baseline,0,0,0.0,0,5222254,0.3720348771996225,,43.2,23.9,49.2,48.1,10.4,36.4
cont086,contractor_surveyor,contractor,2019-04-06,35.9,low,external_foreign,No action; keep in the baseline,0,0,0.0,0,1201160,0.385430339261133,,43.2,23.9,49.2,48.1,27.3,14.4
cont007,control_room_operator,employee,2019-04-27,35.9,low,external_foreign,No action; keep in the baseline,0,0,0.0,0,7568642,0.35937278663516087,,43.2,23.9,49.2,48.1,0.7,49.5
cont082,contractor_surveyor,contractor,2019-04-19,35.9,low,external_foreign,No action; keep in the baseline,0,0,0.0,0,7571294,0.3597347768544941,,43.2,23.9,49.2,48.1,0.8,49.5
cont016,control_room_operator,employee,2019-04-16,35.9,low,external_foreign,No action; keep in the baseline,0,0,0.0,0,457731,0.3877587485138457,,43.2,23.9,49.2,48.1,29.1,11.7
supe106,supervisor,employee,2019-04-26,35.9,low,external_foreign,No action; keep in the baseline,0,0,0.0,0,4484897,0.3754252198224711,,43.2,23.9,49.2,48.1,13.9,32.1
it062,it_service_desk,employee,2019-04-20,35.8,low,external_foreign,No action; keep in the baseline,0,0,0.0,0,1158299,0.38498210095010177,,43.2,23.9,49.2,48.1,26.8,14.2
cont015,control_room_operator,employee,2019-04-14,35.8,low,external_foreign,No action; keep in the baseline,0,0,0.0,0,3074437,0.38035171557723807,,43.2,23.9,49.2,48.1,19.4,23.8
cont012,control_room_operator,employee,2019-04-21,35.8,low,external_foreign,No action; keep in the baseline,0,0,0.0,0,622794,0.386675290019122,,43.2,23.9,49.2,48.1,28.0,12.2
vend071,vendor_technician,vendor,2019-04-12,35.7,low,external_foreign,No action; keep in the baseline,0,0,0.0,0,7292419,0.3598791929648076,,43.2,23.9,49.2,48.1,1.0,48.0
cont021,control_room_operator,employee,2019-04-20,35.7,low,external_foreign,No action; keep in the baseline,0,0,0.0,0,3598758,0.37786931858934597,,43.2,23.9,49.2,48.1,16.5,27.1
cont080,contractor_surveyor,contractor,2019-04-13,35.7,low,external_foreign,No action; keep in the baseline,0,0,0.0,0,2873235,0.38081953632878895,,43.2,23.9,49.2,48.1,19.9,22.7
cont080,contractor_surveyor,contractor,2019-04-19,35.7,low,external_foreign,No action; keep in the baseline,0,0,0.0,0,200320,0.3874147631131883,,43.2,23.9,49.2,48.1,28.6,10.9
supe114,supervisor,employee,2019-04-07,35.7,low,external_foreign,No action; keep in the baseline,0,0,0.0,0,3158864,0.379530945608982,,43.2,23.9,49.2,48.1,18.5,24.5
cont086,contractor_surveyor,contractor,2019-04-30,35.7,low,external_foreign,No action; keep in the baseline,0,0,0.0,0,3881568,0.37675219264519644,,43.2,23.9,49.2,48.1,15.4,28.7
cont003,control_room_operator,employee,2019-04-05,35.6,low,external_foreign,No action; keep in the baseline,0,2,0.0,0,2266049,0.3653971650223694,,43.2,57.6,49.2,48.1,5.2,18.8
cont004,control_room_operator,employee,2019-04-27,35.6,low,external_foreign,No action; keep in the baseline,0,0,0.0,0,5266268,0.37056753487508176,,43.2,23.9,49.2,48.1,8.8,36.8
mine103,mine_planner,employee,2019-04-30,35.6,low,external_foreign,No action; keep in the baseline,0,0,0.0,0,5854244,0.3670153146003001,,43.2,23.9,49.2,48.1,5.9,40.9
cont079,contractor_surveyor,contractor,2019-04-04,35.6,low,external_foreign,No action; keep in the baseline,0,0,0.0,0,0,0.39202608391128085,,43.2,23.9,49.2,48.1,32.7,5.1
cont011,control_room_operator,employee,2019-04-04,35.6,low,external_foreign,No action; keep in the baseline,0,0,0.0,0,3650302,0.37722209564163783,,43.2,23.9,49.2,48.1,15.8,27.4
it063,it_service_desk,employee,2019-04-01,35.6,low,external_foreign,No action; keep in the baseline,0,0,0.0,0,0,0.39202608391128085,,43.2,23.9,49.2,48.1,32.7,5.1
main029,maintenance_engineer,employee,2019-04-01,35.6,low,external_foreign,No action; keep in the baseline,0,0,0.0,0,5968944,0.3653892603743288,,43.2,23.9,49.2,48.1,5.1,41.4
cont083,contractor_surveyor,contractor,2019-04-10,35.6,low,external_foreign,No action; keep in the baseline,0,0,0.0,0,0,0.39202608391128085,,43.2,23.9,49.2,48.1,32.7,5.1
mine092,mine_planner,employee,2019-04-28,35.6,low,external_foreign,No action; keep in the baseline,0,0,0.0,0,2953323,0.3801591966133627,,43.2,23.9,49.2,48.1,19.1,23.2
main039,maintenance_engineer,employee,2019-04-21,35.6,low,external_foreign,No action; keep in the baseline,0,0,0.0,0,2926773,0.38023691534826526,,43.2,23.9,49.2,48.1,19.2,22.9
it064,it_service_desk,employee,2019-04-09,35.6,low,external_foreign,No action; keep in the baseline,0,0,0.0,0,3912144,0.37634372320734133,,43.2,23.9,49.2,48.1,14.9,28.8
cont018,control_room_operator,employee,2019-04-30,35.5,low,external_foreign,No action; keep in the baseline,0,0,0.0,0,7055074,0.35983953095847065,,43.2,23.9,49.2,48.1,0.9,46.5
it061,it_service_desk,employee,2019-04-10,35.5,low,external_foreign,No action; keep in the baseline,0,0,0.0,0,3789335,0.3763027133939887,,43.2,23.9,49.2,48.1,14.9,28.0
cont089,contractor_surveyor,contractor,2019-04-16,35.5,low,external_foreign,No action; keep in the baseline,0,0,0.0,0,1865392,0.3828425087726376,,43.2,23.9,49.2,48.1,23.0,17.2
mine098,mine_planner,employee,2019-04-18,35.5,low,external_foreign,No action; keep in the baseline,0,0,0.0,0,1201604,0.38425945449151705,,43.2,23.9,49.2,48.1,24.9,14.4
main038,maintenance_engineer,employee,2019-04-05,35.4,low,external_foreign,No action; keep in the baseline,0,0,0.0,0,1708773,0.3829157696216387,,43.2,23.9,49.2,48.1,23.1,16.3
cont021,control_room_operator,employee,2019-04-01,35.4,low,external_foreign,No action; keep in the baseline,0,0,0.0,0,4909920,0.37138337958532647,,43.2,23.9,49.2,48.1,9.6,34.5
supe114,supervisor,employee,2019-04-26,35.4,low,external_foreign,No action; keep in the baseline,0,0,0.0,0,6773029,0.3612787311922494,,43.2,23.9,49.2,48.1,1.5,45.2
it060,it_service_desk,employee,2019-04-17,35.4,low,external_foreign,No action; keep in the baseline,0,0,0.0,0,7019390,0.35824435489380946,,43.2,23.9,49.2,48.1,0.4,46.3
main045,maintenance_engineer,employee,2019-04-29,35.4,low,external_foreign,No action; keep in the baseline,0,0,0.0,0,4339744,0.37309969039182855,,43.2,23.9,49.2,48.1,11.7,31.4
mine103,mine_planner,employee,2019-04-28,35.4,low,external_foreign,No action; keep in the baseline,0,0,0.0,0,5664612,0.3665303603308106,,43.2,23.9,49.2,48.1,5.6,39.4
vend077,vendor_technician,vendor,2019-04-02,35.4,low,external_foreign,No action; keep in the baseline,0,0,0.0,0,1912342,0.3819470706175974,,43.2,23.9,49.2,48.1,22.1,17.3
ot051,ot_network_admin,employee,2019-04-06,35.3,low,external_foreign,No action; keep in the baseline,0,0,0.0,0,5911632,0.36401175036463523,,43.2,23.9,49.2,48.1,3.8,41.2
mine098,mine_planner,employee,2019-04-17,35.3,low,external_foreign,No action; keep in the baseline,0,0,0.0,0,1288803,0.3836212720775978,,43.2,23.9,49.2,48.1,24.0,14.6
supe107,supervisor,employee,2019-04-09,35.3,low,external_foreign,No action; keep in the baseline,0,0,0.0,0,1522261,0.3829356832245142,,43.2,23.9,49.2,48.1,23.1,15.6
cont026,control_room_operator,employee,2019-04-13,35.3,low,external_foreign,No action; keep in the baseline,0,0,0.0,0,7006120,0.35792951002398754,,43.2,23.9,49.2,48.1,0.4,46.2
mine102,mine_planner,employee,2019-04-03,35.3,low,external_foreign,No action; keep in the baseline,0,0,0.0,0,4737058,0.37131402032552574,,43.2,23.9,49.2,48.1,9.3,33.6
cont004,control_room_operator,employee,2019-04-28,35.2,low,external_foreign,No action; keep in the baseline,0,0,0.0,0,4378355,0.37233287191587133,,43.2,23.9,49.2,48.1,10.8,31.5
main028,maintenance_engineer,employee,2019-04-19,35.2,low,external_foreign,No action; keep in the baseline,0,0,0.0,0,5448097,0.3665741589466922,,43.2,23.9,49.2,48.1,5.7,38.2
mine096,mine_planner,employee,2019-04-19,35.2,low,external_foreign,No action; keep in the baseline,0,0,0.0,0,3156606,0.3774470332804943,,43.2,23.9,49.2,48.1,16.0,24.4
mine097,mine_planner,employee,2019-04-18,35.2,low,external_foreign,No action; keep in the baseline,0,0,0.0,0,6525903,0.36128068969555727,,43.2,23.9,49.2,48.1,1.5,43.8
mine098,mine_planner,employee,2019-04-23,35.2,low,external_foreign,No action; keep in the baseline,0,0,0.0,0,2354722,0.3807347291186511,,43.2,23.9,49.2,48.1,19.9,19.3
vend069,vendor_technician,vendor,2019-04-15,35.2,low,external_foreign,No action; keep in the baseline,0,0,0.0,0,4664756,0.3712210405820659,,43.2,23.9,49.2,48.1,9.2,33.2
it065,it_service_desk,employee,2019-04-16,35.1,low,external_foreign,No action; keep in the baseline,0,0,0.0,0,6670273,0.3584647102962483,,43.2,23.9,49.2,48.1,0.4,44.7
ot058,ot_network_admin,employee,2019-04-04,35.1,low,external_foreign,No action; keep in the baseline,0,0,0.0,0,5097598,0.36920971557435417,,43.2,23.9,49.2,48.1,7.2,35.6
cont007,control_room_operator,employee,2019-04-06,35.1,low,external_foreign,No action; keep in the baseline,0,0,0.0,0,6608183,0.3592642709092594,,43.2,23.9,49.2,48.1,0.6,44.3
cont018,control_room_operator,employee,2019-04-29,35.1,low,external_foreign,No action; keep in the baseline,0,0,0.0,0,6414224,0.36026680595343147,,43.2,23.9,49.2,48.1,1.2,43.4
mine096,mine_planner,employee,2019-04-25,35.1,low,external_foreign,No action; keep in the baseline,0,0,0.0,0,2849694,0.3780388490010646,,43.2,23.9,49.2,48.1,16.7,22.5
mine097,mine_planner,employee,2019-04-17,35.1,low,external_foreign,No action; keep in the baseline,0,0,0.0,0,5463698,0.36493623763231775,,43.2,23.9,49.2,48.1,4.8,38.4
it063,it_service_desk,employee,2019-04-12,35.0,low,external_foreign,No action; keep in the baseline,0,0,0.0,0,450037,0.38399633957210416,,43.2,23.9,49.2,48.1,24.6,11.6
cont020,control_room_operator,employee,2019-04-14,35.0,low,external_foreign,No action; keep in the baseline,0,0,0.0,0,4393928,0.3713609811066736,,43.2,23.9,49.2,48.1,9.5,31.6
main035,maintenance_engineer,employee,2019-04-24,35.0,low,external_foreign,No action; keep in the baseline,0,0,0.0,0,6556087,0.3578648385831107,,43.2,23.9,49.2,48.1,0.3,44.0
cont006,control_room_operator,employee,2019-04-11,35.0,low,external_foreign,No action; keep in the baseline,0,0,0.0,0,4481533,0.3713609811066736,,43.2,23.9,49.2,48.1,9.5,31.9
cont079,contractor_surveyor,contractor,2019-04-06,35.0,low,external_foreign,No action; keep in the baseline,0,0,0.0,0,4426022,0.3713609811066736,,43.2,23.9,49.2,48.1,9.5,31.7
cont081,contractor_surveyor,contractor,2019-04-08,35.0,low,external_foreign,No action; keep in the baseline,0,0,0.0,0,6297045,0.3601674172268385,,43.2,23.9,49.2,48.1,1.1,42.9
cont082,contractor_surveyor,contractor,2019-04-01,35.0,low,external_foreign,No action; keep in the baseline,0,0,0.0,0,6552737,0.3578648385831107,,43.2,23.9,49.2,48.1,0.3,43.9
mine100,mine_planner,employee,2019-04-15,34.9,low,external_foreign,No action; keep in the baseline,0,0,0.0,0,5433481,0.36422484721024573,,43.2,23.9,49.2,48.1,4.2,38.1
cont088,contractor_surveyor,contractor,2019-04-29,34.8,low,external_foreign,No action; keep in the baseline,0,0,0.0,0,5215895,0.3649275739248688,,43.2,23.9,49.2,48.1,4.8,36.4
cont004,control_room_operator,employee,2019-04-14,34.8,low,external_foreign,No action; keep in the baseline,0,0,0.0,0,4553880,0.3699304229910148,,43.2,23.9,49.2,48.1,8.1,32.5
vend077,vendor_technician,vendor,2019-04-28,34.8,low,external_foreign,No action; keep in the baseline,0,1,0.0,0,1186383,0.37016177115654114,,43.2,50.8,49.2,48.1,8.3,14.3
main028,maintenance_engineer,employee,2019-04-18,34.8,low,external_foreign,No action; keep in the baseline,0,0,0.0,0,2642988,0.3777373598279109,,43.2,23.9,49.2,48.1,16.4,21.1
supe104,supervisor,employee,2019-04-01,34.8,low,external_foreign,No action; keep in the baseline,0,0,0.0,0,6270353,0.35783663290064405,,43.2,23.9,49.2,48.1,0.3,42.7
mine100,mine_planner,employee,2019-04-13,34.8,low,external_foreign,No action; keep in the baseline,0,0,0.0,0,1021345,0.3817108075729301,,43.2,23.9,49.2,48.1,21.8,13.9
supe109,supervisor,employee,2019-04-20,34.8,low,external_foreign,No action; keep in the baseline,0,0,0.0,0,4307334,0.3708574367115328,,43.2,23.9,49.2,48.1,9.0,31.2
mine102,mine_planner,employee,2019-04-22,34.7,low,external_foreign,No action; keep in the baseline,0,0,0.0,0,2582112,0.3774643572507452,,43.2,23.9,49.2,48.1,16.0,20.7
main044,maintenance_engineer,employee,2019-04-04,34.7,low,external_foreign,No action; keep in the baseline,0,0,0.0,0,967443,0.3817108075729301,,43.2,23.9,49.2,48.1,21.8,13.6
vend075,vendor_technician,vendor,2019-04-15,34.7,low,external_foreign,No action; keep in the baseline,0,0,0.0,0,4495931,0.3694754900305085,,43.2,23.9,49.2,48.1,7.4,32.2
vend071,vendor_technician,vendor,2019-04-18,34.7,low,external_foreign,No action; keep in the baseline,0,0,0.0,0,5168993,0.36463456103594943,,43.2,23.9,49.2,48.1,4.5,36.1
cont016,control_room_operator,employee,2019-04-12,34.7,low,external_foreign,No action; keep in the baseline,0,0,0.0,0,1733424,0.38053988508570835,,43.2,23.9,49.2,48.1,19.7,16.5
cont013,control_room_operator,employee,2019-04-17,34.7,low,external_foreign,No action; keep in the baseline,0,0,0.0,0,3744157,0.37270545677879086,,43.2,23.9,49.2,48.1,11.2,27.8
main040,maintenance_engineer,employee,2019-04-06,34.7,low,external_foreign,No action; keep in the baseline,0,0,0.0,0,3540145,0.37299074295794016,,43.2,23.9,49.2,48.1,11.6,26.7
cont013,control_room_operator,employee,2019-04-06,34.7,low,external_foreign,No action; keep in the baseline,0,0,0.0,0,4162993,0.37093113295973607,,43.2,23.9,49.2,48.1,9.0,30.4
cont084,contractor_surveyor,contractor,2019-04-27,34.7,low,external_foreign,No action; keep in the baseline,0,0,0.0,0,0,0.3868255676017477,,43.2,23.9,49.2,48.1,28.2,5.1
main041,maintenance_engineer,employee,2019-04-09,34.6,low,external_foreign,No action; keep in the baseline,0,0,0.0,0,4122807,0.37048451033328567,,43.2,23.9,49.2,48.1,8.6,30.2
vend069,vendor_technician,vendor,2019-04-02,34.6,low,external_foreign,No action; keep in the baseline,0,0,0.0,0,3922524,0.3715556392169845,,43.2,23.9,49.2,48.1,9.8,28.9
cont005,control_room_operator,employee,2019-04-28,34.6,low,external_foreign,No action; keep in the baseline,0,0,0.0,0,5951892,0.3578201944330663,,43.2,23.9,49.2,48.1,0.2,41.4
main046,maintenance_engineer,employee,2019-04-14,34.5,low,external_foreign,No action; keep in the baseline,0,0,0.0,0,5530920,0.36146631267280666,,43.2,23.9,49.2,48.1,1.6,38.8
cont024,control_room_operator,employee,2019-04-23,34.5,low,external_foreign,No action; keep in the baseline,0,0,0.0,0,4593650,0.3671684790119322,,43.2,23.9,49.2,48.1,6.1,32.8
cont088,contractor_surveyor,contractor,2019-04-01,34.5,low,external_foreign,No action; keep in the baseline,0,0,0.0,0,2041289,0.3787806476910218,,43.2,23.9,49.2,48.1,17.7,17.8
ot053,ot_network_admin,employee,2019-04-21,34.4,low,external_foreign,No action; keep in the baseline,0,0,0.0,0,2216164,0.37792352314182737,,43.2,23.9,49.2,48.1,16.5,18.6
supe110,supervisor,employee,2019-04-22,34.4,low,external_foreign,No action; keep in the baseline,0,0,0.0,0,5508907,0.3610288245968058,,43.2,23.9,49.2,48.1,1.3,38.6
cont084,contractor_surveyor,contractor,2019-04-28,34.4,low,external_foreign,No action; keep in the baseline,0,0,0.0,0,4326350,0.3686085881406001,,43.2,23.9,49.2,48.1,6.8,31.3
main049,maintenance_engineer,employee,2019-04-05,34.4,low,external_foreign,No action; keep in the baseline,0,0,0.0,0,3368339,0.3724974648606907,,43.2,23.9,49.2,48.1,11.1,25.7
ot054,ot_network_admin,employee,2019-04-03,34.3,low,external_foreign,No action; keep in the baseline,0,0,0.0,0,57770,0.381819402563616,,43.2,23.9,49.2,48.1,22.0,10.4
main046,maintenance_engineer,employee,2019-04-27,34.3,low,external_foreign,No action; keep in the baseline,0,0,0.0,0,1700802,0.37876007839379805,,43.2,23.9,49.2,48.1,17.6,16.3
cont078,contractor_surveyor,contractor,2019-04-15,34.3,low,external_foreign,No action; keep in the baseline,0,0,0.0,0,4803509,0.3644032223479824,,43.2,23.9,49.2,48.1,4.3,34.0
mine101,mine_planner,employee,2019-04-20,34.3,low,external_foreign,No action; keep in the baseline,0,0,0.0,0,4673987,0.3647852220680959,,43.2,23.9,49.2,48.1,4.7,33.3
cont026,control_room_operator,employee,2019-04-11,34.3,low,external_foreign,No action; keep in the baseline,0,0,0.0,0,5659696,0.3576100272028694,,43.2,23.9,49.2,48.1,0.1,39.3
cont083,contractor_surveyor,contractor,2019-04-07,34.3,low,external_foreign,No action; keep in the baseline,0,0,0.0,0,4659687,0.3647852220680959,,43.2,23.9,49.2,48.1,4.7,33.2
it065,it_service_desk,employee,2019-04-15,34.2,low,external_foreign,No action; keep in the baseline,0,0,0.0,0,4547018,0.365097980682489,,43.2,23.9,49.2,48.1,5.0,32.4
it063,it_service_desk,employee,2019-04-27,34.2,low,external_foreign,No action; keep in the baseline,0,0,0.0,0,1479474,0.3787247006394988,,43.2,23.9,49.2,48.1,17.6,15.4
cont078,contractor_surveyor,contractor,2019-04-11,34.2,low,external_foreign,No action; keep in the baseline,0,0,0.0,0,0,0.3844054706596931,,43.2,23.9,49.2,48.1,25.7,5.1
cont087,contractor_surveyor,contractor,2019-04-08,34.2,low,external_foreign,No action; keep in the baseline,0,0,0.0,0,0,0.3844054706596931,,43.2,23.9,49.2,48.1,25.7,5.1
vend071,vendor_technician,vendor,2019-04-29,34.2,low,external_foreign,No action; keep in the baseline,0,0,0.0,0,0,0.3844054706596931,,43.2,23.9,49.2,48.1,25.7,5.1
mine092,mine_planner,employee,2019-04-18,34.2,low,external_foreign,No action; keep in the baseline,0,0,0.0,0,0,0.3844054706596931,,43.2,23.9,49.2,48.1,25.7,5.1
ot055,ot_network_admin,employee,2019-04-08,34.2,low,external_foreign,No action; keep in the baseline,0,0,0.0,0,0,0.3844054706596931,,43.2,23.9,49.2,48.1,25.7,5.1
cont021,control_room_operator,employee,2019-04-04,34.2,low,external_foreign,No action; keep in the baseline,0,0,0.0,0,0,0.3844054706596931,,43.2,23.9,49.2,48.1,25.7,5.1
ot051,ot_network_admin,employee,2019-04-19,34.2,low,external_foreign,No action; keep in the baseline,0,0,0.0,0,0,0.3844054706596931,,43.2,23.9,49.2,48.1,25.7,5.1
mine102,mine_planner,employee,2019-04-29,34.2,low,external_foreign,No action; keep in the baseline,0,0,0.0,0,0,0.3844054706596931,,43.2,23.9,49.2,48.1,25.7,5.1
it066,it_service_desk,employee,2019-04-22,34.2,low,external_foreign,No action; keep in the baseline,0,0,0.0,0,0,0.3844054706596931,,43.2,23.9,49.2,48.1,25.7,5.1
vend074,vendor_technician,vendor,2019-04-30,34.2,low,external_foreign,No action; keep in the baseline,0,0,0.0,0,0,0.3844054706596931,,43.2,23.9,49.2,48.1,25.7,5.1
cont086,contractor_surveyor,contractor,2019-04-11,34.2,low,external_foreign,No action; keep in the baseline,0,0,0.0,0,0,0.3844054706596931,,43.2,23.9,49.2,48.1,25.7,5.1
mine101,mine_planner,employee,2019-04-24,34.2,low,external_foreign,No action; keep in the baseline,0,0,0.0,0,0,0.3844054706596931,,43.2,23.9,49.2,48.1,25.7,5.1
mine093,mine_planner,employee,2019-04-18,34.2,low,external_foreign,No action; keep in the baseline,0,0,0.0,0,0,0.3844054706596931,,43.2,23.9,49.2,48.1,25.7,5.1
cont013,control_room_operator,employee,2019-04-22,34.2,low,external_foreign,No action; keep in the baseline,0,0,0.0,0,0,0.3844054706596931,,43.2,23.9,49.2,48.1,25.7,5.1
cont078,contractor_surveyor,contractor,2019-04-09,34.2,low,external_foreign,No action; keep in the baseline,0,0,0.0,0,3856292,0.36990191654993526,,43.2,23.9,49.2,48.1,8.1,28.5
main039,maintenance_engineer,employee,2019-04-29,34.2,low,external_foreign,No action; keep in the baseline,0,0,0.0,0,0,0.3844054706596931,,43.2,23.9,49.2,48.1,25.7,5.1
mine093,mine_planner,employee,2019-04-20,34.2,low,external_foreign,No action; keep in the baseline,0,0,0.0,0,4268401,0.36719748798012963,,43.2,23.9,49.2,48.1,6.1,30.9
it063,it_service_desk,employee,2019-04-03,34.2,low,external_foreign,No action; keep in the baseline,0,0,0.0,0,0,0.3844054706596931,,43.2,23.9,49.2,48.1,25.7,5.1
main040,maintenance_engineer,employee,2019-04-27,34.2,low,external_foreign,No action; keep in the baseline,0,0,0.0,0,0,0.3844054706596931,,43.2,23.9,49.2,48.1,25.7,5.1
mine093,mine_planner,employee,2019-04-27,34.2,low,external_foreign,No action; keep in the baseline,0,0,0.0,0,0,0.3844054706596931,,43.2,23.9,49.2,48.1,25.7,5.1
main040,maintenance_engineer,employee,2019-04-14,34.2,low,external_foreign,No action; keep in the baseline,0,0,0.0,0,0,0.3844054706596931,,43.2,23.9,49.2,48.1,25.7,5.1
main042,maintenance_engineer,employee,2019-04-21,34.2,low,external_foreign,No action; keep in the baseline,0,0,0.0,0,0,0.3844054706596931,,43.2,23.9,49.2,48.1,25.7,5.1
main047,maintenance_engineer,employee,2019-04-14,34.2,low,external_foreign,No action; keep in the baseline,0,0,0.0,0,0,0.3844054706596931,,43.2,23.9,49.2,48.1,25.7,5.1
ot052,ot_network_admin,employee,2019-04-14,34.2,low,external_foreign,No action; keep in the baseline,0,0,0.0,0,0,0.3844054706596931,,43.2,23.9,49.2,48.1,25.7,5.1
main034,maintenance_engineer,employee,2019-04-10,34.2,low,external_foreign,No action; keep in the baseline,0,0,0.0,0,0,0.3844054706596931,,43.2,23.9,49.2,48.1,25.7,5.1
cont022,control_room_operator,employee,2019-04-06,34.2,low,external_foreign,No action; keep in the baseline,0,0,0.0,0,0,0.3844054706596931,,43.2,23.9,49.2,48.1,25.7,5.1
supe113,supervisor,employee,2019-04-21,34.2,low,external_foreign,No action; keep in the baseline,0,0,0.0,0,0,0.3844054706596931,,43.2,23.9,49.2,48.1,25.7,5.1
vend069,vendor_technician,vendor,2019-04-03,34.2,low,external_foreign,No action; keep in the baseline,0,0,0.0,0,0,0.3844054706596931,,43.2,23.9,49.2,48.1,25.7,5.1
main042,maintenance_engineer,employee,2019-04-10,34.2,low,external_foreign,No action; keep in the baseline,0,0,0.0,0,0,0.3844054706596931,,43.2,23.9,49.2,48.1,25.7,5.1
cont024,control_room_operator,employee,2019-04-17,34.2,low,external_foreign,No action; keep in the baseline,0,0,0.0,0,0,0.3844054706596931,,43.2,23.9,49.2,48.1,25.7,5.1
supe109,supervisor,employee,2019-04-25,34.2,low,external_foreign,No action; keep in the baseline,0,0,0.0,0,0,0.3844054706596931,,43.2,23.9,49.2,48.1,25.7,5.1
mine097,mine_planner,employee,2019-04-20,34.2,low,external_foreign,No action; keep in the baseline,0,0,0.0,0,5532839,0.3576100272028694,,43.2,23.9,49.2,48.1,0.1,38.8
main039,maintenance_engineer,employee,2019-04-13,34.2,low,external_foreign,No action; keep in the baseline,0,0,0.0,0,0,0.3844054706596931,,43.2,23.9,49.2,48.1,25.7,5.1
ot052,ot_network_admin,employee,2019-04-24,34.2,low,external_foreign,No action; keep in the baseline,0,0,0.0,0,0,0.3844054706596931,,43.2,23.9,49.2,48.1,25.7,5.1
main042,maintenance_engineer,employee,2019-04-14,34.2,low,external_foreign,No action; keep in the baseline,0,0,0.0,0,4434248,0.36639219561647846,,43.2,23.9,49.2,48.1,5.5,31.7
cont079,contractor_surveyor,contractor,2019-04-15,34.2,low,external_foreign,No action; keep in the baseline,0,0,0.0,0,0,0.3844054706596931,,43.2,23.9,49.2,48.1,25.7,5.1
main049,maintenance_engineer,employee,2019-04-21,34.2,low,external_foreign,No action; keep in the baseline,0,0,0.0,0,0,0.3844054706596931,,43.2,23.9,49.2,48.1,25.7,5.1
cont018,control_room_operator,employee,2019-04-13,34.2,low,external_foreign,No action; keep in the baseline,0,0,0.0,0,1725304,0.37846609520388225,,43.2,23.9,49.2,48.1,17.3,16.4
main044,maintenance_engineer,employee,2019-04-18,34.1,low,external_foreign,No action; keep in the baseline,0,0,0.0,0,4105484,0.3674107339197834,,43.2,23.9,49.2,48.1,6.3,30.1
main046,maintenance_engineer,employee,2019-04-12,34.1,low,external_foreign,No action; keep in the baseline,0,0,0.0,0,5456320,0.357636110429115,,43.2,23.9,49.2,48.1,0.2,38.3
mine101,mine_planner,employee,2019-04-06,34.1,low,external_foreign,No action; keep in the baseline,0,0,0.0,0,4451513,0.365097980682489,,43.2,23.9,49.2,48.1,5.0,31.8
main035,maintenance_engineer,employee,2019-04-18,34.1,low,external_foreign,No action; keep in the baseline,0,0,0.0,0,3796418,0.3697698838905651,,43.2,23.9,49.2,48.1,7.8,28.1
main033,maintenance_engineer,employee,2019-04-17,34.1,low,external_foreign,No action; keep in the baseline,0,0,0.0,0,5142690,0.36252657219130013,,43.2,23.9,49.2,48.1,2.0,35.9
cont086,contractor_surveyor,contractor,2019-04-04,34.1,low,external_foreign,No action; keep in the baseline,0,0,0.0,0,4242072,0.36690813463986816,,43.2,23.9,49.2,48.1,5.8,30.9
cont081,contractor_surveyor,contractor,2019-04-05,34.1,low,external_foreign,No action; keep in the baseline,0,0,0.0,0,5413156,0.357636110429115,,43.2,23.9,49.2,48.1,0.2,37.9
main032,maintenance_engineer,employee,2019-04-21,34.1,low,external_foreign,No action; keep in the baseline,0,0,0.0,0,5176819,0.36137411347652304,,43.2,23.9,49.2,48.1,1.5,36.2
cont081,contractor_surveyor,contractor,2019-04-01,34.1,low,external_foreign,No action; keep in the baseline,0,0,0.0,0,5441257,0.35740995729651936,,43.2,23.9,49.2,48.1,0.0,38.2
main034,maintenance_engineer,employee,2019-04-26,34.0,low,external_foreign,No action; keep in the baseline,0,0,0.0,0,5005433,0.36295694159655545,,43.2,23.9,49.2,48.1,2.3,35.0
cont079,contractor_surveyor,contractor,2019-04-24,34.0,low,external_foreign,No action; keep in the baseline,0,0,0.0,0,3767646,0.3695180131217558,,43.2,23.9,49.2,48.1,7.5,27.9
cont013,control_room_operator,employee,2019-04-20,34.0,low,external_foreign,No action; keep in the baseline,0,0,0.0,0,2782191,0.3731843249189103,,43.2,23.9,49.2,48.1,11.9,22.1
mine103,mine_planner,employee,2019-04-05,34.0,low,external_foreign,No action; keep in the baseline,0,0,0.0,0,3540802,0.3700967141275029,,43.2,23.9,49.2,48.1,8.2,26.8
mine103,mine_planner,employee,2019-04-27,34.0,low,external_foreign,No action; keep in the baseline,0,0,0.0,0,2721017,0.37368413808179896,,43.2,23.9,49.2,48.1,12.2,21.6
mine102,mine_planner,employee,2019-04-27,33.9,low,external_foreign,No action; keep in the baseline,0,0,0.0,0,3566884,0.3695793137842191,,43.2,23.9,49.2,48.1,7.5,26.9
main027,maintenance_engineer,employee,2019-04-13,33.9,low,external_foreign,No action; keep in the baseline,0,0,0.0,0,4962312,0.36185544167715694,,43.2,23.9,49.2,48.1,1.7,34.7
main033,maintenance_engineer,employee,2019-04-20,33.9,low,external_foreign,No action; keep in the baseline,0,0,0.0,0,3482137,0.3697890470730264,,43.2,23.9,49.2,48.1,7.9,26.4
ot051,ot_network_admin,employee,2019-04-30,33.9,low,external_foreign,No action; keep in the baseline,0,0,0.0,0,4334263,0.3644936158499364,,43.2,23.9,49.2,48.1,4.4,31.4
vend069,vendor_technician,vendor,2019-04-29,33.9,low,external_foreign,No action; keep in the baseline,0,0,0.0,0,2050403,0.37602899276565654,,43.2,23.9,49.2,48.1,14.6,17.9
main048,maintenance_engineer,employee,2019-04-07,33.9,low,external_foreign,No action; keep in the baseline,0,0,0.0,0,3521923,0.3697890470730264,,43.2,23.9,49.2,48.1,7.9,26.6
mine099,mine_planner,employee,2019-04-23,33.8,low,external_foreign,No action; keep in the baseline,0,0,0.0,0,627711,0.37900594836835527,,43.2,23.9,49.2,48.1,18.0,12.2
supe110,supervisor,employee,2019-04-21,33.8,low,external_foreign,No action; keep in the baseline,0,0,0.0,0,0,0.38307943886543594,,43.2,23.9,49.2,48.1,23.3,5.1
mine100,mine_planner,employee,2019-04-08,33.8,low,external_foreign,No action; keep in the baseline,0,0,0.0,0,0,0.38307943886543594,,43.2,23.9,49.2,48.1,23.3,5.1
it061,it_service_desk,employee,2019-04-05,33.8,low,external_foreign,No action; keep in the baseline,0,0,0.0,0,3236400,0.370511170018432,,43.2,23.9,49.2,48.1,8.7,25.0
main048,maintenance_engineer,employee,2019-04-21,33.8,low,external_foreign,No action; keep in the baseline,0,0,0.0,0,4211448,0.3647047548191231,,43.2,23.9,49.2,48.1,4.6,30.6
cont078,contractor_surveyor,contractor,2019-04-05,33.8,low,external_foreign,No action; keep in the baseline,0,0,0.0,0,0,0.38307943886543594,,43.2,23.9,49.2,48.1,23.3,5.1
supe114,supervisor,employee,2019-04-16,33.8,low,external_foreign,No action; keep in the baseline,0,0,0.0,0,0,0.38307943886543594,,43.2,23.9,49.2,48.1,23.3,5.1
mine099,mine_planner,employee,2019-04-25,33.8,low,external_foreign,No action; keep in the baseline,0,0,0.0,0,3863817,0.3671446730242582,,43.2,23.9,49.2,48.1,6.0,28.6
main029,maintenance_engineer,employee,2019-04-19,33.8,low,external_foreign,No action; keep in the baseline,0,0,0.0,0,4416209,0.363815993819855,,43.2,23.9,49.2,48.1,3.6,31.6
mine099,mine_planner,employee,2019-04-14,33.8,low,external_foreign,No action; keep in the baseline,0,0,0.0,0,2402853,0.37390324923117485,,43.2,23.9,49.2,48.1,12.4,19.7
main047,maintenance_engineer,employee,2019-04-09,33.6,low,external_foreign,No action; keep in the baseline,0,0,0.0,0,896222,0.3776818929799694,,43.2,23.9,49.2,48.1,16.2,13.4
it065,it_service_desk,employee,2019-04-13,33.6,low,external_foreign,No action; keep in the baseline,0,0,0.0,0,4104601,0.36415223642260647,,43.2,23.9,49.2,48.1,4.0,30.0
main048,maintenance_engineer,employee,2019-04-18,33.6,low,external_foreign,No action; keep in the baseline,0,0,0.0,0,3655251,0.3670346497337367,,43.2,23.9,49.2,48.1,5.9,27.5
cont079,contractor_surveyor,contractor,2019-04-09,33.6,low,external_foreign,No action; keep in the baseline,0,0,0.0,0,1770027,0.37546866074816093,,43.2,23.9,49.2,48.1,14.0,16.6
it067,it_service_desk,employee,2019-04-30,33.5,low,external_foreign,No action; keep in the baseline,0,0,0.0,0,3503473,0.36730216927384157,,43.2,23.9,49.2,48.1,6.2,26.5
main045,maintenance_engineer,employee,2019-04-03,33.4,low,external_foreign,No action; keep in the baseline,0,0,0.0,0,2722416,0.3712246738888295,,43.2,23.9,49.2,48.1,9.2,21.7
main042,maintenance_engineer,employee,2019-04-23,33.4,low,external_foreign,No action; keep in the baseline,0,0,0.0,0,3974787,0.3637130809065038,,43.2,23.9,49.2,48.1,3.3,29.3
mine094,mine_planner,employee,2019-04-29,33.4,low,external_foreign,No action; keep in the baseline,0,0,0.0,0,4435959,0.36121962976155825,,43.2,23.9,49.2,48.1,1.4,31.7
vend073,vendor_technician,vendor,2019-04-02,33.4,low,external_foreign,No action; keep in the baseline,0,0,0.0,0,3078292,0.36961223593385073,,43.2,23.9,49.2,48.1,7.6,23.9
main031,maintenance_engineer,employee,2019-04-07,33.3,low,external_foreign,No action; keep in the baseline,0,0,0.0,0,3878439,0.3637130809065038,,43.2,23.9,49.2,48.1,3.3,28.7
cont082,contractor_surveyor,contractor,2019-04-30,33.3,low,external_foreign,No action; keep in the baseline,0,0,0.0,0,3613905,0.36443230021860495,,43.2,23.9,49.2,48.1,4.3,27.2
cont083,contractor_surveyor,contractor,2019-04-14,33.2,low,external_foreign,No action; keep in the baseline,0,0,0.0,0,0,0.3808310543390015,,43.2,23.9,49.2,48.1,20.4,5.1
cont083,contractor_surveyor,contractor,2019-04-27,33.2,low,external_foreign,No action; keep in the baseline,0,0,0.0,0,0,0.3808310543390015,,43.2,23.9,49.2,48.1,20.4,5.1
main039,maintenance_engineer,employee,2019-04-04,33.2,low,external_foreign,No action; keep in the baseline,0,0,0.0,0,0,0.3808310543390015,,43.2,23.9,49.2,48.1,20.4,5.1
vend077,vendor_technician,vendor,2019-04-08,33.2,low,external_foreign,No action; keep in the baseline,0,0,0.0,0,0,0.3808310543390015,,43.2,23.9,49.2,48.1,20.4,5.1
it067,it_service_desk,employee,2019-04-21,33.2,low,external_foreign,No action; keep in the baseline,0,0,0.0,0,0,0.3808310543390015,,43.2,23.9,49.2,48.1,20.4,5.1
main034,maintenance_engineer,employee,2019-04-08,33.2,low,external_foreign,No action; keep in the baseline,0,0,0.0,0,3771885,0.36362633163211494,,43.2,23.9,49.2,48.1,3.3,28.0
cont079,contractor_surveyor,contractor,2019-04-23,33.2,low,external_foreign,No action; keep in the baseline,0,0,0.0,0,2340287,0.3716648390512907,,43.2,23.9,49.2,48.1,10.0,19.2
vend072,vendor_technician,vendor,2019-04-18,33.2,low,external_foreign,No action; keep in the baseline,0,0,0.0,0,0,0.3808310543390015,,43.2,23.9,49.2,48.1,20.4,5.1
ot055,ot_network_admin,employee,2019-04-17,33.2,low,external_foreign,No action; keep in the baseline,0,0,0.0,0,3742097,0.36369357784787926,,43.2,23.9,49.2,48.1,3.3,27.8
cont084,contractor_surveyor,contractor,2019-04-09,33.2,low,external_foreign,No action; keep in the baseline,0,0,0.0,0,0,0.3808310543390015,,43.2,23.9,49.2,48.1,20.4,5.1
mine090,mine_planner,employee,2019-04-12,33.2,low,external_foreign,No action; keep in the baseline,0,0,0.0,0,0,0.3808310543390015,,43.2,23.9,49.2,48.1,20.4,5.1
main050,maintenance_engineer,employee,2019-04-17,33.2,low,external_foreign,No action; keep in the baseline,0,0,0.0,0,0,0.3808310543390015,,43.2,23.9,49.2,48.1,20.4,5.1
cont018,control_room_operator,employee,2019-04-06,33.2,low,external_foreign,No action; keep in the baseline,0,0,0.0,0,2909845,0.3691925547637758,,43.2,23.9,49.2,48.1,7.2,22.7
main036,maintenance_engineer,employee,2019-04-27,33.2,low,external_foreign,No action; keep in the baseline,0,0,0.0,0,0,0.3808310543390015,,43.2,23.9,49.2,48.1,20.4,5.1
mine096,mine_planner,employee,2019-04-14,33.2,low,external_foreign,No action; keep in the baseline,0,0,0.0,0,0,0.3808310543390015,,43.2,23.9,49.2,48.1,20.4,5.1
main035,maintenance_engineer,employee,2019-04-08,33.2,low,external_foreign,No action; keep in the baseline,0,0,0.0,0,0,0.3808310543390015,,43.2,23.9,49.2,48.1,20.4,5.1
mine096,mine_planner,employee,2019-04-30,33.2,low,external_foreign,No action; keep in the baseline,0,0,0.0,0,0,0.3808310543390015,,43.2,23.9,49.2,48.1,20.4,5.1
mine099,mine_planner,employee,2019-04-28,33.2,low,external_foreign,No action; keep in the baseline,0,0,0.0,0,2754954,0.3696950964652163,,43.2,23.9,49.2,48.1,7.7,21.9
mine099,mine_planner,employee,2019-04-27,33.2,low,external_foreign,No action; keep in the baseline,0,0,0.0,0,2745988,0.3696950964652163,,43.2,23.9,49.2,48.1,7.7,21.8
main039,maintenance_engineer,employee,2019-04-23,33.2,low,external_foreign,No action; keep in the baseline,0,0,0.0,0,0,0.3808310543390015,,43.2,23.9,49.2,48.1,20.4,5.1
vend071,vendor_technician,vendor,2019-04-23,33.2,low,external_foreign,No action; keep in the baseline,0,0,0.0,0,0,0.3808310543390015,,43.2,23.9,49.2,48.1,20.4,5.1
main033,maintenance_engineer,employee,2019-04-04,33.2,low,external_foreign,No action; keep in the baseline,0,0,0.0,0,0,0.3808310543390015,,43.2,23.9,49.2,48.1,20.4,5.1
main041,maintenance_engineer,employee,2019-04-20,33.2,low,external_foreign,No action; keep in the baseline,0,0,0.0,0,0,0.3808310543390015,,43.2,23.9,49.2,48.1,20.4,5.1
cont088,contractor_surveyor,contractor,2019-04-12,33.2,low,external_foreign,No action; keep in the baseline,0,0,0.0,0,4145444,0.36168052874895207,,43.2,23.9,49.2,48.1,1.6,30.3
ot058,ot_network_admin,employee,2019-04-19,33.2,low,external_foreign,No action; keep in the baseline,0,0,0.0,0,0,0.3808310543390015,,43.2,23.9,49.2,48.1,20.4,5.1
main036,maintenance_engineer,employee,2019-04-14,33.2,low,external_foreign,No action; keep in the baseline,0,0,0.0,0,0,0.3808310543390015,,43.2,23.9,49.2,48.1,20.4,5.1
ot051,ot_network_admin,employee,2019-04-03,33.2,low,external_foreign,No action; keep in the baseline,0,0,0.0,0,0,0.3808310543390015,,43.2,23.9,49.2,48.1,20.4,5.1
main036,maintenance_engineer,employee,2019-04-09,33.2,low,external_foreign,No action; keep in the baseline,0,0,0.0,0,3149328,0.36719206913246216,,43.2,23.9,49.2,48.1,6.1,24.3
main036,maintenance_engineer,employee,2019-04-21,33.2,low,external_foreign,No action; keep in the baseline,0,0,0.0,0,0,0.3808310543390015,,43.2,23.9,49.2,48.1,20.4,5.1
vend077,vendor_technician,vendor,2019-04-13,33.2,low,external_foreign,No action; keep in the baseline,0,0,0.0,0,0,0.3808310543390015,,43.2,23.9,49.2,48.1,20.4,5.1
main042,maintenance_engineer,employee,2019-04-29,33.2,low,external_foreign,No action; keep in the baseline,0,0,0.0,0,4491142,0.35908497116178656,,43.2,23.9,49.2,48.1,0.5,32.1
vend073,vendor_technician,vendor,2019-04-28,33.2,low,external_foreign,No action; keep in the baseline,0,0,0.0,0,0,0.3808310543390015,,43.2,23.9,49.2,48.1,20.4,5.1
main042,maintenance_engineer,employee,2019-04-06,33.1,low,external_foreign,No action; keep in the baseline,0,0,0.0,0,4297318,0.35910788810547606,,43.2,23.9,49.2,48.1,0.5,31.2
mine092,mine_planner,employee,2019-04-13,33.0,low,external_foreign,No action; keep in the baseline,0,0,0.0,0,3616482,0.3633177643818452,,43.2,23.9,49.2,48.1,2.8,27.3
main035,maintenance_engineer,employee,2019-04-11,32.9,low,external_foreign,No action; keep in the baseline,0,0,0.0,0,3446522,0.36348433143733433,,43.2,23.9,49.2,48.1,3.2,26.3
it067,it_service_desk,employee,2019-04-24,32.9,low,external_foreign,No action; keep in the baseline,0,0,0.0,0,3983856,0.35913125369796883,,43.2,23.9,49.2,48.1,0.6,29.4
cont078,contractor_surveyor,contractor,2019-04-13,32.9,low,external_foreign,No action; keep in the baseline,0,0,0.0,0,4020366,0.35910838426964403,,43.2,23.9,49.2,48.1,0.5,29.6
ot055,ot_network_admin,employee,2019-04-13,32.8,low,external_foreign,No action; keep in the baseline,0,0,0.0,0,3923728,0.35913125369796883,,43.2,23.9,49.2,48.1,0.6,28.9
ot052,ot_network_admin,employee,2019-04-22,32.8,low,external_foreign,No action; keep in the baseline,0,0,0.0,0,3346347,0.36337268030344416,,43.2,23.9,49.2,48.1,3.0,25.5
cont079,contractor_surveyor,contractor,2019-04-26,32.8,low,external_foreign,No action; keep in the baseline,0,0,0.0,0,2378677,0.36962132914095924,,43.2,23.9,49.2,48.1,7.6,19.5
vend077,vendor_technician,vendor,2019-04-06,32.7,low,external_foreign,No action; keep in the baseline,0,0,0.0,0,3138745,0.3637512744010523,,43.2,23.9,49.2,48.1,3.4,24.2
vend072,vendor_technician,vendor,2019-04-06,32.7,low,external_foreign,No action; keep in the baseline,0,0,0.0,0,3165138,0.3637805234414897,,43.2,23.9,49.2,48.1,3.5,24.5
main045,maintenance_engineer,employee,2019-04-05,32.7,low,external_foreign,No action; keep in the baseline,0,0,0.0,0,2161856,0.37004742382650224,,43.2,23.9,49.2,48.1,8.2,18.3
mine100,mine_planner,employee,2019-04-04,32.6,low,external_foreign,No action; keep in the baseline,0,0,0.0,0,3113120,0.3637512744010523,,43.2,23.9,49.2,48.1,3.4,24.1
main047,maintenance_engineer,employee,2019-04-28,32.6,low,external_foreign,No action; keep in the baseline,0,0,0.0,0,2342975,0.368304279106187,,43.2,23.9,49.2,48.1,6.8,19.2
main027,maintenance_engineer,employee,2019-04-02,32.6,low,external_foreign,No action; keep in the baseline,0,0,0.0,0,2909975,0.3643096766221997,,43.2,23.9,49.2,48.1,4.2,22.7
supe114,supervisor,employee,2019-04-25,32.6,low,external_foreign,No action; keep in the baseline,0,0,0.0,0,3384267,0.3624043444890889,,43.2,23.9,49.2,48.1,1.9,25.8
mine090,mine_planner,employee,2019-04-11,32.6,low,external_foreign,No action; keep in the baseline,0,0,0.0,0,3417900,0.3624043444890889,,43.2,23.9,49.2,48.1,1.9,25.9
supe104,supervisor,employee,2019-04-21,32.6,low,external_foreign,No action; keep in the baseline,0,0,0.0,0,820007,0.3728944967307341,,43.2,23.9,49.2,48.1,11.5,13.1
ot052,ot_network_admin,employee,2019-04-21,32.5,low,external_foreign,No action; keep in the baseline,0,0,0.0,0,2800290,0.3641637540542484,,43.2,23.9,49.2,48.1,4.0,22.2
mine102,mine_planner,employee,2019-04-10,32.5,low,external_foreign,No action; keep in the baseline,0,0,0.0,0,2046943,0.36934342519969915,,43.2,23.9,49.2,48.1,7.4,17.8
main033,maintenance_engineer,employee,2019-04-06,32.5,low,external_foreign,No action; keep in the baseline,0,0,0.0,0,1134951,0.37191923712626074,,43.2,23.9,49.2,48.1,10.2,14.2
cont014,control_room_operator,employee,2019-04-05,32.5,low,external_foreign,No action; keep in the baseline,0,0,0.0,0,1793722,0.3701571322274091,,43.2,23.9,49.2,48.1,8.3,16.9
main044,maintenance_engineer,employee,2019-04-20,32.5,low,external_foreign,No action; keep in the baseline,0,0,0.0,0,1632238,0.37049346436816083,,43.2,23.9,49.2,48.1,8.6,16.0
cont016,control_room_operator,employee,2019-04-29,32.5,low,external_foreign,No action; keep in the baseline,0,0,0.0,0,3226431,0.36300160360386835,,43.2,23.9,49.2,48.1,2.3,24.9
main027,maintenance_engineer,employee,2019-04-12,32.5,low,external_foreign,No action; keep in the baseline,0,0,0.0,0,133645,0.37405383017788457,,43.2,23.9,49.2,48.1,12.5,10.8
main050,maintenance_engineer,employee,2019-04-19,32.5,low,external_foreign,No action; keep in the baseline,0,0,0.0,0,3203872,0.36300160360386835,,43.2,23.9,49.2,48.1,2.3,24.8
supe106,supervisor,employee,2019-04-28,32.5,low,external_foreign,No action; keep in the baseline,0,0,0.0,0,1625677,0.37049346436816083,,43.2,23.9,49.2,48.1,8.6,15.9
it060,it_service_desk,employee,2019-04-03,32.5,low,external_foreign,No action; keep in the baseline,0,0,0.0,0,2279292,0.367837616232045,,43.2,23.9,49.2,48.1,6.6,18.9
it067,it_service_desk,employee,2019-04-16,32.4,low,external_foreign,No action; keep in the baseline,0,0,0.0,0,2925058,0.3633687630157924,,43.2,23.9,49.2,48.1,2.9,22.9
main041,maintenance_engineer,employee,2019-04-17,32.4,low,external_foreign,No action; keep in the baseline,0,0,0.0,0,2993528,0.3633687630157924,,43.2,23.9,49.2,48.1,2.9,23.5
ot058,ot_network_admin,employee,2019-04-07,32.4,low,external_foreign,No action; keep in the baseline,0,0,0.0,0,1091895,0.37139743027775673,,43.2,23.9,49.2,48.1,9.7,14.0
mine100,mine_planner,employee,2019-04-28,32.4,low,external_foreign,No action; keep in the baseline,0,0,0.0,0,2978567,0.3633687630157924,,43.2,23.9,49.2,48.1,2.9,23.4
main027,maintenance_engineer,employee,2019-04-24,32.4,low,external_foreign,No action; keep in the baseline,0,0,0.0,0,3151351,0.3628735733150214,,43.2,23.9,49.2,48.1,2.2,24.3
main035,maintenance_engineer,employee,2019-04-21,32.4,low,external_foreign,No action; keep in the baseline,0,0,0.0,0,179480,0.37344241583108406,,43.2,23.9,49.2,48.1,12.0,10.9
cont086,contractor_surveyor,contractor,2019-04-08,32.4,low,external_foreign,No action; keep in the baseline,0,0,0.0,0,1017051,0.37139743027775673,,43.2,23.9,49.2,48.1,9.7,13.9
mine094,mine_planner,employee,2019-04-05,32.4,low,external_foreign,No action; keep in the baseline,0,0,0.0,0,3098070,0.3628735733150214,,43.2,23.9,49.2,48.1,2.2,24.0
mine103,mine_planner,employee,2019-04-29,32.4,low,external_foreign,No action; keep in the baseline,0,0,0.0,0,1390136,0.3707356363934991,,43.2,23.9,49.2,48.1,8.9,15.0
mine102,mine_planner,employee,2019-04-20,32.4,low,external_foreign,No action; keep in the baseline,0,0,0.0,0,641680,0.37242914785086295,,43.2,23.9,49.2,48.1,11.0,12.4
mine102,mine_planner,employee,2019-04-04,32.4,low,external_foreign,No action; keep in the baseline,0,0,0.0,0,597941,0.37249214829506,,43.2,23.9,49.2,48.1,11.1,12.1
cont088,contractor_surveyor,contractor,2019-04-18,32.3,low,external_foreign,No action; keep in the baseline,0,0,0.0,0,934434,0.37139743027775673,,43.2,23.9,49.2,48.1,9.7,13.5
cont086,contractor_surveyor,contractor,2019-04-01,32.3,low,external_foreign,No action; keep in the baseline,0,0,0.0,0,2670155,0.3641637540542484,,43.2,23.9,49.2,48.1,4.0,21.3
it060,it_service_desk,employee,2019-04-11,32.3,low,external_foreign,No action; keep in the baseline,0,0,0.0,0,1807120,0.3688998178429732,,43.2,23.9,49.2,48.1,7.0,17.0
main031,maintenance_engineer,employee,2019-04-10,32.3,low,external_foreign,No action; keep in the baseline,0,0,0.0,0,637491,0.3723552837514731,,43.2,23.9,49.2,48.1,10.8,12.3
cont021,control_room_operator,employee,2019-04-23,32.3,low,external_foreign,No action; keep in the baseline,0,0,0.0,0,314998,0.3728159543021348,,43.2,23.9,49.2,48.1,11.4,11.2
supe114,supervisor,employee,2019-04-19,32.3,low,external_foreign,No action; keep in the baseline,0,0,0.0,0,1398978,0.3701867533968646,,43.2,23.9,49.2,48.1,8.3,15.2
cont016,control_room_operator,employee,2019-04-04,32.3,low,external_foreign,No action; keep in the baseline,0,0,0.0,0,3387200,0.3593576020473629,,43.2,23.9,49.2,48.1,0.7,25.8
cont088,contractor_surveyor,contractor,2019-04-04,32.3,low,external_foreign,No action; keep in the baseline,0,0,0.0,0,91250,0.3730098713539299,,43.2,23.9,49.2,48.1,11.7,10.5
vend074,vendor_technician,vendor,2019-04-23,32.2,low,external_foreign,No action; keep in the baseline,0,0,0.0,0,11604,0.37300382874251176,,43.2,23.9,49.2,48.1,11.6,10.2
mine094,mine_planner,employee,2019-04-12,32.2,low,external_foreign,No action; keep in the baseline,0,0,0.0,0,2459090,0.3644511663150909,,43.2,23.9,49.2,48.1,4.4,20.1
main035,maintenance_engineer,employee,2019-04-15,32.2,low,external_foreign,No action; keep in the baseline,0,0,0.0,0,36898,0.3728402238402431,,43.2,23.9,49.2,48.1,11.4,10.4
main046,maintenance_engineer,employee,2019-04-09,32.2,low,external_foreign,No action; keep in the baseline,0,0,0.0,0,1665631,0.36894841747179286,,43.2,23.9,49.2,48.1,7.1,16.0
mine100,mine_planner,employee,2019-04-10,32.2,low,external_foreign,No action; keep in the baseline,0,0,0.0,0,1435572,0.3696351508079503,,43.2,23.9,49.2,48.1,7.6,15.3
cont008,control_room_operator,employee,2019-04-13,32.2,low,external_foreign,No action; keep in the baseline,0,0,0.0,0,27925,0.37300382874251176,,43.2,23.9,49.2,48.1,11.6,10.3
cont004,control_room_operator,employee,2019-04-21,32.1,low,external_foreign,No action; keep in the baseline,0,0,0.0,0,3101707,0.35987873819207594,,43.2,23.9,49.2,48.1,1.0,24.1
mine090,mine_planner,employee,2019-04-15,32.1,low,external_foreign,No action; keep in the baseline,0,0,0.0,0,2259677,0.36462973179033625,,43.2,23.9,49.2,48.1,4.5,18.8
main046,maintenance_engineer,employee,2019-04-07,32.1,low,external_foreign,No action; keep in the baseline,0,0,0.0,0,1296921,0.36979245434186164,,43.2,23.9,49.2,48.1,8.0,14.7
it065,it_service_desk,employee,2019-04-10,32.0,low,external_foreign,No action; keep in the baseline,0,0,0.0,0,2702677,0.36308807324266573,,43.2,23.9,49.2,48.1,2.4,21.5
cont026,control_room_operator,employee,2019-04-06,31.9,low,external_foreign,No action; keep in the baseline,0,0,0.0,0,1766077,0.36567683055742,,43.2,23.9,49.2,48.1,5.2,16.6
main040,maintenance_engineer,employee,2019-04-03,31.9,low,external_foreign,No action; keep in the baseline,0,0,0.0,0,2839954,0.3602059653108194,,43.2,23.9,49.2,48.1,1.1,22.4
main034,maintenance_engineer,employee,2019-04-04,31.8,low,external_foreign,No action; keep in the baseline,0,0,0.0,0,2473132,0.36301564131231784,,43.2,23.9,49.2,48.1,2.4,20.2
cont018,control_room_operator,employee,2019-04-05,31.7,low,external_foreign,No action; keep in the baseline,0,0,0.0,0,780702,0.36904944499616527,,43.2,23.9,49.2,48.1,7.1,12.9
mine090,mine_planner,employee,2019-04-27,31.7,low,external_foreign,No action; keep in the baseline,0,0,0.0,0,376145,0.37002109994195975,,43.2,23.9,49.2,48.1,8.2,11.5
main041,maintenance_engineer,employee,2019-04-19,31.7,low,external_foreign,No action; keep in the baseline,0,0,0.0,0,727252,0.3693256629262354,,43.2,23.9,49.2,48.1,7.3,12.6
main028,maintenance_engineer,employee,2019-04-14,31.7,low,external_foreign,No action; keep in the baseline,0,0,0.0,0,954068,0.368853447450795,,43.2,23.9,49.2,48.1,6.9,13.5
cont007,control_room_operator,employee,2019-04-16,31.7,low,external_foreign,No action; keep in the baseline,0,0,0.0,0,2348424,0.36301564131231784,,43.2,23.9,49.2,48.1,2.4,19.3
main039,maintenance_engineer,employee,2019-04-20,31.6,low,external_foreign,No action; keep in the baseline,0,0,0.0,0,2275430,0.3628612205214849,,43.2,23.9,49.2,48.1,2.1,18.9
main028,maintenance_engineer,employee,2019-04-09,31.6,low,external_foreign,No action; keep in the baseline,0,0,0.0,0,2075491,0.36327531973923743,,43.2,23.9,49.2,48.1,2.7,18.0
ot056,ot_network_admin,employee,2019-04-30,31.6,low,external_foreign,No action; keep in the baseline,0,0,0.0,0,1920553,0.3634170572008586,,43.2,23.9,49.2,48.1,3.1,17.4
mine090,mine_planner,employee,2019-04-21,31.6,low,external_foreign,No action; keep in the baseline,0,0,0.0,0,2122172,0.36327531973923743,,43.2,23.9,49.2,48.1,2.7,18.2
cont023,control_room_operator,employee,2019-04-18,31.5,low,external_foreign,No action; keep in the baseline,0,0,0.0,0,2385513,0.36029881944477066,,43.2,23.9,49.2,48.1,1.2,19.6
ot052,ot_network_admin,employee,2019-04-23,31.5,low,external_foreign,No action; keep in the baseline,0,0,0.0,0,1057094,0.3652680934449583,,43.2,23.9,49.2,48.1,5.1,14.0
main046,maintenance_engineer,employee,2019-04-15,31.4,low,external_foreign,No action; keep in the baseline,0,0,0.0,0,1162516,0.3650414702300221,,43.2,23.9,49.2,48.1,4.9,14.3
it066,it_service_desk,employee,2019-04-07,31.4,low,external_foreign,No action; keep in the baseline,0,0,0.0,0,810336,0.3660635713205649,,43.2,23.9,49.2,48.1,5.4,13.0
main039,maintenance_engineer,employee,2019-04-07,31.4,low,external_foreign,No action; keep in the baseline,0,0,0.0,0,1674688,0.3633975899761072,,43.2,23.9,49.2,48.1,3.0,16.1
main028,maintenance_engineer,employee,2019-04-08,31.3,low,external_foreign,No action; keep in the baseline,0,0,0.0,0,584497,0.36664865749082165,,43.2,23.9,49.2,48.1,5.7,12.0
it065,it_service_desk,employee,2019-04-05,31.3,low,external_foreign,No action; keep in the baseline,0,0,0.0,0,1426781,0.3635155582093003,,43.2,23.9,49.2,48.1,3.2,15.2
cont087,contractor_surveyor,contractor,2019-04-19,31.3,low,external_foreign,No action; keep in the baseline,0,0,0.0,0,652825,0.3663308450813709,,43.2,23.9,49.2,48.1,5.4,12.4
main029,maintenance_engineer,employee,2019-04-04,31.3,low,external_foreign,No action; keep in the baseline,0,0,0.0,0,2147252,0.3611322448495983,,43.2,23.9,49.2,48.1,1.3,18.2
cont016,control_room_operator,employee,2019-04-11,31.2,low,external_foreign,No action; keep in the baseline,0,0,0.0,0,1572996,0.36324455374297326,,43.2,23.9,49.2,48.1,2.5,15.7
it065,it_service_desk,employee,2019-04-19,31.2,low,external_foreign,No action; keep in the baseline,0,0,0.0,0,462875,0.3664442896250185,,43.2,23.9,49.2,48.1,5.5,11.7
cont026,control_room_operator,employee,2019-04-04,31.2,low,external_foreign,No action; keep in the baseline,0,0,0.0,0,1489967,0.36332983856294554,,43.2,23.9,49.2,48.1,2.8,15.4
mine097,mine_planner,employee,2019-04-26,31.2,low,external_foreign,No action; keep in the baseline,0,0,0.0,0,221357,0.366915938687353,,43.2,23.9,49.2,48.1,5.8,11.0
mine096,mine_planner,employee,2019-04-29,31.2,low,external_foreign,No action; keep in the baseline,0,0,0.0,0,1575064,0.36324455374297326,,43.2,23.9,49.2,48.1,2.5,15.7
vend072,vendor_technician,vendor,2019-04-16,31.2,low,external_foreign,No action; keep in the baseline,0,0,0.0,0,1575960,0.36324455374297326,,43.2,23.9,49.2,48.1,2.5,15.8
main029,maintenance_engineer,employee,2019-04-11,31.1,low,external_foreign,No action; keep in the baseline,0,0,0.0,0,1612461,0.3619526852260225,,43.2,23.9,49.2,48.1,1.8,15.9
cont078,contractor_surveyor,contractor,2019-04-07,31.0,low,external_foreign,No action; keep in the baseline,0,0,0.0,0,1472801,0.3618030169336413,,43.2,23.9,49.2,48.1,1.7,15.4
