record_id,stix_id,record_class,name,text,platforms,created,modified,n_chars,n_words,source
C0041,campaign--1169ff24-b35f-4d8d-8cf3-643a2834227f,campaign,FrostyGoop Incident,"[FrostyGoop Incident](https://attack.mitre.org/campaigns/C0041) took place in January 2024 against a municipal district heating company in Ukraine. Following initial access via likely exploitation of external facing services, [FrostyGoop](https://attack.mitre.org/software/S1165) was used to manipulate ENCO control systems via legitimate Modbus commands to impact the delivery of heating services to Ukrainian civilians.(Citation: Dragos FROSTYGOOP 2024)(Citation: Nozomi BUSTLEBERM 2024)",,2024-11-20T23:15:36.728Z,2026-07-31T20:48:13.258Z,489,53,MITRE ATT&CK for ICS (STIX bundle)
C0030,campaign--45a98f02-852f-49b2-94c0-c63207bebbbf,campaign,Triton Safety Instrumented System Attack,[Triton Safety Instrumented System Attack](https://attack.mitre.org/campaigns/C0030) was a campaign employed by [TEMP.Veles](https://attack.mitre.org/groups/G0088) which leveraged the [Triton](https://attack.mitre.org/software/S1009) malware framework against a petrochemical organization.(Citation: Triton-EENews-2017) The malware and techniques used within this campaign targeted specific Triconex [Safety Controller](https://attack.mitre.org/assets/A0010)s within the environment.(Citation: FireEye TRITON 2018) The incident was eventually discovered due to a safety trip that occurred as a result of an issue in the malware.(Citation: FireEye TRITON 2017),,2024-03-25T17:47:37.619Z,2026-07-31T20:48:13.868Z,659,65,MITRE ATT&CK for ICS (STIX bundle)
C0028,campaign--46421788-b6e1-4256-b351-f8beffd1afba,campaign,2015 Ukraine Electric Power Attack,[2015 Ukraine Electric Power Attack](https://attack.mitre.org/campaigns/C0028) was a [Sandworm Team](https://attack.mitre.org/groups/G0034) campaign during which they used [BlackEnergy](https://attack.mitre.org/software/S0089) (specifically BlackEnergy3) and [KillDisk](https://attack.mitre.org/software/S0607) to target and disrupt transmission and distribution substations within the Ukrainian power grid. This campaign was the first major public attack conducted against the Ukrainian power grid by Sandworm Team.,,2023-09-27T13:11:52.340Z,2026-08-04T20:48:44.047Z,516,49,MITRE ATT&CK for ICS (STIX bundle)
C0020,campaign--70cab19e-1745-425e-b3db-c02cd5ff157a,campaign,Maroochy Water Breach,"[Maroochy Water Breach](https://attack.mitre.org/campaigns/C0020) was an incident in 2000 where an adversary leveraged the local government’s wastewater control system and stolen engineering equipment to disrupt and eventually release 800,000 liters of raw sewage into the local community.(Citation: Marshall Abrams July 2008)",,2023-03-10T20:01:08.133Z,2026-07-31T20:48:15.915Z,326,40,MITRE ATT&CK for ICS (STIX bundle)
C0031,campaign--8fda050f-470d-4401-994e-35c1a6c301de,campaign,Unitronics Defacement Campaign,"The [Unitronics Defacement Campaign](https://attack.mitre.org/campaigns/C0031) was a collection of intrusions across multiple sectors by the [CyberAv3ngers](https://attack.mitre.org/groups/G1027), where threat actors engaged in a seemingly opportunistic and global targeting and defacement of Unitronics Vision Series [Programmable Logic Controller (PLC)](https://attack.mitre.org/assets/A0003) with [Human-Machine Interface (HMI)](https://attack.mitre.org/assets/A0002). The sectors that these PLCs can be commonly found in are water and wastewater, energy, food and beverage manufacturing, and healthcare. The most notable feature of this attack was the defacement of the PLCs' HMIs.(Citation: CISA AA23-335A IRGC-Affiliated December 2023)(Citation: Frank Bajak and Marc Levy December 2023)",,2024-03-25T19:58:53.090Z,2026-07-31T20:48:17.564Z,792,87,MITRE ATT&CK for ICS (STIX bundle)
C0063,campaign--a6aba167-5ada-4812-9da1-912c0e73335d,campaign,2025 Poland Wiper Attacks,"[2025 Poland Wiper Attacks](https://attack.mitre.org/campaigns/C0063) is a Russian state-sponsored campaign that conducted destructive cyberattacks against Polish energy infrastructure in December 2025. Targets included more than 30 wind and photovoltaic farms, a combined heat and power (CHP) plant, and a manufacturing sector company. The attacks on the distributed energy resources (DER) disrupted communications between affected facilities and the distribution system operator, but did not impact electricity generation or heat supply. Across the campaign, threat actors deployed two previously undocumented wiper tools, [DynoWiper](https://attack.mitre.org/software/S9038), a Windows-based wiper and [LazyWiper](https://attack.mitre.org/software/S9039), a PowerShell wiper, distributed via malicious Group Policy Objects. At the CHP plant, threat actors had maintained access since at least March 2025, using that foothold to obtain credentials and move laterally before attempting wiper deployment. Some reporting has assessed the activity to be consistent with Russian Federal Security Service (FSB) threat activity group [Dragonfly](https://attack.mitre.org/groups/G0035), also tracked as STATIC TUNDRA, while other reporting attributes the destructive wiper activities to the Russian General Staff Main Intelligence Directorate (GRU) threat activity group ELECTRUM, also tracked as [Sandworm Team](https://attack.mitre.org/groups/G0034).(Citation: CERT Polska)(Citation: Dragos ELECTRUM JAN 2026)(Citation: ESET DynoWiper JAN 2026)(Citation: ESET DynoWiper Update JAN 2026)",,2026-04-22T19:33:22.532Z,2026-07-31T20:48:19.151Z,1582,186,MITRE ATT&CK for ICS (STIX bundle)
C0025,campaign--aa73efef-1418-4dbe-b43c-87a498e97234,campaign,2016 Ukraine Electric Power Attack,[2016 Ukraine Electric Power Attack](https://attack.mitre.org/campaigns/C0025) was a [Sandworm Team](https://attack.mitre.org/groups/G0034) campaign during which they used [Industroyer](https://attack.mitre.org/software/S0604) malware to target and disrupt distribution substations within the Ukrainian power grid. This campaign was the second major public attack conducted against Ukraine by [Sandworm Team](https://attack.mitre.org/groups/G0034).(Citation: ESET Industroyer)(Citation: Dragos Crashoverride 2018),,2023-03-31T17:22:23.567Z,2026-07-31T21:05:24.494Z,513,46,MITRE ATT&CK for ICS (STIX bundle)
C0034,campaign--df8eb785-70f8-4300-b444-277ba849083d,campaign,2022 Ukraine Electric Power Attack,"The [2022 Ukraine Electric Power Attack](https://attack.mitre.org/campaigns/C0034) was a [Sandworm Team](https://attack.mitre.org/groups/G0034) campaign that used a combination of GOGETTER, Neo-REGEORG, [CaddyWiper](https://attack.mitre.org/software/S0693), and living of the land (LotL) techniques to gain access to a Ukrainian electric utility to send unauthorized commands from their SCADA system.(Citation: Mandiant-Sandworm-Ukraine-2022)(Citation: Dragos-Sandworm-Ukraine-2022)",,2024-03-27T19:43:25.703Z,2026-07-31T21:11:04.731Z,482,44,MITRE ATT&CK for ICS (STIX bundle)
M0948,course-of-action--059ba11e-e3dc-49aa-84ca-88197f40d4ea,mitigation,Application Isolation and Sandboxing,Restrict the execution of code to a virtual environment on or in-transit to an endpoint system.,,2019-06-11T17:06:56.230Z,2025-04-16T21:26:25.920Z,95,16,MITRE ATT&CK for ICS (STIX bundle)
M0937,course-of-action--11f242bc-3121-438c-84b2-5cbd46a4bb17,mitigation,Filter Network Traffic,"Use network appliances to filter ingress or egress traffic and perform protocol-based filtering. Configure software on endpoints to filter network traffic.   Perform inline allow/denylisting of network messages based on the application layer (OSI Layer 7) protocol, especially for automation protocols. Application allowlists are beneficial when there are well-defined communication sequences, types, rates, or patterns needed during expected system operations. Application denylists may be needed if all acceptable communication sequences cannot be defined, but instead a set of known malicious uses can be denied (e.g., excessive communication  attempts, shutdown messages, invalid commands).  Devices performing these functions are often referred to as deep-packet inspection (DPI) firewalls, context-aware firewalls, or firewalls blocking specific automation/SCADA protocol aware firewalls. (Citation: Centre for the Protection of National Infrastructure February 2005)",,2019-06-11T16:33:55.337Z,2026-05-12T15:12:00.730Z,973,124,MITRE ATT&CK for ICS (STIX bundle)
M0921,course-of-action--143b4398-3222-480a-b6a4-e131bc2d3144,mitigation,Restrict Web-Based Content,"Restrict use of certain websites, block downloads/attachments, block Javascript, restrict browser extensions, etc.",,2019-06-06T20:52:59.206Z,2025-04-16T21:26:26.226Z,114,13,MITRE ATT&CK for ICS (STIX bundle)
M0818,course-of-action--1cbcceef-3233-4062-aa86-ec91afe39517,mitigation,Validate Program Inputs,"Devices and programs designed to interact with control system parameters should validate the format and content of all user inputs and actions to ensure the values are within intended operational ranges. These values should be evaluated and further enforced through the program logic running on the field controller. If a problematic or invalid input is identified, the programs should either utilize a predetermined safe value or enter a known safe state, while also logging or alerting on the event.(Citation: PLCTop20 Mar 2023)",,2023-03-22T15:49:55.439Z,2025-04-16T21:26:26.390Z,530,82,MITRE ATT&CK for ICS (STIX bundle)
M0930,course-of-action--1e7ccfc0-94c8-496e-8d27-032120892291,mitigation,Network Segmentation,"Architect sections of the network to isolate critical systems, functions, or resources. Use physical and logical segmentation to prevent access to potentially sensitive systems and information. Use a DMZ to contain any internet-facing services that should not be exposed from the internal network.  Restrict network access to only required systems and services. In addition, prevent systems from other networks or business functions (e.g., enterprise) from accessing critical process control systems. For example, in IEC 62443, systems within the same secure level should be grouped into a zone, and access to that zone is restricted by a conduit, or mechanism to restrict data flows between zones by segmenting the network. (Citation: IEC February 2019) (Citation: IEC August 2013)",,2019-06-10T20:41:03.271Z,2026-05-12T15:12:00.730Z,782,117,MITRE ATT&CK for ICS (STIX bundle)
M0944,course-of-action--2ab9fc6d-3cf6-4d7b-85f1-3ad6949233b3,mitigation,Restrict Library Loading,Prevent abuse of library loading mechanisms in the operating system and software to load untrusted code by configuring appropriate library loading mechanisms and investigating potential vulnerable software.,,2019-06-11T17:00:01.740Z,2025-04-16T21:26:26.729Z,206,27,MITRE ATT&CK for ICS (STIX bundle)
M0915,course-of-action--2f0160b7-e982-49d7-9612-f19b810f1722,mitigation,Active Directory Configuration,"Configure Active Directory to prevent use of certain techniques; use security identifier (SID) Filtering, etc.",,2019-06-06T16:39:58.291Z,2025-04-25T14:39:12.577Z,110,15,MITRE ATT&CK for ICS (STIX bundle)
M0931,course-of-action--3172222b-4983-43f7-8983-753ded4f13bc,mitigation,Network Intrusion Prevention,"Use intrusion detection signatures to block traffic at network boundaries.  In industrial control environments, network intrusion prevention should be configured so it will not disrupt protocols and communications responsible for real-time functions related to control or safety.",,2019-06-10T20:46:02.263Z,2026-05-12T15:12:00.730Z,279,37,MITRE ATT&CK for ICS (STIX bundle)
M0924,course-of-action--3222a807-521b-4a1a-aa13-f1cda45734b3,mitigation,Restrict Registry Permissions,Restrict the ability to modify certain hives or keys in the Windows Registry.,,2019-06-06T20:58:59.577Z,2025-04-16T21:26:27.274Z,77,13,MITRE ATT&CK for ICS (STIX bundle)
M0803,course-of-action--337c4e2a-21a7-4d9a-bfee-9efd6cebf0e5,mitigation,Data Loss Prevention,"Data Loss Prevention (DLP) technologies can be used to help identify adversarial attempts to exfiltrate operational information, such as engineering plans, trade secrets, recipes, intellectual property, or process telemetry. DLP functionality may be built into other security products such as firewalls or standalone suites running on the network and host-based agents. DLP may be configured to prevent the transfer of information through corporate resources such as email, web, and physical media such as USB for host-based solutions.",,2020-09-11T16:32:21.854Z,2025-04-25T14:39:13.297Z,535,77,MITRE ATT&CK for ICS (STIX bundle)
M0801,course-of-action--3992ce42-43e9-4bea-b8db-a102ec3ec1e3,mitigation,Access Management,"Access Management technologies can be used to enforce authorization polices and decisions, especially when existing field devices do not provide sufficient capabilities to support user identification and authentication. (Citation: McCarthy, J et al. July 2018) These technologies typically utilize an in-line network device or gateway system to prevent access to unauthenticated users, while also integrating with an authentication service to first verify user credentials. (Citation: Centre for the Protection of National Infrastructure November 2010)",,2020-09-11T16:32:21.854Z,2026-05-12T15:12:00.730Z,552,74,MITRE ATT&CK for ICS (STIX bundle)
M0816,course-of-action--469b78dd-a54d-4f7c-8c3b-4a1dd916b433,mitigation,Mitigation Limited or Not Effective,This type of attack technique cannot be easily mitigated with preventative controls since it is based on the abuse of system features.,,2020-09-11T16:32:21.854Z,2026-05-12T15:12:00.730Z,134,22,MITRE ATT&CK for ICS (STIX bundle)
M0950,course-of-action--49363b74-d506-4342-bd63-320586ebadb9,mitigation,Exploit Protection,Use capabilities to detect and block conditions that may lead to or be indicative of a software exploit occurring.,,2019-06-11T17:10:57.070Z,2025-04-16T21:26:27.827Z,114,19,MITRE ATT&CK for ICS (STIX bundle)
M0935,course-of-action--49b306c1-a046-42c5-a4d2-30f264ada110,mitigation,Limit Access to Resource Over Network,"Prevent access to file shares, remote access to systems, unnecessary services. Mechanisms to limit access may include use of network concentrators, RDP gateways, etc.",,2019-06-11T16:30:16.672Z,2025-04-16T21:26:27.991Z,166,24,MITRE ATT&CK for ICS (STIX bundle)
M0938,course-of-action--4fa717d9-cabe-47c8-8cdd-86e9e2e37f30,mitigation,Execution Prevention,"Block execution of code on a system through application control, and/or script blocking.",,2019-06-11T16:35:25.488Z,2025-04-16T21:26:28.155Z,88,13,MITRE ATT&CK for ICS (STIX bundle)
M0814,course-of-action--52c7a1a9-3a78-4528-a44f-cd7b0fa3541a,mitigation,Static Network Configuration,"Configure hosts and devices to use static network configurations when possible, protocols that require dynamic discovery/addressing (e.g., ARP, DHCP, DNS) can be used to manipulate network message forwarding and enable various AiTM attacks. This mitigation may not always be usable due to limited device features or challenges introduced with different network configurations.",,2019-06-06T21:16:18.709Z,2026-05-12T15:12:00.730Z,376,52,MITRE ATT&CK for ICS (STIX bundle)
M0927,course-of-action--5d97c693-e054-48ba-a3a3-eaf6942dfb65,mitigation,Password Policies,Set and enforce secure password policies for accounts.,,2019-06-06T21:10:35.792Z,2026-05-12T15:12:00.730Z,54,8,MITRE ATT&CK for ICS (STIX bundle)
M0926,course-of-action--622fe4d4-0e8e-4d17-9c25-6c9cef1f15d5,mitigation,Privileged Account Management,"Manage the creation, modification, use, and permissions associated to privileged accounts, including SYSTEM and root.",,2019-06-06T21:09:47.115Z,2025-04-16T21:26:28.652Z,117,15,MITRE ATT&CK for ICS (STIX bundle)
M0804,course-of-action--66cfe23e-34b6-4583-b178-ed6a412db2b0,mitigation,Human User Authentication,"Require user authentication before allowing access to data or accepting commands to a device. While strong multi-factor authentication is preferable, it is not always feasible within ICS environments. Performing strong user authentication also requires additional security controls and processes which are often the target of related adversarial techniques (e.g., Valid Accounts, Default Credentials). Therefore, associated ATT&CK mitigations should be considered in addition to this, including [Multi-factor Authentication](https://attack.mitre.org/mitigations/M0932), [Account Use Policies](https://attack.mitre.org/mitigations/M0936), [Password Policies](https://attack.mitre.org/mitigations/M0927), [User Account Management](https://attack.mitre.org/mitigations/M0918), [Privileged Account Management](https://attack.mitre.org/mitigations/M0926), and [User Account Control](https://attack.mitre.org/mitigations/M1052).",,2020-09-11T16:32:21.854Z,2026-05-12T15:12:00.730Z,922,82,MITRE ATT&CK for ICS (STIX bundle)
M0920,course-of-action--6a02e38a-9629-40c0-8c7d-e98e3470315c,mitigation,SSL/TLS Inspection,Break and inspect SSL/TLS sessions to look at encrypted web traffic for adversary activity.,,2019-06-06T20:15:34.146Z,2025-04-25T14:39:15.463Z,91,14,MITRE ATT&CK for ICS (STIX bundle)
M0945,course-of-action--71eb7dad-07eb-4bbc-9df0-ac57bf2fba4a,mitigation,Code Signing,Enforce binary and application integrity with digital signature verification to prevent untrusted code from executing.,,2019-06-11T17:01:25.405Z,2026-05-12T15:12:00.731Z,118,15,MITRE ATT&CK for ICS (STIX bundle)
M0813,course-of-action--72e46e53-e12d-4106-9c70-33241b6ed549,mitigation,Software Process and Device Authentication,"Require the authentication of devices and software processes where appropriate. Devices that connect remotely to other systems should require strong authentication to prevent spoofing of communications. Furthermore, software processes should also require authentication when accessing APIs.",,2019-06-06T21:16:18.709Z,2026-05-12T15:12:00.731Z,290,36,MITRE ATT&CK for ICS (STIX bundle)
M0808,course-of-action--7f153c28-e5f1-4764-88fb-eea1d9b0ad4a,mitigation,Encrypt Network Traffic,Utilize strong cryptographic techniques and protocols to prevent eavesdropping on network communications.,,2020-09-11T16:32:21.854Z,2026-05-12T15:12:00.731Z,105,12,MITRE ATT&CK for ICS (STIX bundle)
M0936,course-of-action--86b455f2-fb63-4043-93a8-32a3a7703a02,mitigation,Account Use Policies,"Configure features related to account use like login attempt lockouts, specific login times, etc.",,2019-06-11T16:32:21.854Z,2025-04-16T21:26:29.323Z,97,14,MITRE ATT&CK for ICS (STIX bundle)
M0913,course-of-action--8a3aadd0-b5f4-433a-800e-4893e4196bb7,mitigation,Application Developer Guidance,This mitigation describes any guidance or training given to developers of applications to avoid introducing security weaknesses that an adversary may be able to take advantage of.,,2017-10-25T14:48:53.732Z,2025-04-16T21:26:29.489Z,179,27,MITRE ATT&CK for ICS (STIX bundle)
M0946,course-of-action--8ac1d6e1-b07f-476a-9732-84984ebc2405,mitigation,Boot Integrity,Use secure methods to boot a system and verify the integrity of the operating system and loading mechanisms.,,2019-06-11T17:02:36.984Z,2026-05-12T15:12:00.731Z,108,18,MITRE ATT&CK for ICS (STIX bundle)
M0805,course-of-action--8bc4a54e-810c-4600-8b6c-08fa8413a401,mitigation,Mechanical Protection Layers,"Utilize a layered protection design based on physical or mechanical protection systems to prevent damage to property, equipment, human safety, or the environment. Examples include interlocks, rupture disk, release values, etc. (Citation: A G Foord, W G Gulland, C R Howard, T Kellacher, W H Smith 2004)",,2020-09-11T16:32:21.854Z,2025-04-25T14:39:16.894Z,302,47,MITRE ATT&CK for ICS (STIX bundle)
M0951,course-of-action--97f33c84-8508-45b9-8a1d-cac921828c9e,mitigation,Update Software,Perform regular software updates to mitigate exploitation risk. Software updates may need to be scheduled around operational down times.,,2019-06-11T17:12:55.207Z,2025-04-16T21:26:30.090Z,136,19,MITRE ATT&CK for ICS (STIX bundle)
M0815,course-of-action--98aa0d61-fc9d-4b2d-8f18-b25d03549f53,mitigation,Watchdog Timers,Utilize watchdog timers to ensure devices can quickly detect whether a system is unresponsive.,,2019-06-06T21:16:18.709Z,2025-04-25T14:39:17.436Z,94,14,MITRE ATT&CK for ICS (STIX bundle)
M0809,course-of-action--99c746d7-a08a-4169-94f9-b8c0dad716fa,mitigation,Operational Information Confidentiality,"Deploy mechanisms to protect the confidentiality of information related to operational processes, facility locations, device configurations, programs, or databases that may have information that can be used to infer organizational trade-secrets, recipes, and other intellectual property (IP).",,2019-06-06T21:16:18.709Z,2025-04-25T14:39:17.799Z,292,37,MITRE ATT&CK for ICS (STIX bundle)
M0928,course-of-action--9a945a29-5233-4422-a9e3-3e957b0e8bce,mitigation,Operating System Configuration,Make configuration changes related to the operating system or a common feature of the operating system that result in system hardening against techniques.,,2019-06-06T21:16:18.709Z,2025-04-16T21:26:30.648Z,154,23,MITRE ATT&CK for ICS (STIX bundle)
M0934,course-of-action--9e3adcad-0b8f-4ecc-a2f3-06f607f53bf0,mitigation,Limit Hardware Installation,"Block users or groups from installing or using unapproved hardware on systems, including USB devices.",,2019-06-11T16:28:41.809Z,2025-04-16T21:26:30.822Z,101,15,MITRE ATT&CK for ICS (STIX bundle)
M0941,course-of-action--9f99fcfd-772e-4e63-9d39-e45612e546dc,mitigation,Encrypt Sensitive Information,Protect sensitive data-at-rest with strong encryption.,,2019-06-11T16:43:44.834Z,2026-05-12T15:12:00.731Z,54,6,MITRE ATT&CK for ICS (STIX bundle)
M0807,course-of-action--aadac250-bcdc-44e3-a4ae-f52bd0a7a16a,mitigation,Network Allowlists,"Network allowlists can be implemented through either host-based files or system hosts files to specify what connections (e.g., IP address, MAC address, port, protocol) can be made from a device. Allowlist techniques that operate at the  application layer (e.g., DNP3, Modbus, HTTP) are addressed in [Filter Network Traffic](https://attack.mitre.org/mitigations/M0937) mitigation.",,2019-06-10T20:53:36.319Z,2026-05-12T15:12:00.731Z,379,49,MITRE ATT&CK for ICS (STIX bundle)
M0817,course-of-action--ac8f3492-7fbb-4a0a-b0b4-b75ec676136c,mitigation,Supply Chain Management,"Implement a supply chain management program, including policies and procedures to ensure all devices and components originate from a trusted supplier and are tested to verify their integrity.",,2021-04-12T17:00:21.233Z,2025-04-16T21:26:31.301Z,191,28,MITRE ATT&CK for ICS (STIX bundle)
M0953,course-of-action--ad12819e-3211-4291-b360-069f280cff0a,mitigation,Data Backup,"Take and store data backups from end user systems and critical servers. Ensure backup and storage systems are hardened and kept separate from the corporate network to prevent compromise.   Maintain and exercise incident response plans  (Citation: Department of Homeland Security October 2009), including the management of  'gold-copy' back-up images and configurations for key systems to enable quick recovery and response from adversarial activities that impact control, view, or availability.",,2019-07-19T14:33:33.543Z,2025-04-16T21:26:31.496Z,494,69,MITRE ATT&CK for ICS (STIX bundle)
M0810,course-of-action--b11cad63-ef30-4eb8-af0d-6cc46eef3f3e,mitigation,Out-of-Band Communications Channel,Have alternative methods to support communication requirements during communication failures and data integrity attacks. (Citation: National Institute of Standards and Technology April 2013) (Citation: Defense Advanced Research Projects Agency),,2019-06-06T21:16:18.709Z,2026-05-12T15:12:00.731Z,244,29,MITRE ATT&CK for ICS (STIX bundle)
M0947,course-of-action--bcf91ebc-f316-4e19-b2f6-444e9940c697,mitigation,Audit,"Perform audits or scans of systems, permissions, insecure software, insecure configurations, etc. to identify potential weaknesses. Perform periodic integrity checks of the device to validate the correctness of the firmware, software, programs, and configurations. Integrity checks, which typically include cryptographic hashes or digital signatures, should be compared to those obtained at known valid states, especially after events like device reboots, program downloads, or program restarts.",,2019-06-11T17:06:14.029Z,2026-05-12T15:12:00.731Z,495,65,MITRE ATT&CK for ICS (STIX bundle)
M0802,course-of-action--c7257b6e-4159-4771-b1f3-2bb93adaecac,mitigation,Communication Authenticity,"When communicating over an untrusted network, utilize secure network protocols that both authenticate the message sender and can verify its integrity. This can be done either through message authentication codes (MACs) or digital signatures, to detect spoofed network messages and unauthorized connections.",,2020-09-11T16:32:21.854Z,2026-05-12T15:12:00.731Z,306,42,MITRE ATT&CK for ICS (STIX bundle)
M0942,course-of-action--d0909119-2f71-4923-87db-b649881672d7,mitigation,Disable or Remove Feature or Program,Remove or deny access to unnecessary and potentially vulnerable software to prevent abuse by adversaries.,,2019-06-11T16:45:19.740Z,2025-04-16T21:26:32.177Z,105,15,MITRE ATT&CK for ICS (STIX bundle)
M0919,course-of-action--d48b79b2-076d-483e-949c-0d38aa347499,mitigation,Threat Intelligence Program,A threat intelligence program helps an organization generate their own threat intelligence information and track trends to inform defensive priorities to mitigate risk.,,2019-06-06T19:55:50.927Z,2025-04-25T14:39:19.937Z,168,23,MITRE ATT&CK for ICS (STIX bundle)
M0812,course-of-action--da44255d-85c5-492c-baf3-ee823d44f848,mitigation,Safety Instrumented Systems,"Utilize Safety Instrumented Systems (SIS) to provide an additional layer of protection to hazard scenarios that may cause property damage. A SIS will typically include sensors, logic solvers, and a final control element that can be used to automatically respond to an hazardous condition  (Citation: A G Foord, W G Gulland, C R Howard, T Kellacher, W H Smith 2004) . Ensure that all SISs are segmented from operational networks to prevent them from being targeted by additional adversarial behavior.",,2019-06-06T21:16:18.709Z,2025-04-25T14:39:20.300Z,499,80,MITRE ATT&CK for ICS (STIX bundle)
M0917,course-of-action--dc61c280-c29d-44e5-a960-c0dd1623d2ba,mitigation,User Training,"Train users to be aware of access or manipulation attempts by an adversary to reduce the risk of successful spearphishing, social engineering, and other techniques that involve user interaction.",,2019-06-06T16:50:04.963Z,2025-04-16T21:26:32.717Z,194,29,MITRE ATT&CK for ICS (STIX bundle)
M0932,course-of-action--ddf3e568-f065-49e2-9106-42029a28ddbd,mitigation,Multi-factor Authentication,"Use two or more pieces of evidence to authenticate to a system; such as username and password in addition to a token from a physical smart card or token generator.  Within industrial control environments assets such as low-level controllers, workstations, and HMIs have real-time operational control and safety requirements which may restrict the use of multi-factor.",,2019-06-10T20:53:36.319Z,2025-04-16T21:26:32.907Z,367,56,MITRE ATT&CK for ICS (STIX bundle)
M0916,course-of-action--de0bc375-50e1-4e26-a342-a8ff8c9d3037,mitigation,Vulnerability Scanning,Vulnerability scanning is used to find potentially exploitable software vulnerabilities to remediate them.,,2019-06-06T16:47:30.700Z,2025-04-16T21:26:33.110Z,106,13,MITRE ATT&CK for ICS (STIX bundle)
M0800,course-of-action--e0d38502-decb-481d-ad8b-b8f0a0c330bd,mitigation,Authorization Enforcement,"The device or system should restrict read, manipulate, or execute privileges to only authenticated users who require access based on approved security policies.  Role-based Access Control (RBAC) schemes can help reduce the overhead of assigning permissions to the large number of devices within an ICS. For example, IEC 62351 provides examples of roles used to support common system operations within the electric power sector  (Citation: International Electrotechnical Commission July 2020), while IEEE 1686 defines standard permissions for users of IEDs. (Citation: Institute of Electrical and Electronics Engineers January 2014)",,2020-09-11T16:32:21.854Z,2026-05-12T15:12:00.731Z,631,89,MITRE ATT&CK for ICS (STIX bundle)
M0918,course-of-action--e57ebc6d-785f-40c8-adb1-b5b5e09b3b48,mitigation,User Account Management,"Manage the creation, modification, use, and permissions associated to user accounts.",,2019-06-06T16:50:58.767Z,2025-04-16T21:26:33.298Z,84,11,MITRE ATT&CK for ICS (STIX bundle)
M0811,course-of-action--f0f5c87a-a58d-440a-b3b5-ca679d98c6dd,mitigation,Redundancy of Service,"Redundancy could be provided for both critical ICS devices and services, such as back-up devices or hot-standbys.",,2019-06-06T21:16:18.709Z,2025-04-16T21:26:33.475Z,113,17,MITRE ATT&CK for ICS (STIX bundle)
M0922,course-of-action--f9fcb3ec-6de0-4559-8cd9-ef1c0c7d1971,mitigation,Restrict File and Directory Permissions,Restrict access by setting directory and file permissions that are not specific to users or privileged accounts.,,2019-06-06T20:54:49.964Z,2026-05-12T15:12:00.731Z,112,17,MITRE ATT&CK for ICS (STIX bundle)
M0954,course-of-action--facb8840-ebe7-49f1-b464-8ef6c8131e21,mitigation,Software Configuration,Implement configuration changes to software (other than the operating system) to mitigate security risks associated with how the software operates.,,2019-07-19T14:40:23.529Z,2025-04-16T21:26:33.833Z,147,20,MITRE ATT&CK for ICS (STIX bundle)
M0949,course-of-action--faf2b40e-5981-433f-aa46-17458e0026f7,mitigation,Antivirus/Antimalware,"Use signatures or heuristics to detect malicious software.  Within industrial control environments, antivirus/antimalware installations should be limited to assets that are not involved in critical or real-time operations. To minimize the impact to system availability, all products should first be validated within a representative test environment before deployment to production systems. (Citation: NCCIC August 2018)",,2019-06-11T17:08:33.055Z,2025-04-16T21:26:34.009Z,420,55,MITRE ATT&CK for ICS (STIX bundle)
M0806,course-of-action--fce6866f-9a87-4d3e-a73c-f02d8937fe0e,mitigation,Minimize Wireless Signal Propagation,"Wireless signals frequently propagate outside of organizational boundaries, which provide opportunities for adversaries to monitor or gain unauthorized access to the wireless network. (Citation: CISA March 2010) To minimize this threat, organizations should implement measures to detect, understand, and reduce unnecessary RF propagation. (Citation: DHS  National Urban Security Technology Laboratory April 2019)",,2020-09-11T16:32:21.854Z,2025-04-16T21:26:34.172Z,412,52,MITRE ATT&CK for ICS (STIX bundle)
G0082,intrusion-set--00f67a77-86a4-4adf-be26-1a54fc713340,threat_group,APT38,"[APT38](https://attack.mitre.org/groups/G0082) is a North Korean state-sponsored threat group that specializes in financial cyber operations; it has been attributed to the Reconnaissance General Bureau.(Citation: CISA AA20-239A BeagleBoyz August 2020) Active since at least 2014, [APT38](https://attack.mitre.org/groups/G0082) has targeted banks, financial institutions, casinos, cryptocurrency exchanges, SWIFT system endpoints, and ATMs in at least 38 countries worldwide. Significant operations include the 2016 Bank of Bangladesh heist, during which [APT38](https://attack.mitre.org/groups/G0082) stole $81 million, as well as attacks against Bancomext (Citation: FireEye APT38 Oct 2018) and Banco de Chile (Citation: FireEye APT38 Oct 2018); some of their attacks have been destructive.(Citation: CISA AA20-239A BeagleBoyz August 2020)(Citation: FireEye APT38 Oct 2018)(Citation: DOJ North Korea Indictment Feb 2021)(Citation: Kaspersky Lazarus Under The Hood Blog 2017)

North Korean group definitions are known to have significant overlap, and some security researchers report all North Korean state-sponsored cyber activity under the name [Lazarus Group](https://attack.mitre.org/groups/G0032) instead of tracking clusters or subgroups.",,2019-01-29T21:27:24.793Z,2026-07-31T20:48:22.752Z,1244,149,MITRE ATT&CK for ICS (STIX bundle)
G1000,intrusion-set--190242d7-73fc-4738-af68-20162f7a5aae,threat_group,ALLANITE,"[ALLANITE](https://attack.mitre.org/groups/G1000) is a suspected Russian cyber espionage group, that has primarily targeted the electric utility sector within the United States and United Kingdom. The group's tactics and techniques are reportedly similar to [Dragonfly](https://attack.mitre.org/groups/G0035), although [ALLANITE](https://attack.mitre.org/groups/G1000)s technical capabilities have not exhibited disruptive or destructive abilities. It has been suggested that the group maintains a presence in ICS for the purpose of gaining understanding of processes and to maintain persistence. (Citation: Dragos)",,2017-05-31T21:31:57.307Z,2026-07-31T20:48:27.733Z,615,70,MITRE ATT&CK for ICS (STIX bundle)
G0035,intrusion-set--1c63d4ec-0a75-4daa-b1df-0d11af3d3cc1,threat_group,Dragonfly,"[Dragonfly](https://attack.mitre.org/groups/G0035) is a cyber espionage group that has been attributed to Russia's Federal Security Service (FSB) Center 16.(Citation: DOJ Russia Targeting Critical Infrastructure March 2022)(Citation: UK GOV FSB Factsheet April 2022) Active since at least 2010, [Dragonfly](https://attack.mitre.org/groups/G0035) has targeted defense and aviation companies, government entities, companies related to industrial control systems, and critical infrastructure sectors worldwide through supply chain, spearphishing, and drive-by compromise attacks.(Citation: Symantec Dragonfly)(Citation: Secureworks IRON LIBERTY July 2019)(Citation: Symantec Dragonfly Sept 2017)(Citation: Fortune Dragonfly 2.0 Sept 2017)(Citation: Gigamon Berserk Bear October 2021)(Citation: CISA AA20-296A Berserk Bear December 2020)(Citation: Symantec Dragonfly 2.0 October 2017)",,2017-05-31T21:32:05.217Z,2026-07-31T20:48:28.048Z,880,96,MITRE ATT&CK for ICS (STIX bundle)
G0037,intrusion-set--2a7914cf-dff3-428d-ab0f-1014d1c28aeb,threat_group,FIN6,[FIN6](https://attack.mitre.org/groups/G0037) is a cyber crime group that has stolen payment card data and sold it for profit on underground marketplaces. This group has aggressively targeted and compromised point of sale (PoS) systems in the hospitality and retail sectors.(Citation: FireEye FIN6 April 2016)(Citation: FireEye FIN6 Apr 2019),,2017-05-31T21:32:06.015Z,2026-07-31T20:48:30.435Z,342,46,MITRE ATT&CK for ICS (STIX bundle)
G0046,intrusion-set--3753cc21-2dae-4dfb-8481-d004e74502cc,threat_group,FIN7,"[FIN7](https://attack.mitre.org/groups/G0046) is a financially-motivated threat group that has been active since 2013. [FIN7](https://attack.mitre.org/groups/G0046) has targeted the retail, restaurant, hospitality, software, consulting, financial services, medical equipment, cloud services, media, food and beverage, transportation, pharmaceutical, and utilities industries in the United States. A portion of [FIN7](https://attack.mitre.org/groups/G0046) was operated out of a front company called Combi Security and often used point-of-sale malware for targeting efforts. Since 2020, [FIN7](https://attack.mitre.org/groups/G0046) shifted operations to big game hunting (BGH), including use of [REvil](https://attack.mitre.org/software/S0496) ransomware and their own Ransomware-as-a-Service (RaaS), Darkside. FIN7 may be linked to the [Carbanak](https://attack.mitre.org/groups/G0008) Group, but multiple threat groups have been observed using [Carbanak](https://attack.mitre.org/software/S0030), leading these groups to be tracked separately.(Citation: FireEye FIN7 March 2017)(Citation: FireEye FIN7 April 2017)(Citation: FireEye CARBANAK June 2017)(Citation: FireEye FIN7 Aug 2018)(Citation: CrowdStrike Carbon Spider August 2021)(Citation: Mandiant FIN7 Apr 2022)(Citation: BiZone Lizar May 2021)",,2017-05-31T21:32:09.460Z,2026-07-31T20:48:31.412Z,1302,136,MITRE ATT&CK for ICS (STIX bundle)
G0034,intrusion-set--381fcf73-60f6-4ab2-9991-6af3cbc35192,threat_group,Sandworm Team,"[Sandworm Team](https://attack.mitre.org/groups/G0034) is a destructive threat group that has been attributed to Russia's General Staff Main Intelligence Directorate (GRU) Main Center for Special Technologies (GTsST) military unit 74455.(Citation: US District Court Indictment GRU Unit 74455 October 2020)(Citation: UK NCSC Olympic Attacks October 2020) This group has been active since at least 2009.(Citation: iSIGHT Sandworm 2014)(Citation: CrowdStrike VOODOO BEAR)(Citation: USDOJ Sandworm Feb 2020)(Citation: NCSC Sandworm Feb 2020)

In October 2020, the US indicted six GRU Unit 74455 officers associated with [Sandworm Team](https://attack.mitre.org/groups/G0034) for the following cyber operations: the 2015 and 2016 attacks against Ukrainian electrical companies and government organizations, the 2017 worldwide [NotPetya](https://attack.mitre.org/software/S0368) attack, targeting of the 2017 French presidential campaign, the 2018 [Olympic Destroyer](https://attack.mitre.org/software/S0365) attack against the Winter Olympic Games, the 2018 operation against the Organisation for the Prohibition of Chemical Weapons, and attacks against the country of Georgia in 2018 and 2019.(Citation: US District Court Indictment GRU Unit 74455 October 2020)(Citation: UK NCSC Olympic Attacks October 2020) Some of these were conducted with the assistance of GRU Unit 26165, which is also referred to as [APT28](https://attack.mitre.org/groups/G0007).(Citation: US District Court Indictment GRU Oct 2018)",,2017-05-31T21:32:04.588Z,2026-07-31T20:48:32.342Z,1503,184,MITRE ATT&CK for ICS (STIX bundle)
G0049,intrusion-set--4ca1929c-7d64-4aab-b849-badbfc0c760d,threat_group,OilRig,"[OilRig](https://attack.mitre.org/groups/G0049) is a suspected Iranian threat group that has targeted Middle Eastern and international victims since at least 2014. The group has targeted a variety of sectors, including financial, government, energy, chemical, and telecommunications. It appears the group carries out supply chain attacks, leveraging the trust relationship between organizations to attack their primary targets. The group works on behalf of the Iranian government based on infrastructure details that contain references to Iran, use of Iranian infrastructure, and targeting that aligns with nation-state interests.(Citation: FireEye APT34 Dec 2017)(Citation: Palo Alto OilRig April 2017)(Citation: ClearSky OilRig Jan 2017)(Citation: Palo Alto OilRig May 2016)(Citation: Palo Alto OilRig Oct 2016)(Citation: Unit42 OilRig Playbook 2023)(Citation: Unit 42 QUADAGENT July 2018)",,2017-12-14T16:46:06.044Z,2026-07-31T20:48:34.886Z,891,115,MITRE ATT&CK for ICS (STIX bundle)
G0088,intrusion-set--9538b1a4-4120-4e2d-bf59-3b11fcab05a4,threat_group,TEMP.Veles,"[TEMP.Veles](https://attack.mitre.org/groups/G0088) is a Russia-based threat group that has targeted critical infrastructure. The group has been observed utilizing [TRITON](https://attack.mitre.org/software/S0609), a malware framework designed to manipulate industrial safety systems.(Citation: FireEye TRITON 2019)(Citation: FireEye TEMP.Veles 2018)(Citation: FireEye TEMP.Veles JSON April 2019)",,2019-04-16T15:14:38.533Z,2026-07-31T20:48:41.930Z,396,38,MITRE ATT&CK for ICS (STIX bundle)
G1027,intrusion-set--a07a367a-146c-45a8-a830-d3d337b9befa,threat_group,CyberAv3ngers,"The [CyberAv3ngers](https://attack.mitre.org/groups/G1027) are a suspected Iranian Government Islamic Revolutionary Guard Corps (IRGC)-affiliated APT group. The [CyberAv3ngers](https://attack.mitre.org/groups/G1027) have been known to be active since at least 2020, with disputed and false claims of critical infrastructure compromises in Israel.(Citation: CISA AA23-335A IRGC-Affiliated December 2023)

In 2023, the [CyberAv3ngers](https://attack.mitre.org/groups/G1027) engaged in a global targeting and hacking of the Unitronics [Programmable Logic Controller (PLC)](https://attack.mitre.org/assets/A0003) with [Human-Machine Interface (HMI)](https://attack.mitre.org/assets/A0002). This PLC can be found in multiple sectors, including water and wastewater, energy, food and beverage manufacturing, and healthcare. The most notable feature of this attack was the defacement of the devices user interface.(Citation: CISA AA23-335A IRGC-Affiliated December 2023)",,2024-03-25T19:57:07.829Z,2026-07-31T20:48:42.789Z,963,103,MITRE ATT&CK for ICS (STIX bundle)
G0115,intrusion-set--c77c5576-ca19-42ed-a36f-4b4486a84133,threat_group,GOLD SOUTHFIELD,"[GOLD SOUTHFIELD](https://attack.mitre.org/groups/G0115) is a financially motivated threat group active since at least 2018 that operates the [REvil](https://attack.mitre.org/software/S0496) Ransomware-as-a Service (RaaS). [GOLD SOUTHFIELD](https://attack.mitre.org/groups/G0115) provides backend infrastructure for affiliates recruited on underground forums to perpetrate high value deployments. By early 2020, [GOLD SOUTHFIELD](https://attack.mitre.org/groups/G0115) started capitalizing on the new trend of stealing data and further extorting the victim to pay for their data to not get publicly leaked.(Citation: Secureworks REvil September 2019)(Citation: Secureworks GandCrab and REvil September 2019)(Citation: Secureworks GOLD SOUTHFIELD)(Citation: CrowdStrike Evolution of Pinchy Spider July 2021)",,2020-09-22T19:41:27.845Z,2026-07-31T20:48:45.767Z,806,85,MITRE ATT&CK for ICS (STIX bundle)
G0032,intrusion-set--c93fccb1-e8e8-42cf-ae33-2ad1d183913a,threat_group,Lazarus Group,"[Lazarus Group](https://attack.mitre.org/groups/G0032) is a North Korean state-sponsored cyber threat group attributed to the Reconnaissance General Bureau (RGB). (Citation: US-CERT HIDDEN COBRA June 2017) (Citation: Treasury North Korean Cyber Groups September 2019) [Lazarus Group](https://attack.mitre.org/groups/G0032) has been active since at least 2009 and is reportedly responsible for the November 2014 destructive wiper attack on Sony Pictures Entertainment, identified by Novetta as part of Operation Blockbuster. Malware used by [Lazarus Group](https://attack.mitre.org/groups/G0032) correlates to other reported campaigns, including Operation Flame, Operation 1Mission, Operation Troy, DarkSeoul, and Ten Days of Rain.(Citation: Novetta Blockbuster)

North Korea’s cyber operations have shown a consistent pattern of adaptation, forming and reorganizing units as national priorities shift. These units frequently share personnel, infrastructure, malware, and tradecraft, making it difficult to attribute specific operations with high confidence. Public reporting often uses “Lazarus Group” as an umbrella term for multiple North Korean cyber operators conducting espionage, destructive attacks, and financially motivated campaigns.(Citation: Mandiant DPRK Laz Org Breakdown 2022)(Citation: Mandiant DPRK Groups 2023)(Citation: JPCert Blog Laz Subgroups 2025)",,2017-05-31T21:32:03.807Z,2026-07-31T20:48:46.106Z,1370,165,MITRE ATT&CK for ICS (STIX bundle)
G0102,intrusion-set--dd2d9ca6-505b-4860-a604-233685b802c7,threat_group,Wizard Spider,"[Wizard Spider](https://attack.mitre.org/groups/G0102) is a Russia-based financially motivated threat group originally known for the creation and deployment of [TrickBot](https://attack.mitre.org/software/S0266) since at least 2016. [Wizard Spider](https://attack.mitre.org/groups/G0102) possesses a diverse arsenal of tools and has conducted ransomware campaigns against a variety of organizations, ranging from major corporations to hospitals.(Citation: CrowdStrike Ryuk January 2019)(Citation: DHS/CISA Ransomware Targeting Healthcare October 2020)(Citation: CrowdStrike Wizard Spider October 2020)",,2020-05-12T18:15:29.396Z,2026-07-31T20:48:49.730Z,601,61,MITRE ATT&CK for ICS (STIX bundle)
G1001,intrusion-set--f29b7c5e-2439-42ad-a86f-9f8984fafae3,threat_group,HEXANE,"[HEXANE](https://attack.mitre.org/groups/G1001) is a cyber espionage threat group that has targeted oil & gas, telecommunications, aviation, and internet service provider organizations since at least 2017. Targeted companies have been located in the Middle East and Africa, including Israel, Saudi Arabia, Kuwait, Morocco, and Tunisia. [HEXANE](https://attack.mitre.org/groups/G1001)'s TTPs appear similar to [APT33](https://attack.mitre.org/groups/G0064) and [OilRig](https://attack.mitre.org/groups/G0049) but due to differences in victims and tools it is tracked as a separate entity.(Citation: Dragos Hexane)(Citation: Kaspersky Lyceum October 2021)(Citation: ClearSky Siamesekitten August 2021)(Citation: Accenture Lyceum Targets November 2021)",,2018-10-17T00:14:20.652Z,2026-07-31T20:48:51.374Z,749,81,MITRE ATT&CK for ICS (STIX bundle)
G0064,intrusion-set--fbd29c89-18ba-4c2d-b792-51c0adee049f,threat_group,APT33,"[APT33](https://attack.mitre.org/groups/G0064) is a suspected Iranian threat group that has carried out operations since at least 2013. The group has targeted organizations across multiple industries in the United States, Saudi Arabia, and South Korea, with a particular interest in the aviation and energy sectors.(Citation: FireEye APT33 Sept 2017)(Citation: FireEye APT33 Webinar Sept 2017)",,2018-04-18T17:59:24.739Z,2026-07-31T20:48:52.730Z,393,52,MITRE ATT&CK for ICS (STIX bundle)
S0605,malware--00e7d565-9883-4ee5-b642-8fd17fd6a3f5,malware,EKANS,"[EKANS](https://attack.mitre.org/software/S0605) is ransomware variant written in Golang that first appeared in mid-December 2019 and has been used against multiple sectors, including energy, healthcare, and automotive manufacturing, which in some cases resulted in significant operational disruptions. [EKANS](https://attack.mitre.org/software/S0605) has used a hard-coded kill-list of processes, including some associated with common ICS software platforms (e.g., GE Proficy, Honeywell HMIWeb, etc), similar to those defined in [MegaCortex](https://attack.mitre.org/software/S0576).(Citation: Dragos EKANS)(Citation: Palo Alto Unit 42 EKANS)",Windows,2021-02-12T20:07:42.883Z,2025-04-16T20:37:51.908Z,643,70,MITRE ATT&CK for ICS (STIX bundle)
S0093,malware--083bb47b-02c8-4423-81a2-f9ef58572974,malware,Backdoor.Oldrea,"[Backdoor.Oldrea](https://attack.mitre.org/software/S0093) is a modular backdoor that used by [Dragonfly](https://attack.mitre.org/groups/G0035) against energy companies since at least 2013. [Backdoor.Oldrea](https://attack.mitre.org/software/S0093) was distributed via supply chain compromise, and included specialized modules to enumerate and map ICS-specific systems, processes, and protocols.(Citation: Symantec Dragonfly)(Citation: Gigamon Berserk Bear October 2021)(Citation: Symantec Dragonfly Sept 2017)",Windows,2017-05-31T21:32:59.661Z,2025-04-16T20:37:53.808Z,511,47,MITRE ATT&CK for ICS (STIX bundle)
S0603,malware--088f1d6e-0783-47c6-9923-9c79b2af43d4,malware,Stuxnet,"[Stuxnet](https://attack.mitre.org/software/S0603) was the first publicly reported malware to specifically target industrial control systems devices. [Stuxnet](https://attack.mitre.org/software/S0603) is a large and complex malware that utilized multiple behaviors, including numerous zero-day vulnerabilities, a sophisticated Windows rootkit, and network infection routines.(Citation: Nicolas Falliere, Liam O Murchu, Eric Chien February 2011)(Citation: CISA ICS Advisory ICSA-10-272-01)(Citation: ESET Stuxnet Under the Microscope)(Citation: Langer Stuxnet) [Stuxnet](https://attack.mitre.org/software/S0603) was discovered in 2010, with some components being used as early as November 2008.(Citation: Nicolas Falliere, Liam O Murchu, Eric Chien February 2011)",Windows,2020-12-14T17:34:58.457Z,2026-04-24T02:36:25.135Z,762,81,MITRE ATT&CK for ICS (STIX bundle)
S0606,malware--2eaa5319-5e1e-4dd7-bbc4-566fced3964a,malware,Bad Rabbit,[Bad Rabbit](https://attack.mitre.org/software/S0606) is a self-propagating ransomware that affected the Ukrainian transportation sector in 2017. [Bad Rabbit](https://attack.mitre.org/software/S0606) has also targeted organizations and consumers in Russia. (Citation: Secure List Bad Rabbit)(Citation: ESET Bad Rabbit)(Citation: Dragos Apr 2019),Windows,2021-02-09T14:35:39.455Z,2025-01-02T19:45:31.402Z,345,35,MITRE ATT&CK for ICS (STIX bundle)
S1006,malware--4dcff507-5af8-47ce-964a-8d9569e9ccfe,malware,PLC-Blaster,"[PLC-Blaster](https://attack.mitre.org/software/S1006) is a piece of proof-of-concept malware that runs on Siemens S7 PLCs. This worm locates other Siemens S7 PLCs on the network and attempts to infect them.  Once this worm has infected its target and attempted to infect other devices on the network, the worm can then run one of many modules. (Citation: Spenneberg, Ralf, Maik Brggemann, and Hendrik Schwartke March 2016) (Citation: Spenneberg, Ralf 2016)",,2019-03-26T15:02:14.907Z,2026-05-12T15:12:00.733Z,457,67,MITRE ATT&CK for ICS (STIX bundle)
S0089,malware--54cc1d4f-5c53-4f0e-9ef5-11b4998e82e4,malware,BlackEnergy,"[BlackEnergy](https://attack.mitre.org/software/S0089) is a malware toolkit that has been used by both criminal and APT actors. It dates back to at least 2007 and was originally designed to create botnets for use in conducting Distributed Denial of Service (DDoS) attacks, but its use has evolved to support various plug-ins. It is well known for being used during the confrontation between Georgia and Russia in 2008, as well as in targeting Ukrainian institutions. Variants include BlackEnergy 2 and BlackEnergy 3. (Citation: F-Secure BlackEnergy 2014)",Windows,2017-05-31T21:32:57.807Z,2023-10-06T14:08:40.134Z,554,82,MITRE ATT&CK for ICS (STIX bundle)
S0368,malware--5719af9d-6b16-46f9-9b28-fb019541ddbb,malware,NotPetya,"[NotPetya](https://attack.mitre.org/software/S0368) is malware that was used by [Sandworm Team](https://attack.mitre.org/groups/G0034) in a worldwide attack starting on June 27, 2017. While [NotPetya](https://attack.mitre.org/software/S0368) appears as a form of ransomware, its main purpose was to destroy data and disk structures on compromised systems; the attackers never intended to make the encrypted data recoverable. As such, [NotPetya](https://attack.mitre.org/software/S0368) may be more appropriately thought of as a form of wiper malware. [NotPetya](https://attack.mitre.org/software/S0368) contains worm-like features to spread itself across a computer network using the SMBv1 exploits EternalBlue and EternalRomance.(Citation: Talos Nyetya June 2017)(Citation: US-CERT NotPetya 2017)(Citation: ESET Telebots June 2017)(Citation: US District Court Indictment GRU Unit 74455 October 2020)",Windows,2019-03-26T15:02:14.907Z,2025-04-16T20:38:09.202Z,900,102,MITRE ATT&CK for ICS (STIX bundle)
S0608,malware--58eddbaf-7416-419a-ad7b-e65b9d4c3b55,malware,Conficker,"[Conficker](https://attack.mitre.org/software/S0608) is a computer worm first detected in October 2008 that targeted Microsoft Windows using the MS08-067 Windows vulnerability to spread.(Citation: SANS Conficker) In 2016, a variant of [Conficker](https://attack.mitre.org/software/S0608) made its way on computers and removable disk drives belonging to a nuclear power plant.(Citation: Conficker Nuclear Power Plant)",Windows,2021-02-23T20:50:32.845Z,2025-04-16T20:38:10.239Z,416,48,MITRE ATT&CK for ICS (STIX bundle)
S0372,malware--5af7a825-2d9f-400d-931a-e00eb9e27f48,malware,LockerGoga,"[LockerGoga](https://attack.mitre.org/software/S0372) is ransomware that was first reported in January 2019, and has been tied to various attacks on European companies, including industrial and manufacturing firms.(Citation: Unit42 LockerGoga 2019)(Citation: CarbonBlack LockerGoga 2019)",Windows,2019-04-16T19:00:49.435Z,2026-05-12T15:12:00.733Z,287,31,MITRE ATT&CK for ICS (STIX bundle)
S1010,malware--6108f800-10b8-4090-944e-be579f01263d,malware,VPNFilter,"[VPNFilter](https://attack.mitre.org/software/S1010) is a multi-stage, modular platform with versatile capabilities to support both intelligence-collection and destructive cyber attack operations. [VPNFilter](https://attack.mitre.org/software/S1010) modules such as its packet sniffer ('ps') can collect traffic that passes through an infected device, allowing the theft of website credentials and monitoring of Modbus SCADA protocols. (Citation: William Largent June 2018) (Citation: Carl Hurd March 2019) [VPNFilter](https://attack.mitre.org/software/S1010) was assessed to be replaced by [Sandworm Team](https://attack.mitre.org/groups/G0034) with [Cyclops Blink](https://attack.mitre.org/software/S0687) starting in 2019.(Citation: NCSC CISA Cyclops Blink Advisory February 2022)",Network Devices|Linux,2019-03-26T15:02:14.907Z,2025-04-15T19:46:34.471Z,783,79,MITRE ATT&CK for ICS (STIX bundle)
S0038,malware--68dca94f-c11d-421e-9287-7c501108e18c,malware,Duqu,[Duqu](https://attack.mitre.org/software/S0038) is a malware platform that uses a modular approach to extend functionality after deployment within a target network. (Citation: Symantec W32.Duqu),Windows,2017-05-31T21:32:31.188Z,2025-04-16T20:38:14.352Z,194,22,MITRE ATT&CK for ICS (STIX bundle)
S1072,malware--6a0d0ea9-b2c4-43fe-a552-ac41a3009dc5,malware,Industroyer2,"[Industroyer2](https://attack.mitre.org/software/S1072) is a compiled and static piece of malware that has the ability to communicate over the IEC-104 protocol. It is similar to the IEC-104 module found in [Industroyer](https://attack.mitre.org/software/S0604). Security researchers assess that [Industroyer2](https://attack.mitre.org/software/S1072) was designed to cause impact to high-voltage electrical substations. The initial [Industroyer2](https://attack.mitre.org/software/S1072) sample was compiled on 03/23/2022 and scheduled to execute on 04/08/2022, however it was discovered before deploying, resulting in no impact.(Citation: Industroyer2 Blackhat ESET)",Field Controller/RTU/PLC/IED|Engineering Workstation,2023-03-30T19:20:45.556Z,2025-04-16T20:38:14.728Z,667,70,MITRE ATT&CK for ICS (STIX bundle)
S0366,malware--75ecdbf1-c2bb-4afc-a3f9-c8da4de8c661,malware,WannaCry,"[WannaCry](https://attack.mitre.org/software/S0366) is ransomware that was first seen in a global attack during May 2017, which affected more than 150 countries. It contains worm-like features to spread itself across a computer network using the SMBv1 exploit EternalBlue.(Citation: LogRhythm WannaCry)(Citation: US-CERT WannaCry 2017)(Citation: Washington Post WannaCry 2017)(Citation: FireEye WannaCry 2017)",Windows,2019-03-25T17:30:17.004Z,2024-12-09T02:29:13.859Z,409,48,MITRE ATT&CK for ICS (STIX bundle)
S1009,malware--80099a91-4c86-4bea-9ccb-dac55d61960e,malware,Triton,"[Triton](https://attack.mitre.org/software/S1009) is an attack framework built to interact with Triconex Safety Instrumented System (SIS) controllers.(Citation: Blake Johnson, Dan Caban, Marina Krotofil, Dan Scali, Nathan Brubaker, Christopher Glyer December 2017)(Citation: Dragos December 2017)(Citation: DHS CISA February 2019)(Citation: Schneider Electric January 2018)(Citation: Julian Gutmanis March 2019)(Citation: Schneider December 2018)(Citation: Jos Wetzels January 2018)",,2019-03-26T15:02:14.907Z,2026-05-12T15:12:00.736Z,482,51,MITRE ATT&CK for ICS (STIX bundle)
S1157,malware--931e2489-8078-4f9f-85b2-a9211950e75b,malware,Fuxnet,"[Fuxnet](https://attack.mitre.org/software/S1157) is malware designed to impact the industrial network infrastructure managing control system sensors for utility operations in Moscow. [Fuxnet](https://attack.mitre.org/software/S1157) is linked to an entity referred to as the Blackjack hacking group, which is assessed to be linked to Ukrainian intelligence services.(Citation: Claroty Fuxnet 2024)",Input/Output Server|Control Server,2024-09-11T22:47:34.585Z,2024-09-12T14:43:31.224Z,398,45,MITRE ATT&CK for ICS (STIX bundle)
S0446,malware--a020a61c-423f-4195-8c46-ba1d21abba37,malware,Ryuk,[Ryuk](https://attack.mitre.org/software/S0446) is a ransomware designed to target enterprise environments that has been used in attacks since at least 2018. [Ryuk](https://attack.mitre.org/software/S0446) shares code similarities with Hermes ransomware.(Citation: CrowdStrike Ryuk January 2019)(Citation: FireEye Ryuk and Trickbot January 2019)(Citation: FireEye FIN6 Apr 2019),Windows,2020-05-13T20:14:53.171Z,2025-04-22T22:21:23.589Z,378,40,MITRE ATT&CK for ICS (STIX bundle)
S1000,malware--a4a98eab-b691-45d9-8c48-869ef8fefd57,malware,ACAD/Medre.A,[ACAD/Medre.A](https://attack.mitre.org/software/S1000) is a worm that steals operational information. The worm collects AutoCAD files with drawings. [ACAD/Medre.A](https://attack.mitre.org/software/S1000) has the capability to be used for industrial espionage.(Citation: ESET),,2017-05-31T21:32:59.661Z,2025-04-16T21:26:25.077Z,277,26,MITRE ATT&CK for ICS (STIX bundle)
S0496,malware--ac61f1f9-7bb1-465e-9b8a-c2ce8e88baf5,malware,REvil,"[REvil](https://attack.mitre.org/software/S0496) is a ransomware family that has been linked to the [GOLD SOUTHFIELD](https://attack.mitre.org/groups/G0115) group and operated as ransomware-as-a-service (RaaS) since at least April 2019. [REvil](https://attack.mitre.org/software/S0496), which as been used against organizations in the manufacturing, transportation, and electric sectors, is highly configurable and shares code similarities with the GandCrab RaaS.(Citation: Secureworks REvil September 2019)(Citation: Intel 471 REvil March 2020)(Citation: Group IB Ransomware May 2020)",Windows,2020-08-04T15:06:14.796Z,2025-10-22T02:14:27.600Z,585,63,MITRE ATT&CK for ICS (STIX bundle)
S1165,malware--b34df04a-9d30-4d84-a03f-0d536ee19a05,malware,FrostyGoop,"[FrostyGoop](https://attack.mitre.org/software/S1165) is a Windows-based binary written in Golang that allows for interaction with industrial control system (ICS) equipment via Modbus TCP over port 502. [FrostyGoop](https://attack.mitre.org/software/S1165) allows for reading and writing data to holding registers on targeted devices, manipulating the operation of systems for malicious purposes. [FrostyGoop](https://attack.mitre.org/software/S1165) is associated with the [FrostyGoop Incident](https://attack.mitre.org/campaigns/C0041) in Ukraine.(Citation: Dragos FROSTYGOOP 2024)(Citation: Nozomi BUSTLEBERM 2024)",Control Server|Field Controller/RTU/PLC/IED,2024-11-20T23:02:16.588Z,2024-11-20T23:33:20.890Z,617,60,MITRE ATT&CK for ICS (STIX bundle)
S1045,malware--d3aa1058-b1b3-4c29-a3ba-9a9b90ccd93b,malware,INCONTROLLER,"[INCONTROLLER](https://attack.mitre.org/software/S1045) is custom malware that includes multiple modules tailored towards ICS devices and technologies, including Schneider Electric and Omron PLCs as well as OPC UA, Modbus, and CODESYS protocols. [INCONTROLLER](https://attack.mitre.org/software/S1045) has the ability to discover specific devices, download logic on the devices, and exploit platform-specific vulnerabilities. As of September 2022, some security researchers assessed [INCONTROLLER](https://attack.mitre.org/software/S1045) was developed by CHERNOVITE.(Citation: CISA-AA22-103A)(Citation: Brubaker-Incontroller)(Citation: Dragos-Pipedream)(Citation: Schneider-Incontroller)(Citation: Wylie-22)",Engineering Workstation|Field Controller/RTU/PLC/IED|Safety Instrumented System/Protection Relay|Windows,2022-09-28T20:07:40.272Z,2026-05-12T15:12:00.739Z,708,64,MITRE ATT&CK for ICS (STIX bundle)
S0607,malware--e221eb77-1502-4129-af1d-fe1ad55e7ec6,malware,KillDisk,[KillDisk](https://attack.mitre.org/software/S0607) is a disk-wiping tool designed to overwrite files with random data to render the OS unbootable. It was first observed as a component of [BlackEnergy](https://attack.mitre.org/software/S0089) malware during cyber attacks against Ukraine in 2015. [KillDisk](https://attack.mitre.org/software/S0607) has since evolved into stand-alone malware used by a variety of threat actors against additional targets in Europe and Latin America; in 2016 a ransomware component was also incorporated into some [KillDisk](https://attack.mitre.org/software/S0607) variants.(Citation: KillDisk Ransomware)(Citation: ESEST Black Energy Jan 2016)(Citation: Trend Micro KillDisk 1)(Citation: Trend Micro KillDisk 2),Linux|Windows,2021-01-20T18:05:07.059Z,2023-10-06T14:09:52.833Z,745,83,MITRE ATT&CK for ICS (STIX bundle)
S0604,malware--e401d4fe-f0c9-44f0-98e6-f93487678808,malware,Industroyer,"[Industroyer](https://attack.mitre.org/software/S0604) is a sophisticated malware framework designed to cause an impact to the working processes of Industrial Control Systems (ICS), specifically components used in electrical substations.(Citation: ESET Industroyer) [Industroyer](https://attack.mitre.org/software/S0604) was used in the attacks on the Ukrainian power grid in December 2016.(Citation: Dragos Crashoverride 2017) This is the first publicly known malware specifically designed to target and impact operations in the electric grid.(Citation: Dragos Crashoverride 2018)",Windows,2021-01-04T20:42:21.997Z,2026-05-12T15:12:00.739Z,581,66,MITRE ATT&CK for ICS (STIX bundle)
S0143,malware--ff6840c9-4c87-4d07-bbb6-9f50aa33d498,malware,Flame,"[Flame](https://attack.mitre.org/software/S0143) is a sophisticated toolkit that has been used to collect information since at least 2010, largely targeting Middle East countries. (Citation: Kaspersky Flame)",Windows,2017-05-31T21:33:21.973Z,2025-04-16T20:38:46.014Z,207,24,MITRE ATT&CK for ICS (STIX bundle)
T0881,attack-pattern--063b5b92-5361-481a-9c3f-95492ed9a2d8,technique,Service Stop,Adversaries may stop or disable services on a system to render those services unavailable to legitimate users. Stopping critical services can inhibit or stop response to an incident or aid in the adversary's overall objectives to cause damage to the environment. (Citation: Enterprise ATT&CK)  Services may not allow for modification of their data stores while running. Adversaries may stop services in order to conduct Data Destruction. (Citation: Enterprise ATT&CK),None,2020-05-21T17:43:26.506Z,2025-04-15T19:58:03.170Z,467,69,MITRE ATT&CK for ICS (STIX bundle)
T0836,attack-pattern--097924ce-a9a9-4039-8591-e0deedfb8722,technique,Modify Parameter,"Adversaries may modify parameters used to instruct industrial control system devices. These devices operate via programs that dictate how and when to perform actions based on such parameters. Such parameters can determine the extent to which an action is performed and may specify additional options. For example, a program on a control system device dictating motor processes may take a parameter defining the total number of seconds to run that motor.      

An adversary can potentially modify these parameters to produce an outcome outside of what was intended by the operators. By modifying system and process critical parameters, the adversary may cause [Impact](https://attack.mitre.org/tactics/TA0105) to equipment and/or control processes. Modified parameters may be turned into dangerous, out-of-bounds, or unexpected values from typical operations. For example, specifying that a process run for more or less time than it should, or dictating an unusually high, low, or invalid value as a parameter.",None,2020-05-21T17:43:26.506Z,2025-04-16T21:26:10.077Z,1010,148,MITRE ATT&CK for ICS (STIX bundle)
T0821,attack-pattern--09a61657-46e1-439e-b3ed-3e4556a78243,technique,Modify Controller Tasking,"Adversaries may modify the tasking of a controller to allow for the execution of their own programs. This can allow an adversary to manipulate the execution flow and behavior of a controller. 

According to 61131-3, the association of a Task with a Program Organization Unit (POU) defines a task association. (Citation: IEC February 2013) An adversary may modify these associations or create new ones to manipulate the execution flow of a controller. Modification of controller tasking can be accomplished using a Program Download in addition to other types of program modification such as online edit and program append.

Tasks have properties, such as interval, frequency and priority to meet the requirements of program execution. Some controller vendors implement tasks with implicit, pre-defined properties whereas others allow for these properties to be formulated explicitly. An adversary may associate their program with tasks that have a higher priority or execute associated programs more frequently. For instance, to ensure cyclic execution of their program on a Siemens controller, an adversary may add their program to the task, Organization Block 1 (OB1).",None,2021-04-13T11:15:26.506Z,2025-04-16T21:26:10.230Z,1169,178,MITRE ATT&CK for ICS (STIX bundle)
T0887,attack-pattern--0fe075d5-beac-4d02-b93e-0f874997db72,technique,Wireless Sniffing,"Adversaries may seek to capture radio frequency (RF) communication used for remote control and reporting in distributed environments. RF communication frequencies vary between 3 kHz to 300 GHz, although are commonly between 300 MHz to 6 GHz. (Citation: Candell, R., Hany, M., Lee, K. B., Liu,Y., Quimby, J., Remley, K. April 2018)  The wavelength and frequency of the signal affect how the signal propagates through open air, obstacles (e.g. walls and trees) and the type of radio required to capture them. These characteristics are often standardized in the protocol and hardware and may have an effect on how the signal is captured. Some examples of wireless protocols that may be found in cyber-physical environments are: WirelessHART, Zigbee, WIA-FA, and 700 MHz Public Safety Spectrum. 

Adversaries may capture RF communications by using specialized hardware, such as software defined radio (SDR), handheld radio, or a computer with radio demodulator tuned to the communication frequency. (Citation: Bastille April 2017) Information transmitted over a wireless medium may be captured in-transit whether the sniffing device is the intended destination or not. This technique may be particularly useful to an adversary when the communications are not encrypted. (Citation: Gallagher, S. April 2017) 

In the 2017 Dallas Siren incident, it is suspected that adversaries likely captured wireless command message broadcasts on a 700 MHz frequency during a regular test of the system. These messages were later replayed to trigger the alarm systems. (Citation: Gallagher, S. April 2017)",None,2020-05-21T17:43:26.506Z,2025-04-16T21:26:10.392Z,1586,240,MITRE ATT&CK for ICS (STIX bundle)
T0829,attack-pattern--138979ba-0430-4de6-a128-2fc0b056ba36,technique,Loss of View,"Adversaries may cause a sustained or permanent loss of view where the ICS equipment will require local, hands-on operator intervention; for instance, a restart or manual operation. By causing a sustained reporting or visibility loss, the adversary can effectively hide the present state of operations. This loss of view can occur without affecting the physical processes themselves. (Citation: Corero) (Citation: Michael J. Assante and Robert M. Lee) (Citation: Tyson Macaulay)",None,2020-05-21T17:43:26.506Z,2026-05-12T15:12:00.621Z,477,70,MITRE ATT&CK for ICS (STIX bundle)
T1691.001,attack-pattern--15ca2a99-2d3e-457f-b1d7-c52a1d5849c9,technique,Command Message,"Adversaries may block a command message from reaching its intended target to prevent command execution. In OT networks, command messages are sent to provide instructions to control system devices. A blocked command message can inhibit response functions from correcting a disruption or unsafe condition.(Citation: Bonnie Zhu, Anthony Joseph, Shankar Sastry 2011)(Citation: Electricity Information Sharing and Analysis Center; SANS Industrial Control Systems March 2016)",,2026-04-20T20:54:16.029Z,2026-05-12T15:12:00.621Z,469,63,MITRE ATT&CK for ICS (STIX bundle)
T0800,attack-pattern--19a71d1e-6334-4233-8260-b749cae37953,technique,Activate Firmware Update Mode,"Adversaries may activate firmware update mode on devices to prevent expected response functions from engaging in reaction to an emergency or process malfunction. For example, devices such as protection relays may have an operation mode designed for firmware installation. This mode may halt process monitoring and related functions to allow new firmware to be loaded. A device left in update mode may be placed in an inactive holding state if no firmware is provided to it. By entering and leaving a device in this mode, the adversary may deny its usual functionalities.",None,2020-05-21T17:43:26.506Z,2026-05-12T15:12:00.622Z,570,92,MITRE ATT&CK for ICS (STIX bundle)
T0831,attack-pattern--1af9e3fd-2bcc-414d-adbd-fe3b95c02ca1,technique,Manipulation of Control,"Adversaries may manipulate physical process control within the industrial environment. Methods of manipulating control can include changes to set point values, tags, or other parameters. Adversaries may manipulate control systems devices or possibly leverage their own, to communicate with and command physical control processes. The duration of manipulation may be temporary or longer sustained, depending on operator detection.   

Methods of Manipulation of Control include: 

* Man-in-the-middle  
* Spoof command message 
* Changing setpoints  

A Polish student used a remote controller device to interface with the Lodz city tram system in Poland. (Citation: John Bill May 2017) (Citation: Shelley Smith February 2008) (Citation: Bruce Schneier January 2008) Using this remote, the student was able to capture and replay legitimate tram signals. As a consequence, four trams were derailed and twelve people injured due to resulting emergency stops. (Citation: Shelley Smith February 2008) The track controlling commands issued may have also resulted in tram collisions, a further risk to those on board and nearby the areas of impact. (Citation: Bruce Schneier January 2008)",None,2020-05-21T17:43:26.506Z,2025-04-16T21:26:10.752Z,1181,171,MITRE ATT&CK for ICS (STIX bundle)
T0814,attack-pattern--1b22b676-9347-4c55-9a35-ef0dc653db5b,technique,Denial of Service,"Adversaries may perform Denial-of-Service (DoS) attacks to disrupt expected device functionality. Examples of DoS attacks include overwhelming the target device with a high volume of requests in a short time period and sending the target device a request it does not know how to handle. Disrupting device state may temporarily render it unresponsive, possibly lasting until a reboot can occur. When placed in this state, devices may be unable to send and receive requests, and may not perform expected response functions in reaction to other events in the environment. 

Some ICS devices are particularly sensitive to DoS events, and may become unresponsive in reaction to even a simple ping sweep. Adversaries may also attempt to execute a Permanent Denial-of-Service (PDoS) against certain devices, such as in the case of the BrickerBot malware. (Citation: ICS-CERT April 2017) 

Adversaries may exploit a software vulnerability to cause a denial of service by taking advantage of a programming error in a program, service, or within the operating system software or kernel itself to execute adversary-controlled code. Vulnerabilities may exist in software that can be used to cause a denial of service condition. 

Adversaries may have prior knowledge about industrial protocols or control devices used in the environment through [Remote System Information Discovery](https://attack.mitre.org/techniques/T0888). There are examples of adversaries remotely causing a [Device Restart/Shutdown](https://attack.mitre.org/techniques/T0816) by exploiting a vulnerability that induces uncontrolled resource consumption. (Citation: ICS-CERT August 2018) (Citation: Common Weakness Enumeration January 2019) (Citation: MITRE March 2018)",None,2020-05-21T17:43:26.506Z,2025-04-15T19:58:10.656Z,1729,241,MITRE ATT&CK for ICS (STIX bundle)
T0894,attack-pattern--1c5cf58c-a34a-40d7-82f4-f987cdfc2b91,technique,System Binary Proxy Execution,"Adversaries may bypass process and/or signature-based defenses by proxying execution of malicious content with signed, or otherwise trusted, binaries. Binaries used in this technique are often Microsoft-signed files, indicating that they have been either downloaded from Microsoft or are already native in the operating system. (Citation: LOLBAS Project) Binaries signed with trusted digital certificates can typically execute on Windows systems protected by digital signature validation. Several Microsoft signed binaries that are default on Windows installations can be used to proxy execution of other files or commands. Similarly, on Linux systems adversaries may abuse trusted binaries such as split to proxy execution of malicious commands. (Citation: split man page)(Citation: GTFO split)

Adversaries may abuse application binaries installed on a system for proxy execution of malicious code or domain-specific commands. These commands could be used to target local resources on the device or networked devices within the environment through defined APIs ([Execution through API](https://attack.mitre.org/techniques/T0871)) or application-specific programming languages (e.g., MicroSCADA SCIL). Application binaries may be signed by the developer or generally trusted by the operators, analysts, and monitoring tools accustomed to the environment. These applications may be developed and/or directly provided by the device vendor to enable configuration, management, and operation of their devices without many alternatives. 

Adversaries may seek to target these trusted application binaries to execute or send commands without the development of custom malware. For example, adversaries may target a SCADA server binary which has the existing ability to send commands to substation devices, such as through IEC 104 command messages. Proxy execution may still require the development of custom tools to hook into the application binary’s execution.",None,2024-03-25T20:16:15.016Z,2025-04-15T19:58:11.559Z,1957,269,MITRE ATT&CK for ICS (STIX bundle)
T0807,attack-pattern--24a9253e-8948-4c98-b751-8e2aee53127c,technique,Command-Line Interface,"Adversaries may utilize command-line interfaces (CLIs) to interact with systems and execute commands. CLIs provide a means of interacting with computer systems and are a common feature across many types of platforms and devices within control systems environments. (Citation: Enterprise ATT&CK January 2018) Adversaries may also use CLIs to install and run new software, including malicious tools that may be installed over the course of an operation.

CLIs are typically accessed locally, but can also be exposed via services, such as SSH, Telnet, and RDP.  Commands that are executed in the CLI execute with the current permissions level of the process running the terminal emulator, unless the command specifies a change in permissions context. Many controllers have CLI interfaces for management purposes.",None,2020-05-21T17:43:26.506Z,2026-05-12T15:12:00.623Z,809,122,MITRE ATT&CK for ICS (STIX bundle)
T0861,attack-pattern--25852363-5968-4673-b81d-341d5ed90bd1,technique,Point & Tag Identification,"Adversaries may collect point and tag values to gain a more comprehensive understanding of the process environment. Points may be values such as inputs, memory locations, outputs or other process specific variables. (Citation: Dennis L. Sloatman September 2016) Tags are the identifiers given to points for operator convenience. 

Collecting such tags provides valuable context to environmental points and enables an adversary to map inputs, outputs, and other values to their control processes. Understanding the points being collected may inform an adversary on which processes and values to keep track of over the course of an operation.",None,2020-05-21T17:43:26.506Z,2025-04-16T21:26:11.231Z,640,96,MITRE ATT&CK for ICS (STIX bundle)
T0816,attack-pattern--25dfc8ad-bd73-4dfd-84a9-3c3d383f76e9,technique,Device Restart/Shutdown,"Adversaries may forcibly restart or shutdown a device in an ICS environment to disrupt and potentially negatively impact physical processes. Methods of device restart and shutdown exist in some devices as built-in, standard functionalities. These functionalities can be executed using interactive device web interfaces, CLIs, and network protocol commands.

Unexpected restart or shutdown of control system devices may prevent expected response functions happening during critical states.

A device restart can also be a sign of malicious device modifications, as many updates require a shutdown in order to take effect.",None,2020-05-21T17:43:26.506Z,2026-05-12T15:12:00.623Z,620,89,MITRE ATT&CK for ICS (STIX bundle)
T0863,attack-pattern--2736b752-4ec5-4421-a230-8977dea7649c,technique,User Execution,"Adversaries may rely on a targeted organizations user interaction for the execution of malicious code. User interaction may consist of installing applications, opening email attachments, or granting higher permissions to documents. 

Adversaries may embed malicious code or visual basic code into files such as Microsoft Word and Excel documents or software installers. (Citation: Booz Allen Hamilton) Execution of this code requires that the user enable scripting or write access within the document. Embedded code may not always be noticeable to the user especially in cases of trojanized software. (Citation: Daavid Hentunen, Antti Tikkanen June 2014) 

A Chinese spearphishing campaign running from December 9, 2011 through February 29, 2012 delivered malware through spearphishing attachments which required user action to achieve execution. (Citation: CISA AA21-201A Pipeline Intrusion July 2021)",None,2020-05-21T17:43:26.506Z,2025-04-15T19:58:15.054Z,902,127,MITRE ATT&CK for ICS (STIX bundle)
T0860,attack-pattern--2877063e-1851-48d2-bcc6-bc1d2733157e,technique,Wireless Compromise,"Adversaries may perform wireless compromise as a method of gaining communications and unauthorized access to a wireless network. Access to a wireless network may be gained through the compromise of a wireless device. (Citation: Alexander Bolshev, Gleb Cherbov July 2014) (Citation: Alexander Bolshev March 2014) Adversaries may also utilize radios and other wireless communication devices on the same frequency as the wireless network. Wireless compromise can be done as an initial access vector from a remote distance. 

A Polish student used a modified TV remote controller to gain access to and control over the Lodz city tram system in Poland. (Citation: John Bill May 2017) (Citation: Shelley Smith February 2008) The remote controller device allowed the student to interface with the trams network to modify track settings and override operator control. The adversary may have accomplished this by aligning the controller to the frequency and amplitude of IR control protocol signals. (Citation: Bruce Schneier January 2008) The controller then enabled initial access to the network, allowing the capture and replay of tram signals. (Citation: John Bill May 2017)",None,2020-05-21T17:43:26.506Z,2025-04-15T19:58:15.610Z,1169,178,MITRE ATT&CK for ICS (STIX bundle)
T0858,attack-pattern--2883c520-7957-46ca-89bd-dab1ad53b601,technique,Change Operating Mode,"Adversaries may change the operating mode of a controller to gain additional access to engineering functions such as Program Download.   Programmable controllers typically have several modes of operation that control the state of the user program and control access to the controllers API. Operating modes can be physically selected using a key switch on the face of the controller but may also be selected with calls to the controllers API. Operating modes and the mechanisms by which they are selected often vary by vendor and product line. Some commonly implemented operating modes are described below:  

* Program - This mode must be enabled before changes can be made to a devices program. This allows program uploads and downloads between the device and an engineering workstation. Often the PLCs logic Is halted, and all outputs may be forced off. (Citation: N.A. October 2017)  
* Run - Execution of the devices program occurs in this mode. Input and output (values, points, tags, elements, etc.) are monitored and used according to the programs logic. [Program Upload](https://attack.mitre.org/techniques/T0845) and [Program Download](https://attack.mitre.org/techniques/T0843) are disabled while in this mode. (Citation: Omron) (Citation: Machine Information Systems 2007)  (Citation: N.A. October 2017) (Citation: PLCgurus 2021)   
* Remote - Allows for remote changes to a PLCs operation mode. (Citation: PLCgurus 2021)    
* Stop - The PLC and program is stopped, while in this mode, outputs are forced off. (Citation: Machine Information Systems 2007)   
* Reset - Conditions on the PLC are reset to their original states. Warm resets may retain some memory while cold resets will reset all I/O and data registers. (Citation: Machine Information Systems 2007)   
* Test / Monitor mode - Similar to run mode, I/O is processed, although this mode allows for monitoring, force set, resets, and more generally tuning or debugging of the system. Often monitor mode may be used as a trial for initialization. (Citation: Omron)",None,2020-05-21T17:43:26.506Z,2026-05-12T15:12:00.623Z,2035,311,MITRE ATT&CK for ICS (STIX bundle)
T0878,attack-pattern--2900bbd8-308a-4274-b074-5b8bde8347bc,technique,Alarm Suppression,"Adversaries may target protection function alarms to prevent them from notifying operators of critical conditions. Alarm messages may be a part of an overall reporting system and of particular interest for adversaries. Disruption of the alarm system does not imply the disruption of the reporting system as a whole.

A Secura presentation on targeting OT notes a dual fold goal for adversaries attempting alarm suppression: prevent outgoing alarms from being raised and prevent incoming alarms from being responded to. (Citation: Jos Wetzels, Marina Krotofil 2019) The method of suppression may greatly depend on the type of alarm in question:  

* An alarm raised by a protocol message 
* An alarm signaled with I/O 
* An alarm bit set in a flag (and read) 

In ICS environments, the adversary may have to suppress or contend with multiple alarms and/or alarm propagation to achieve a specific goal to evade detection or prevent intended responses from occurring. (Citation: Jos Wetzels, Marina Krotofil 2019)  Methods of suppression may involve tampering or altering device displays and logs, modifying in memory code to fixed values, or even tampering with assembly level instruction code.",None,2020-05-21T17:43:26.506Z,2025-04-16T21:26:11.789Z,1192,187,MITRE ATT&CK for ICS (STIX bundle)
T0868,attack-pattern--2aa406ed-81c3-4c1d-ba83-cfbee5a2847a,technique,Detect Operating Mode,"Adversaries may gather information about a PLCs or controllers current operating mode. Operating modes dictate what change or maintenance functions can be manipulated and are often controlled by a key switch on the PLC (e.g.,  run, prog [program], and remote). Knowledge of these states may be valuable to an adversary to determine if they are able to reprogram the PLC. Operating modes and the mechanisms by which they are selected often vary by vendor and product line. Some commonly implemented operating modes are described below:  

* Program - This mode must be enabled before changes can be made to a devices program. This allows program uploads and downloads between the device and an engineering workstation. Often the PLCs logic Is halted, and all outputs may be forced off. (Citation: N.A. October 2017)  
* Run - Execution of the devices program occurs in this mode. Input and output (values, points, tags, elements, etc.) are monitored and used according to the programs logic.[Program Upload](https://attack.mitre.org/techniques/T0845) and [Program Download](https://attack.mitre.org/techniques/T0843) are disabled while in this mode. (Citation: Omron) (Citation: Machine Information Systems 2007)  (Citation: N.A. October 2017) (Citation: PLCgurus 2021)   
* Remote - Allows for remote changes to a PLCs operation mode. (Citation: PLCgurus 2021)    
* Stop - The PLC and program is stopped, while in this mode, outputs are forced off. (Citation: Machine Information Systems 2007)   
* Reset - Conditions on the PLC are reset to their original states. Warm resets may retain some memory while cold resets will reset all I/O and data registers. (Citation: Machine Information Systems 2007)   
* Test / Monitor mode - Similar to run mode, I/O is processed, although this mode allows for monitoring, force set, resets, and more generally tuning or debugging of the system. Often monitor mode may be used as a trial for initialization. (Citation: Omron)",None,2020-05-21T17:43:26.506Z,2025-04-16T21:26:11.972Z,1963,300,MITRE ATT&CK for ICS (STIX bundle)
T0837,attack-pattern--2bb4d762-bf4a-4bc3-9318-15cc6a354163,technique,Loss of Protection,"Adversaries may compromise protective system functions designed to prevent the effects of faults and abnormal conditions. This can result in equipment damage, prolonged process disruptions and hazards to personnel. 

Many faults and abnormal conditions in process control happen too quickly for a human operator to react to. Speed is critical in correcting these conditions to limit serious impacts such as Loss of Control and Property Damage. 

Adversaries may target and disable protective system functions as a prerequisite to subsequent attack execution or to allow for future faults and abnormal conditions to go unchecked. Detection of a Loss of Protection by operators can result in the shutdown of a process due to strict policies regarding protection systems. This can cause a Loss of Productivity and Revenue and may meet the technical goals of adversaries seeking to cause process disruptions.",None,2021-04-12T07:57:26.506Z,2025-04-16T21:26:12.172Z,904,138,MITRE ATT&CK for ICS (STIX bundle)
T0801,attack-pattern--2d0d40ad-22fa-4cc8-b264-072557e1364b,technique,Monitor Process State,"Adversaries may gather information about the physical process state. This information may be used to gain more information about the process itself or used as a trigger for malicious actions. The sources of process state information may vary such as, OPC tags, historian data, specific PLC block information, or network traffic.",None,2020-05-21T17:43:26.506Z,2025-04-25T15:16:45.982Z,328,51,MITRE ATT&CK for ICS (STIX bundle)
T0853,attack-pattern--2dc2b567-8821-49f9-9045-8740f3d0b958,technique,Scripting,"Adversaries may use scripting languages to execute arbitrary code in the form of a pre-written script or in the form of user-supplied code to an interpreter. Scripting languages are programming languages that differ from compiled languages, in that scripting languages use an interpreter, instead of a compiler. These interpreters read and compile part of the source code just before it is executed, as opposed to compilers, which compile each and every line of code to an executable file. Scripting allows software developers to run their code on any system where the interpreter exists. This way, they can distribute one package, instead of precompiling executables for many different systems. Scripting languages, such as Python, have their interpreters shipped as a default with many Linux distributions. 

In addition to being a useful tool for developers and administrators, scripting language interpreters may be abused by the adversary to execute code in the target environment. Due to the nature of scripting languages, this allows for weaponized code to be deployed to a target easily, and leaves open the possibility of on-the-fly scripting to perform a task.",None,2020-05-21T17:43:26.506Z,2025-04-16T21:26:12.511Z,1170,182,MITRE ATT&CK for ICS (STIX bundle)
T0888,attack-pattern--2fedbe69-581f-447d-8a78-32ee7db939a9,technique,Remote System Information Discovery,"An adversary may attempt to get detailed information about remote systems and their peripherals, such as make/model, role, and configuration. Adversaries may use information from Remote System Information Discovery to aid in targeting and shaping follow-on behaviors. For example, the system's operational role and model information can dictate whether it is a relevant target for the adversary's operational objectives. In addition, the system's configuration may be used to scope subsequent technique usage. 

Requests for system information are typically implemented using automation and management protocols and are often automatically requested by vendor software during normal operation. This information may be used to tailor management actions, such as program download and system or module firmware. An adversary may leverage this same information by issuing calls directly to the system's API.",None,2021-04-13T12:45:26.506Z,2026-05-12T15:12:00.624Z,903,128,MITRE ATT&CK for ICS (STIX bundle)
T0845,attack-pattern--3067b85e-271e-4bc5-81ad-ab1a81d411e3,technique,Program Upload,"Adversaries may attempt to upload a program from a PLC to gather information about an industrial process. Uploading a program may allow them to acquire and study the underlying logic. Methods of program upload include vendor software, which enables the user to upload and read a program running on a PLC. This software can be used to upload the target program to a workstation, jump box, or an interfacing device.",None,2020-05-21T17:43:26.506Z,2025-04-25T15:16:46.293Z,413,70,MITRE ATT&CK for ICS (STIX bundle)
T0819,attack-pattern--32632a95-6856-47b9-9ab7-fea5cd7dce00,technique,Exploit Public-Facing Application,"Adversaries may leverage weaknesses to exploit internet-facing software for initial access into an industrial network. Internet-facing software may be user applications, underlying networking implementations, an assets operating system, weak defenses, etc. Targets of this technique may be intentionally exposed for the purpose of remote management and visibility.

An adversary may seek to target public-facing applications as they may provide direct access into an ICS environment or the ability to move into the ICS network. Publicly exposed applications may be found through online tools that scan the internet for open ports and services. Version numbers for the exposed application may provide adversaries an ability to target specific known vulnerabilities. Exposed control protocol or remote access ports found in Commonly Used Port may be of interest by adversaries.",None,2020-05-21T17:43:26.506Z,2025-04-16T21:26:13.044Z,875,126,MITRE ATT&CK for ICS (STIX bundle)
T1691,attack-pattern--338f4364-2269-4f70-9079-b20384b16628,technique,Block Operational Technology Message,"Adversaries may block messages between systems and devices in an OT/ICS environment to disrupt processes. Messages typically fall into two categories: (1) reporting messages that contain telemetry data about the current state of systems, devices, and processes and (2) command messages that contain instructions to control systems, devices, and processes. Both types of messages are critical for the proper functioning of industrial control processes and failure of the messages to reach their intended destinations could inhibit response functions or create an unsafe condition that could have physical impacts.(Citation: Bonnie Zhu, Anthony Joseph, Shankar Sastry 2011)(Citation: Electricity Information Sharing and Analysis Center; SANS Industrial Control Systems March 2016)

Adversaries may block communications by either making modifications to software ([System Firmware](https://attack.mitre.org/techniques/T0857), [Module Firmware](https://attack.mitre.org/techniques/T0839), [Hooking](https://attack.mitre.org/techniques/T0874), and [Rootkit](https://attack.mitre.org/techniques/T0851)) and services ([Service Stop](https://attack.mitre.org/techniques/T0881), [Denial of Service](https://attack.mitre.org/techniques/T0814)) on systems and devices or by positioning themselves between systems and devices and intercepting and blocking the communications such as the case with an [Adversary-in-the-Middle](https://attack.mitre.org/techniques/T0830) attack.",,2026-04-20T20:50:34.107Z,2026-05-12T15:12:00.624Z,1464,157,MITRE ATT&CK for ICS (STIX bundle)
T0811,attack-pattern--3405891b-16aa-4bd7-bd7c-733501f9b20f,technique,Data from Information Repositories,"Adversaries may target and collect data from information repositories. This can include sensitive data such as specifications, schematics, or diagrams of control system layouts, devices, and processes. Examples of information repositories include reference databases in the process environment, as well as databases in the corporate network that might contain information about the ICS.(Citation: Cybersecurity & Infrastructure Security Agency March 2018)

Information collected from these systems may provide the adversary with a better understanding of the operational environment, vendors used, processes, or procedures of the ICS.

In a campaign between 2011 and 2013 against ONG organizations, Chinese state-sponsored actors searched document repositories for specific information such as, system manuals, remote terminal unit (RTU) sites, personnel lists, documents that included the string SCAD*, user credentials, and remote dial-up access information. (Citation: CISA AA21-201A Pipeline Intrusion July 2021)",None,2020-05-21T17:43:26.506Z,2025-04-16T21:26:13.205Z,1016,135,MITRE ATT&CK for ICS (STIX bundle)
T0864,attack-pattern--35392fb4-a31d-4c6a-b9f2-1c65b7f5e6b9,technique,Transient Cyber Asset,"Adversaries may target devices that are transient across ICS networks and external networks. Normally, transient assets are brought into an environment by authorized personnel and do not remain in that environment on a permanent basis. (Citation: North American Electric Reliability Corporation June 2021) Transient assets are commonly needed to support management functions and may be more common in systems where a remotely managed asset is not feasible, external connections for remote access do not exist, or 3rd party contractor/vendor access is required. 

Adversaries may take advantage of transient assets in different ways. For instance, adversaries may target a transient asset when it is connected to an external network and then leverage its trusted access in another environment to launch an attack. They may also take advantage of installed applications and libraries that are used by legitimate end-users to interact with control system devices. 

Transient assets, in some cases, may not be deployed with a secure configuration leading to weaknesses that could allow an adversary to propagate malicious executable code, e.g., the transient asset may be infected by malware and when connected to an ICS environment the malware propagates onto other systems.",None,2021-10-14T15:25:32.143Z,2025-04-15T19:58:21.226Z,1272,191,MITRE ATT&CK for ICS (STIX bundle)
T0873.001,attack-pattern--354ca909-b54d-4c41-b597-9c296b344a43,technique,Siemens Project File Format,"Adversaries may infect Siemens PLC project files (i.e., Step 7, WinCC, etc.) to achieve [Execution](https://attack.mitre.org/tactics/TA0104), [Persistence](https://attack.mitre.org/tactics/TA0110), and [Lateral Movement](https://attack.mitre.org/tactics/TA0109) objectives. Adversaries may modify an existing project file or bring their own project files into the environment.(Citation: Nicolas Falliere, Liam O Murchu, Eric Chien February 2011)

The ability for an adversary to deploy an infected project file relies on access to a workstation with Siemens PLC programming software installed on it from which a program download can be performed.",,2026-04-20T20:54:20.103Z,2026-05-12T15:12:00.625Z,646,78,MITRE ATT&CK for ICS (STIX bundle)
T0835,attack-pattern--36e9f5bc-ac13-4da4-a2f4-01f4877d9004,technique,Manipulate I/O Image,"Adversaries may manipulate the I/O image of PLCs through various means to prevent them from functioning as expected. Methods of I/O image manipulation may include overriding the I/O table via direct memory manipulation or using the override function used for testing PLC programs. (Citation: Dr. Kelvin T. Erickson December 2010) During the scan cycle, a PLC reads the status of all inputs and stores them in an image table. (Citation: Nanjundaiah, Vaidyanath) The image table is the PLCs internal storage location where values of inputs/outputs for one scan are stored while it executes the user program. After the PLC has solved the entire logic program, it updates the output image table. The contents of this output image table are written to the corresponding output points in I/O Modules. 

One of the unique characteristics of PLCs is their ability to override the status of a physical discrete input or to override the logic driving a physical output coil and force the output to a desired status.",None,2020-05-21T17:43:26.506Z,2025-04-15T19:58:22.225Z,1005,165,MITRE ATT&CK for ICS (STIX bundle)
T0842,attack-pattern--38213338-1aab-479d-949b-c81b66ccca5c,technique,Network Sniffing,"Network sniffing is the practice of using a network interface on a computer system to monitor or capture information (Citation: Enterprise ATT&CK January 2018) regardless of whether it is the specified destination for the information. 

An adversary may attempt to sniff the traffic to gain information about the target. This information can vary in the level of importance. Relatively unimportant information is general communications to and from machines.  Relatively important information would be login information. User credentials may be sent over an unencrypted protocol, such as Telnet, that can be captured and obtained through network packet analysis. 

In addition, ARP and Domain Name Service (DNS) poisoning can be used to capture credentials to websites, proxies, and internal systems by redirecting traffic to an adversary.",None,2020-05-21T17:43:26.506Z,2025-04-16T21:26:13.380Z,838,124,MITRE ATT&CK for ICS (STIX bundle)
T0851,attack-pattern--3b6b9246-43f8-4c69-ad7a-2b11cfe0a0d9,technique,Rootkit,"Adversaries may deploy rootkits to hide the presence of programs, files, network connections, services, drivers, and other system components. Rootkits are programs that hide the existence of malware by intercepting and modifying operating-system API calls that supply system information. Rootkits or rootkit-enabling functionality may reside at the user or kernel level in the operating system, or lower. (Citation: Enterprise ATT&CK January 2018)   

Firmware rootkits that affect the operating system yield nearly full control of the system. While firmware rootkits are normally developed for the main processing board, they can also be developed for the I/O that is attached to an asset. Compromise of this firmware allows the modification of all of the process variables and functions the module engages in. This may result in commands being disregarded and false information being fed to the main device. By tampering with device processes, an adversary may inhibit its expected response functions and possibly enable [Impact](https://attack.mitre.org/tactics/TA0105).",None,2020-05-21T17:43:26.506Z,2025-04-16T21:26:13.542Z,1073,153,MITRE ATT&CK for ICS (STIX bundle)
T0802,attack-pattern--3de230d4-3e42-4041-b089-17e1128feded,technique,Automated Collection,"Adversaries may automate collection of industrial environment information using tools or scripts. This automated collection may leverage native control protocols and tools available in the control systems environment. For example, the OPC protocol may be used to enumerate and gather information. Access to a system or interface with these native protocols may allow collection and enumeration of other attached, communicating servers and devices.",None,2020-05-21T17:43:26.506Z,2025-04-15T19:58:24.843Z,447,63,MITRE ATT&CK for ICS (STIX bundle)
T1694,attack-pattern--3e9b182e-e493-49e1-9a9b-bd0dfcd34a7c,technique,Insecure Credentials,"Adversaries may target insecure credentials as a means to persist on a system or device or move laterally from one system or device to another. Insecure credentials may appear as default credentials which are pre-configured credentials on a system, device, or software that are well-known in documentation or hard-coded credentials which are built into the system, device, or software that cannot be changed or not easily changed because of the impact on control processes.(Citation: NIST SP 800-82r3)(Citation: ICS-ALERT-13-164-01)(Citation: OT IceFall)
 Adversaries often times use insecure credentials to evade detection as they are typically forgotten about by system and device owners.",,2026-04-20T20:50:35.222Z,2026-05-12T15:12:00.628Z,690,100,MITRE ATT&CK for ICS (STIX bundle)
T1692.001,attack-pattern--4344d1b8-968b-4697-9ab9-f9abe5f52265,technique,Command Message,"Adversaries may send unauthorized command messages to instruct control system assets to perform actions outside of their intended functionality, or without the logical preconditions to trigger their expected function. Command messages are used in ICS networks to give direct instructions to control systems devices. If an adversary can send an unauthorized command message to a control system, then it can instruct the control systems device to perform an action outside the normal bounds of the device's actions. An adversary could potentially instruct a control systems device to perform an action that will cause an [Impact](https://attack.mitre.org/tactics/TA0105).(Citation: Bonnie Zhu, Anthony Joseph, Shankar Sastry 2011)

In the Dallas Siren incident, adversaries were able to send command messages to activate tornado alarm systems across the city without an impending tornado or other disaster.(Citation: Zack Whittaker April 2017)(Citation: Benjamin Freed March 2019)",,2026-04-20T20:54:17.053Z,2026-05-12T15:12:00.629Z,978,137,MITRE ATT&CK for ICS (STIX bundle)
T0809,attack-pattern--493832d9-cea6-4b63-abe7-9a65a6473675,technique,Data Destruction,"Adversaries may perform data destruction over the course of an operation. The adversary may drop or create malware, tools, or other non-native files on a target system to accomplish this, potentially leaving behind traces of malicious activities. Such non-native files and other data may be removed over the course of an intrusion to maintain a small footprint or as a standard part of the post-intrusion cleanup process. (Citation: Enterprise ATT&CK January 2018)

Data destruction may also be used to render operator interfaces unable to respond and to disrupt response functions from occurring as expected. An adversary may also destroy data backups that are vital to recovery after an incident.

Standard file deletion commands are available on most operating system and device interfaces to perform cleanup, but adversaries may use other tools as well. Two examples are Windows Sysinternals SDelete and Active@ Killdisk.",None,2020-05-21T17:43:26.506Z,2026-05-12T15:12:00.630Z,925,142,MITRE ATT&CK for ICS (STIX bundle)
T0832,attack-pattern--4c2e1408-9d68-4187-8e6b-a77bc52700ec,technique,Manipulation of View,"Adversaries may attempt to manipulate the information reported back to operators or controllers. This manipulation may be short term or sustained. During this time the process itself could be in a much different state than what is reported. (Citation: Corero) (Citation: Michael J. Assante and Robert M. Lee) (Citation: Tyson Macaulay) 

Operators may be fooled into doing something that is harmful to the system in a loss of view situation. With a manipulated view into the systems, operators may issue inappropriate control sequences that introduce faults or catastrophic failures into the system. Business analysis systems can also be provided with inaccurate data leading to bad management decisions.",None,2020-05-21T17:43:26.506Z,2025-04-15T19:58:29.210Z,704,107,MITRE ATT&CK for ICS (STIX bundle)
T1692.002,attack-pattern--527106b3-95a2-4ed2-bf89-db7f0e4d0da0,technique,Reporting Message,"Adversaries may spoof reporting messages in control system environments for evasion and to impair process control. In control systems, reporting messages contain telemetry data (e.g., I/O values) pertaining to the current state of equipment and the industrial process. Reporting messages are important for monitoring the normal operation of a system or identifying important events such as deviations from expected values.

If an adversary has the ability to Spoof Reporting Messages, they can impact the control system in many ways. The adversary can Spoof Reporting Messages that state that the process is operating normally, as a form of evasion. The adversary could also Spoof Reporting Messages to make the defenders and operators think that other errors are occurring in order to distract them from the actual source of a problem.(Citation: Bonnie Zhu, Anthony Joseph, Shankar Sastry 2011)",,2026-04-20T20:54:17.539Z,2026-05-12T15:12:00.633Z,895,136,MITRE ATT&CK for ICS (STIX bundle)
T0872,attack-pattern--53a26eee-1080-4d17-9762-2027d5a1b805,technique,Indicator Removal on Host,"Adversaries may attempt to remove indicators of their presence on a system in an effort to cover their tracks. In cases where an adversary may feel detection is imminent, they may try to overwrite, delete, or cover up changes they have made to the device.",None,2020-05-21T17:43:26.506Z,2025-04-25T15:16:47.841Z,255,45,MITRE ATT&CK for ICS (STIX bundle)
T0877,attack-pattern--53a48c74-0025-45f4-b04a-baa853df8204,technique,I/O Image,"Adversaries may seek to capture process values related to the inputs and outputs of a PLC. During the scan cycle, a PLC reads the status of all inputs and stores them in an image table. (Citation: Nanjundaiah, Vaidyanath) The image table is the PLCs internal storage location where values of inputs/outputs for one scan are stored while it executes the user program. After the PLC has solved the entire logic program, it updates the output image table. The contents of this output image table are written to the corresponding output points in I/O Modules.

The Input and Output Image tables described above make up the I/O Image on a PLC. This image is used by the user program instead of directly interacting with physical I/O. (Citation: Spenneberg, Ralf 2016) 

Adversaries may collect the I/O Image state of a PLC by utilizing a devices [Native API](https://attack.mitre.org/techniques/T0834) to access the memory regions directly. The collection of the PLCs I/O state could be used to replace values or inform future stages of an attack.",None,2020-05-21T17:43:26.506Z,2025-04-16T21:26:14.462Z,1042,171,MITRE ATT&CK for ICS (STIX bundle)
T1695.001,attack-pattern--55e7e5c1-3760-4451-bae0-e79b29f452c5,technique,Serial COM,"Adversaries may block access to serial COM to prevent instructions or configurations from reaching target devices. Serial Communication ports (COM) allow communication with control system devices. Devices can receive command and configuration messages over such serial COM. Devices also use serial COM to send command and reporting messages. Blocking device serial COM may also block command messages and block reporting messages.

A serial to Ethernet converter is often connected to a serial COM to facilitate communication between serial and Ethernet devices. One approach to blocking a serial COM would be to create and hold open a TCP session with the Ethernet side of the converter. A serial to Ethernet converter may have a few ports open to facilitate multiple communications. For example, if there are three serial COM available -- 1, 2 and 3 --, the converter might be listening on the corresponding ports 20001, 20002, and 20003. If a TCP/IP connection is opened with one of these ports and held open, then the port will be unavailable for use by another party. One way the adversary could achieve this would be to initiate a TCP session with the serial to Ethernet converter at 10.0.0.1 via Telnet on serial port 1 with the following command: telnet 10.0.0.1 20001.",,2026-04-20T20:54:22.399Z,2026-05-12T15:12:00.634Z,1277,208,MITRE ATT&CK for ICS (STIX bundle)
T1694.001,attack-pattern--5658ad88-7510-490e-a351-95d50b1bcd91,technique,Default Credentials,"Adversaries may leverage manufacturer or supplier set default credentials on control system devices. These default credentials may have administrative permissions and may be necessary for initial configuration of the device. It is general best practice to change the passwords for these accounts as soon as possible, but some manufacturers may have devices that have passwords or usernames that cannot be changed.(Citation: Keith Stouffer May 2015)

Default credentials are normally documented in an instruction manual that is either packaged with the device, published online through official means, or published online through unofficial means. Adversaries may leverage default credentials that have not been properly modified or disabled.",,2026-04-20T20:54:19.020Z,2026-05-12T15:12:00.634Z,741,105,MITRE ATT&CK for ICS (STIX bundle)
T0815,attack-pattern--56ddc820-6cfb-407f-850b-52c035d123ac,technique,Denial of View,"Adversaries may cause a denial of view in attempt to disrupt and prevent operator oversight on the status of an ICS environment. This may manifest itself as a temporary communication failure between a device and its control source, where the interface recovers and becomes available once the interference ceases. (Citation: Corero) (Citation: Michael J. Assante and Robert M. Lee) (Citation: Tyson Macaulay) 

An adversary may attempt to deny operator visibility by preventing them from receiving status and reporting messages. Denying this view may temporarily block and prevent operators from noticing a change in state or anomalous behavior. The environment's data and processes may still be operational, but functioning in an unintended or adversarial manner.",None,2020-05-21T17:43:26.506Z,2025-04-15T19:58:33.142Z,763,114,MITRE ATT&CK for ICS (STIX bundle)
T0843.003,attack-pattern--574d5bfb-9a7a-4b28-ab5c-743ac704c135,technique,Program Append,"Adversaries may execute a program append to a PLC to update parts of an existing program. It may or may not require stopping the PLC which may allow it to continue running during transfer and reconfiguration without interruption to process control. Adversaries may leverage this approach to minimize downtime and evade detection. 

The ability to perform a program append to the PLC typically relies on access to a workstation with the vendor-specific PLC programming software installed.",,2026-04-20T20:54:25.997Z,2026-05-12T15:12:00.634Z,487,76,MITRE ATT&CK for ICS (STIX bundle)
T0871,attack-pattern--5a2610f6-9fff-41e1-bc27-575ca20383d4,technique,Execution through API,Adversaries may attempt to leverage Application Program Interfaces (APIs) used for communication between control software and the hardware. Specific functionality is often coded into APIs which can be called by software to engage specific functions on a device or other software.,None,2020-05-21T17:43:26.506Z,2025-04-16T21:26:14.643Z,279,41,MITRE ATT&CK for ICS (STIX bundle)
T0846.001,attack-pattern--5d24bb1d-4487-4923-ae3a-8e679092ac7a,technique,Port Scan,"Adversaries may perform a port scan on a system, device, or network to identify live hosts, enumerate open ports and running services, identify operating systems, and map out the network.(Citation: NIST SP 800-82r3) The results of a port scan may inform adversary [Discovery](https://attack.mitre.org/tactics/TA0102), [Lateral Movement](https://attack.mitre.org/tactics/TA0109), and vulnerability exploitation decisions ([Exploitation for Evasion](https://attack.mitre.org/techniques/T0820), [Exploitation for Privilege Escalation](https://attack.mitre.org/techniques/T0890), [Exploitation of Remote Services](https://attack.mitre.org/techniques/T0866)). 

Some common tools for executing a port scan include `nmap`, `netcat`, and the Advanced Port Scanner.",,2026-04-20T20:54:20.714Z,2026-05-12T15:12:00.635Z,757,76,MITRE ATT&CK for ICS (STIX bundle)
T0862,attack-pattern--5e0f75da-e108-4688-a6de-a4f07cc2cbe3,technique,Supply Chain Compromise,"Adversaries may perform supply chain compromise to gain control systems environment access by means of infected products, software, and workflows. Supply chain compromise is the manipulation of products, such as devices or software, or their delivery mechanisms before receipt by the end consumer. Adversary compromise of these products and mechanisms is done for the goal of data or system compromise, once infected products are introduced to the target environment. 

Supply chain compromise can occur at all stages of the supply chain, from manipulation of development tools and environments to manipulation of developed products and tools distribution mechanisms. This may involve the compromise and replacement of legitimate software and patches, such as on third party or vendor websites. Targeting of supply chain compromise can be done in attempts to infiltrate the environments of a specific audience. In control systems environments with assets in both the IT and OT networks, it is possible a supply chain compromise affecting the IT environment could enable further access to the OT environment.   

Counterfeit devices may be introduced to the global supply chain posing safety and cyber risks to asset owners and operators. These devices may not meet the safety, engineering and manufacturing requirements of regulatory bodies but may feature tagging indicating conformance with industry standards. Due to the lack of adherence to standards and overall lesser quality, the counterfeit products may pose a serious safety and operational risk. (Citation: Control Global May 2019) 

Yokogawa identified instances in which their customers received counterfeit differential pressure transmitters using the Yokogawa logo. The counterfeit transmitters were nearly indistinguishable with a semblance of functionality and interface that mimics the genuine product. (Citation: Control Global May 2019) 

F-Secure Labs analyzed the approach the adversary used to compromise victim systems with Havex. (Citation: Daavid Hentunen, Antti Tikkanen June 2014) The adversary planted trojanized software installers available on legitimate ICS/SCADA vendor websites. After being downloaded, this software infected the host computer with a Remote Access Trojan (RAT).",None,2020-05-21T17:43:26.506Z,2025-04-16T21:26:14.822Z,2261,325,MITRE ATT&CK for ICS (STIX bundle)
T0880,attack-pattern--5fa00fdd-4a55-4191-94a0-564181d7fec2,technique,Loss of Safety,"Adversaries may compromise safety system functions designed to maintain safe operation of a process when unacceptable or dangerous conditions occur. Safety systems are often composed of the same elements as control systems but have the sole purpose of ensuring the process fails in a predetermined safe manner. 

Many unsafe conditions in process control happen too quickly for a human operator to react to. Speed is critical in correcting these conditions to limit serious impacts such as Loss of Control and Property Damage. 

Adversaries may target and disable safety system functions as a prerequisite to subsequent attack execution or to allow for future unsafe conditionals to go unchecked. Detection of a Loss of Safety by operators can result in the shutdown of a process due to strict policies regarding safety systems. This can cause a Loss of Productivity and Revenue and may meet the technical goals of adversaries seeking to cause process disruptions.",None,2020-05-21T17:43:26.506Z,2025-04-16T21:26:14.990Z,964,152,MITRE ATT&CK for ICS (STIX bundle)
T1695.002,attack-pattern--6008c1f0-1b68-4614-8f5b-a547436b8855,technique,Ethernet,"Adversaries may block access to Ethernet communications to prevent instructions or configurations messages from reaching target systems and devices. Ethernet connections allow for communications between IT and OT systems and devices. Blocking Ethernet communications may also block command and reporting messages.(Citation: Bonnie Zhu, Anthony Joseph, Shankar Sastry 2011)

An adversary may block Ethernet communications by disabling network interfaces, [Service Stop](https://attack.mitre.org/techniques/T0881), or conducting an [Adversary-in-the-Middle](https://attack.mitre.org/techniques/T0830) attack and dropping the network traffic.",,2026-04-20T20:54:22.891Z,2026-05-12T15:12:00.635Z,639,70,MITRE ATT&CK for ICS (STIX bundle)
T0828,attack-pattern--63b6942d-8359-4506-bfb3-cf87aa8120ee,technique,Loss of Productivity and Revenue,"Adversaries may cause loss of productivity and revenue through disruption and even damage to the availability and integrity of control system operations, devices, and related processes. This technique may manifest as a direct effect of an ICS-targeting attack or tangentially, due to an IT-targeting attack against non-segregated environments. 

In cases where these operations or services are brought to a halt, the loss of productivity may eventually present an impact for the end-users or consumers of products and services. The disrupted supply-chain may result in supply shortages and increased prices, among other consequences. 

A ransomware attack on an Australian beverage company resulted in the shutdown of some manufacturing sites, including precautionary halts to protect key systems. (Citation: Paganini, Pierluigi June 2020) The company announced the potential for temporary shortages of their products following the attack. (Citation: Paganini, Pierluigi June 2020) (Citation: Lion Corporation June 2020) 

In the 2021 Colonial Pipeline ransomware incident, the pipeline was unable to transport approximately 2.5 million barrels of fuel per day to the East Coast.  (Citation: Colonial Pipeline Company May 2021)",None,2020-05-21T17:43:26.506Z,2025-04-16T21:26:15.157Z,1227,175,MITRE ATT&CK for ICS (STIX bundle)
T0865,attack-pattern--648f995e-9c3a-41e4-aeee-98bb41037426,technique,Spearphishing Attachment,"Adversaries may use a spearphishing attachment, a variant of spearphishing, as a form of a social engineering attack against specific targets. Spearphishing attachments are different from other forms of spearphishing in that they employ malware attached to an email. All forms of spearphishing are electronically delivered and target a specific individual, company, or industry. In this scenario, adversaries attach a file to the spearphishing email and usually rely upon [User Execution](https://attack.mitre.org/techniques/T0863) to gain execution and access. (Citation: Enterprise ATT&CK October 2019) 

A Chinese spearphishing campaign running from December 9, 2011 through February 29, 2012, targeted ONG organizations and their employees. The emails were constructed with a high level of sophistication to convince employees to open the malicious file attachments. (Citation: CISA AA21-201A Pipeline Intrusion July 2021)",None,2020-05-21T17:43:26.506Z,2025-04-16T21:26:15.346Z,926,126,MITRE ATT&CK for ICS (STIX bundle)
T0846.003,attack-pattern--64bbc1b2-101f-4322-af1d-0c9cc25cef91,technique,Multicast Discovery,"Adversaries may perform multicast discovery requests which is when one system or device sends messages to all systems and devices in a pre-defined group on a network (or subnet) and then waits for a response. If a response is received that means the system or device that responded is live and can communicate over that protocol.  Multicast discovery tends to be stealthier than broadcast discovery because every system or device on the network (or subnet) is not being messaged. 

One common OT protocol that has a multicast discovery mechanism is the Process Field Network (PROFINET) Discovery and Configuration Protocol (DCP) with its Identify All requests.(Citation: Cisco Active Discovery)",,2026-04-20T20:54:21.726Z,2026-05-12T15:12:00.636Z,694,108,MITRE ATT&CK for ICS (STIX bundle)
T1693.001,attack-pattern--68a9324d-a524-4766-a899-a026f68a33df,technique,System Firmware,"System firmware on modern assets is often designed with an update feature. Older device firmware may be factory installed and require special reprograming equipment. When available, the firmware update feature enables vendors to remotely patch bugs and perform upgrades. Device firmware updates are often delegated to the user and may be done using a software update package. It may also be possible to perform this task over the network.

An adversary may exploit the firmware update feature on accessible devices to upload malicious or out-of-date firmware. Malicious modification of device firmware may provide an adversary with root access to a device, given firmware is one of the lowest programming abstraction layers.(Citation: Basnight, Zachry, et al.)",,2026-04-20T20:54:18.031Z,2026-05-12T15:12:00.639Z,760,115,MITRE ATT&CK for ICS (STIX bundle)
T1694.002,attack-pattern--6b335943-c3af-430e-a135-ab09623bdc20,technique,Hardcoded Credentials,"Adversaries may leverage credentials that are hardcoded in software or firmware to gain an unauthorized interactive user session to an asset. Examples credentials that may be hardcoded in an asset include:

* Username/Passwords
* Cryptographic keys/Certificates
* API tokens

Unlike [Default Credentials](https://attack.mitre.org/techniques/T0812), these credentials are built into the system in a way that they either cannot be changed by the asset owner, or may be infeasible to change because of the impact it would cause to the control system operation. These credentials may be reused across whole product lines or device models and are often not published or known to the owner and operators of the asset.(Citation: ICS-ALERT-13-164-01)(Citation: OT IceFall)

Adversaries may utilize these hardcoded credentials to move throughout the control system environment or provide reliable access for their tools to interact with industrial assets.",,2026-04-20T20:54:19.528Z,2026-05-12T15:12:00.640Z,946,135,MITRE ATT&CK for ICS (STIX bundle)
T1695.003,attack-pattern--71f2d49e-65dd-4fb6-a4cc-0d2b19d427fa,technique,Wi-Fi,"Adversaries may block access to Wi-Fi communications to prevent messages from reaching target systems and devices. Wi-Fi connections allow for communications between IT and OT systems and devices. Blocking Wi-Fi communications may also block command and reporting messages.(Citation: Bonnie Zhu, Anthony Joseph, Shankar Sastry 2011)

An adversary may block Wi-Fi communications by disabling network interfaces, [Service Stop](https://attack.mitre.org/techniques/T0881), conducting an [Adversary-in-the-Middle](https://attack.mitre.org/techniques/T0830) attack and dropping the network traffic, or by jamming the Wi-Fi signal.",,2026-04-20T20:54:23.383Z,2026-05-12T15:12:00.641Z,625,72,MITRE ATT&CK for ICS (STIX bundle)
T1693.002,attack-pattern--75587e49-ab7e-44df-9549-faeb1da57f39,technique,Module Firmware,"Adversaries may install malicious or vulnerable firmware onto modular hardware devices. Control system devices often contain modular hardware devices. These devices may have their own set of firmware that is separate from the firmware of the main control system equipment.

This technique is similar to System Firmware, but is conducted on other system components that may not have the same capabilities or level of integrity checking. Although it results in a device re-image, malicious device firmware may provide persistent access to remaining devices.(Citation: Daniel Peck,  Dale Peterson January 2009)

An easy point of access for an adversary is the Ethernet card, which may have its own CPU, RAM, and operating system. The adversary may attack and likely exploit the computer on an Ethernet card. Exploitation of the Ethernet card computer may enable the adversary to accomplish additional attacks, such as the following:(Citation: Daniel Peck,  Dale Peterson January 2009)

* Delayed Attack - The adversary may stage an attack in advance and choose when to launch it, such as at a particularly damaging time.
* Brick the Ethernet Card - Malicious firmware may be programmed to result in an Ethernet card failure, requiring a factory return.
* Random Attack or Failure - The adversary may load malicious firmware onto multiple field devices. Execution of an attack and the time it occurs is generated by a pseudo-random number generator.
* A Field Device Worm - The adversary may choose to identify all field devices of the same model, with the end goal of performing a device-wide compromise.
* Attack Other Cards on the Field Device - Although it is not the most important module in a field device, the Ethernet card is most accessible to the adversary and malware. Compromise of the Ethernet card may provide a more direct route to compromising other modules, such as the CPU module.",,2026-04-20T20:54:18.535Z,2026-05-12T15:12:00.642Z,1894,307,MITRE ATT&CK for ICS (STIX bundle)
T0843.001,attack-pattern--77015a55-eef8-4f71-a071-b152f82ec1ef,technique,Download All,"Adversaries may execute a full program download to a PLC to overwrite the entire PLC program and configuration to deploy a new project or make major changes. This typically requires stopping the PLC and adversely impacting control processes.

The ability to perform a full program download to the PLC typically relies on access to a workstation with the vendor-specific PLC programming software installed.",,2026-04-20T20:54:23.982Z,2026-05-12T15:12:00.642Z,405,63,MITRE ATT&CK for ICS (STIX bundle)
T0895,attack-pattern--77d9c726-b53e-481d-8bcc-1068aebfbb9d,technique,Autorun Image,"Adversaries may leverage AutoRun functionality or scripts to execute malicious code. Devices configured to enable AutoRun functionality or legacy operating systems may be susceptible to abuse of these features to run malicious code stored on various forms of removeable media (i.e., USB, Disk Images [.ISO]). Commonly, AutoRun or AutoPlay are disabled in many operating systems configurations to mitigate against this technique. If a device is configured to enable AutoRun or AutoPlay, adversaries may execute code on the device by mounting the removable media to the device, either through physical or virtual means. This may be especially relevant for virtual machine environments where disk images may be dynamically mapped to a guest system on a hypervisor.  

An example could include an adversary gaining access to a hypervisor through the management interface to modify a virtual machine’s hardware configuration. They could then deploy an iso image with a malicious AutoRun script to cause the virtual machine to automatically execute the code contained on the disk image. This would enable the execution of malicious code within a virtual machine without needing any prior remote access to that system.",,2024-03-26T15:39:19.473Z,2025-04-15T19:58:42.824Z,1211,185,MITRE ATT&CK for ICS (STIX bundle)
T0817,attack-pattern--7830cfcf-b268-4ac0-a69e-73c6affbae9a,technique,Drive-by Compromise,"Adversaries may gain access to a system during a drive-by compromise, when a user visits a website as part of a regular browsing session. With this technique, the user's web browser is targeted and exploited simply by visiting the compromised website. 

The adversary may target a specific community, such as trusted third party suppliers or other industry specific groups, which often visit the target website. This kind of targeted attack relies on a common interest, and is known as a strategic web compromise or watering hole attack. 

The National Cyber Awareness System (NCAS) has issued a Technical Alert (TA) regarding Russian government cyber activity targeting critical infrastructure sectors. (Citation: Cybersecurity & Infrastructure Security Agency March 2018) Analysis by DHS and FBI has noted two distinct categories of victims in the Dragonfly campaign on the Western energy sector: staging and intended targets. The adversary targeted the less secure networks of staging targets, including trusted third-party suppliers and related peripheral organizations. Initial access to the intended targets used watering hole attacks to target process control, ICS, and critical infrastructure related trade publications and informational websites.",None,2020-05-21T17:43:26.506Z,2025-04-16T21:26:15.525Z,1255,183,MITRE ATT&CK for ICS (STIX bundle)
T1691.002,attack-pattern--7866bb5f-98ee-45c2-984c-8a328c5176b2,technique,Reporting Message,"Adversaries may block or prevent a reporting message from reaching its intended target. In control systems, reporting messages contain telemetry data (e.g., I/O values) pertaining to the current state of equipment and the industrial process. By blocking these reporting messages, an adversary can potentially hide their actions from an operator.

Blocking reporting messages in control systems that manage physical processes may contribute to system impact, causing inhibition of a response function. A control system may not be able to respond in a proper or timely manner to an event, such as a dangerous fault, if its corresponding reporting message is blocked.(Citation: Bonnie Zhu, Anthony Joseph, Shankar Sastry 2011)(Citation: Electricity Information Sharing and Analysis Center; SANS Industrial Control Systems March 2016)",,2026-04-20T20:54:16.584Z,2026-05-12T15:12:00.643Z,830,120,MITRE ATT&CK for ICS (STIX bundle)
T1693,attack-pattern--7b4c0e19-a9b0-4a74-a196-b38c07b79f20,technique,Modify Firmware,"Firmware is low-level software embedded in hardware that enables systems and devices to function properly and is commonly found in ICS environments. Adversaries may modify firmware on a system or device by installing malicious or vulnerable versions that enable them to achieve objectives such as [Persistence](https://attack.mitre.org/tactics/TA0110), [Impair Process Control](https://attack.mitre.org/tactics/TA0106), and [Inhibit Response Function](https://attack.mitre.org/tactics/TA0107). 

Adversaries may modify system and device firmware by using the built-in firmware update functionality which may support local or remote installation. The malicious or vulnerable firmware may be delivered via [Replication Through Removable Media](https://attack.mitre.org/techniques/T0847), [Supply Chain Compromise](https://attack.mitre.org/techniques/T0862), or [Remote Services](https://attack.mitre.org/techniques/T0886). Once installed, the malicious or vulnerable firmware could be used to provide [Rootkit](https://attack.mitre.org/techniques/T0851) and [Hooking](https://attack.mitre.org/techniques/T0874) functionality, [Exploitation for Privilege Escalation](https://attack.mitre.org/techniques/T0890), or [Denial of Service](https://attack.mitre.org/techniques/T0814).(Citation: Basnight, Zachry, et al.)",,2026-04-20T20:50:34.850Z,2026-05-12T15:12:00.643Z,1310,121,MITRE ATT&CK for ICS (STIX bundle)
T0879,attack-pattern--83ebd22f-b401-4d59-8219-2294172cf916,technique,Damage to Property,"Adversaries may cause damage and destruction of property to infrastructure, equipment, and the surrounding environment when attacking control systems. This technique may result in device and operational equipment breakdown, or represent tangential damage from other techniques used in an attack. Depending on the severity of physical damage and disruption caused to control processes and systems, this technique may result in [Loss of Safety](https://attack.mitre.org/techniques/T0880). Operations that result in [Loss of Control](https://attack.mitre.org/techniques/T0827) may also cause damage to property, which may be directly or indirectly motivated by an adversary seeking to cause impact in the form of [Loss of Productivity and Revenue](https://attack.mitre.org/techniques/T0828). 


The German Federal Office for Information Security (BSI) reported a targeted attack on a steel mill under an incidents affecting business section of its 2014 IT Security Report. (Citation: BSI State of IT Security 2014)  These targeted attacks affected industrial operations and resulted in breakdowns of control system components and even entire installations. As a result of these breakdowns, massive impact and damage resulted from the uncontrolled shutdown of a blast furnace. 

A Polish student used a remote controller device to interface with the Lodz city tram system in Poland. (Citation: John Bill May 2017) (Citation: Shelley Smith February 2008) (Citation: Bruce Schneier January 2008) Using this remote, the student was able to capture and replay legitimate tram signals. This resulted in damage to impacted trams, people, and the surrounding property. Reportedly, four trams were derailed and were forced to make emergency stops. (Citation: Shelley Smith February 2008) Commands issued by the student may have also resulted in tram collisions, causing harm to those on board and the environment outside. (Citation: Bruce Schneier January 2008)",None,2020-05-21T17:43:26.506Z,2025-04-16T21:26:15.731Z,1949,274,MITRE ATT&CK for ICS (STIX bundle)
T0866,attack-pattern--85a45294-08f1-4539-bf00-7da08aa7b0ee,technique,Exploitation of Remote Services,"Adversaries may exploit a software vulnerability to take advantage of a programming error in a program, service, or within the operating system software or kernel itself to enable remote service abuse. A common goal for post-compromise exploitation of remote services is for initial access into and lateral movement throughout the ICS environment to enable access to targeted systems. (Citation: Enterprise ATT&CK)

ICS asset owners and operators have been affected by ransomware (or disruptive malware masquerading as ransomware) migrating from enterprise IT to ICS environments: WannaCry, NotPetya, and BadRabbit. In each of these cases, self-propagating (wormable) malware initially infected IT networks, but through exploit (particularly the SMBv1-targeting MS17-010 vulnerability) spread to industrial networks, producing significant impacts. (Citation: Joe Slowik April 2019)",None,2020-05-21T17:43:26.506Z,2025-04-16T21:26:16.054Z,881,120,MITRE ATT&CK for ICS (STIX bundle)
T0822,attack-pattern--8d2f3bab-507c-4424-b58b-edc977bd215c,technique,External Remote Services,"Adversaries may leverage external remote services as a point of initial access into your network. These services allow users to connect to internal network resources from external locations. Examples are VPNs, Citrix, and other access mechanisms. Remote service gateways often manage connections and credential authentication for these services. (Citation: Daniel Oakley, Travis Smith, Tripwire)

External remote services allow administration of a control system from outside the system. Often, vendors and internal engineering groups have access to external remote services to control system networks via the corporate network. In some cases, this access is enabled directly from the internet. While remote access enables ease of maintenance when a control system is in a remote area, compromise of remote access solutions is a liability. The adversary may use these services to gain access to and execute attacks against a control system network. Access to valid accounts is often a requirement. 

As they look for an entry point into the control system network, adversaries may begin searching for existing point-to-point VPN implementations at trusted third party networks or through remote support employee connections where split tunneling is enabled. (Citation: Electricity Information Sharing and Analysis Center; SANS Industrial Control Systems March 2016)",None,2020-05-21T17:43:26.506Z,2026-05-12T15:12:00.705Z,1365,198,MITRE ATT&CK for ICS (STIX bundle)
T0806,attack-pattern--8e7089d3-fba2-44f8-94a8-9a79c53920c4,technique,Brute Force I/O,"Adversaries may repetitively or successively change I/O point values to perform an action. Brute Force I/O may be achieved by changing either a range of I/O point values or a single point value repeatedly to manipulate a process function. The adversary's goal and the information they have about the target environment will influence which of the options they choose. In the case of brute forcing a range of point values, the adversary may be able to achieve an impact without targeting a specific point. In the case where a single point is targeted, the adversary may be able to generate instability on the process function associated with that particular point. 

Adversaries may use Brute Force I/O to cause failures within various industrial processes. These failures could be the result of wear on equipment or damage to downstream equipment.",None,2020-05-21T17:43:26.506Z,2025-04-16T21:26:16.573Z,847,138,MITRE ATT&CK for ICS (STIX bundle)
T0830,attack-pattern--9a505987-ab05-4f46-a9a6-6441442eec3b,technique,Adversary-in-the-Middle,"Adversaries with privileged network access may seek to modify network traffic in real time using adversary-in-the-middle (AiTM) attacks. (Citation: Gabriel Sanchez October 2017) This type of attack allows the adversary to intercept traffic to and/or from a particular device on the network. If a AiTM attack is established, then the adversary has the ability to block, log, modify, or inject traffic into the communication stream. There are several ways to accomplish this attack, but some of the most-common are Address Resolution Protocol (ARP) poisoning and the use of a proxy. (Citation: Bonnie Zhu, Anthony Joseph, Shankar Sastry 2011)  

An AiTM attack may allow an adversary to perform the following attacks:  
[Block Reporting Message](https://attack.mitre.org/techniques/T0804), [Spoof Reporting Message](https://attack.mitre.org/techniques/T0856), [Modify Parameter](https://attack.mitre.org/techniques/T0836), [Unauthorized Command Message](https://attack.mitre.org/techniques/T0855)",None,2020-05-21T17:43:26.506Z,2025-04-16T21:26:16.777Z,994,121,MITRE ATT&CK for ICS (STIX bundle)
T0820,attack-pattern--9f947a1c-3860-48a8-8af0-a2dfa3efde03,technique,Exploitation for Evasion,"Adversaries may exploit a software vulnerability to take advantage of a programming error in a program, service, or within the operating system software or kernel itself to evade detection. Vulnerabilities may exist in software that can be used to disable or circumvent security features.  

Adversaries may have prior knowledge through [Remote System Information Discovery](https://attack.mitre.org/techniques/T0888) about security features implemented on control devices. These device security features will likely be targeted directly for exploitation. There are examples of firmware RAM/ROM consistency checks on control devices being targeted by adversaries to enable the installation of malicious [System Firmware](https://attack.mitre.org/techniques/T0857).",None,2020-05-21T17:43:26.506Z,2025-04-16T21:26:16.960Z,764,95,MITRE ATT&CK for ICS (STIX bundle)
T0827,attack-pattern--a81696ef-c106-482c-8f80-59c30f2569fb,technique,Loss of Control,"Adversaries may seek to achieve a sustained loss of control or a runaway condition in which operators cannot issue any commands even if the malicious interference has subsided. (Citation: Corero) (Citation: Michael J. Assante and Robert M. Lee) (Citation: Tyson Macaulay)

The German Federal Office for Information Security (BSI) reported a targeted attack on a steel mill in its 2014 IT Security Report.(Citation: BSI State of IT Security 2014) These targeted attacks affected industrial operations and resulted in breakdowns of control system components and even entire installations. As a result of these breakdowns, massive impact resulted in damage and unsafe conditions from the uncontrolled shutdown of a blast furnace.",None,2020-05-21T17:43:26.506Z,2026-05-12T15:12:00.706Z,726,109,MITRE ATT&CK for ICS (STIX bundle)
T0874,attack-pattern--ab390887-afc0-4715-826d-b1b167d522ae,technique,Hooking,"Adversaries may hook into application programming interface (API) functions used by processes to redirect calls for execution and privilege escalation means. Windows processes often leverage these API functions to perform tasks that require reusable system resources. Windows API functions are typically stored in dynamic-link libraries (DLLs) as exported functions. (Citation: Enterprise ATT&CK)

One type of hooking seen in ICS involves redirecting calls to these functions via import address table (IAT) hooking. IAT hooking uses modifications to a process IAT, where pointers to imported API functions are stored. (Citation: Nicolas Falliere, Liam O Murchu, Eric Chien February 2011)",None,2020-05-21T17:43:26.506Z,2025-04-15T19:58:56.978Z,687,97,MITRE ATT&CK for ICS (STIX bundle)
T0823,attack-pattern--b0628bfc-5376-4a38-9182-f324501cb4cf,technique,Graphical User Interface,"Adversaries may attempt to gain access to a machine via a Graphical User Interface (GUI) to enhance execution capabilities. Access to a GUI allows a user to interact with a computer in a more visual manner than a CLI. A GUI allows users to move a cursor and click on interface objects, with a mouse and keyboard as the main input devices, as opposed to just using the keyboard.

If physical access is not an option, then access might be possible via protocols such as VNC on Linux-based and Unix-based operating systems, and RDP on Windows operating systems. An adversary can use this access to execute programs and applications on the target machine.",None,2020-05-21T17:43:26.506Z,2026-05-12T15:12:00.707Z,651,113,MITRE ATT&CK for ICS (STIX bundle)
T0848,attack-pattern--b14395bd-5419-4ef4-9bd8-696936f509bb,technique,Rogue Master,"Adversaries may setup a rogue master to leverage control server functions to communicate with outstations. A rogue master can be used to send legitimate control messages to other control system devices, affecting processes in unintended ways. It may also be used to disrupt network communications by capturing and receiving the network traffic meant for the actual master. Impersonating a master may also allow an adversary to avoid detection. 

In the case of the 2017 Dallas Siren incident, adversaries used a rogue master to send command messages to the 156 distributed sirens across the city, either through a single rogue transmitter with a strong signal, or using many distributed repeaters. (Citation: Bastille April 2017) (Citation: Zack Whittaker April 2017)",None,2020-05-21T17:43:26.506Z,2025-04-16T21:26:17.326Z,767,118,MITRE ATT&CK for ICS (STIX bundle)
T0834,attack-pattern--b52870cc-83f3-473c-b895-72d91751030b,technique,Native API,"Adversaries may directly interact with the native OS application programming interface (API) to access system functions. Native APIs provide a controlled means of calling low-level OS services within the kernel, such as those involving hardware/devices, memory, and processes. (Citation: The MITRE Corporation May 2017) These native APIs are leveraged by the OS during system boot (when other system components are not yet initialized) as well as carrying out tasks and requests during routine operations. 

Functionality provided by native APIs are often also exposed to user-mode applications via interfaces and libraries. For example, functions such as memcpy and direct operations on memory registers can be used to modify user and system memory space.",None,2021-04-13T12:36:26.506Z,2025-04-16T21:26:17.499Z,756,112,MITRE ATT&CK for ICS (STIX bundle)
T0826,attack-pattern--b5b9bacb-97f2-4249-b804-47fd44de1f95,technique,Loss of Availability,"Adversaries may attempt to disrupt essential components or systems to prevent owner and operator from delivering products or services. (Citation: Corero) (Citation: Michael J. Assante and Robert M. Lee) (Citation: Tyson Macaulay) 

Adversaries may leverage malware to delete or encrypt critical data on HMIs, workstations, or databases.

In the 2021 Colonial Pipeline ransomware incident, pipeline operations were temporally halted on May 7th and were not fully restarted until May 12th. (Citation: Colonial Pipeline Company May 2021)",None,2020-05-21T17:43:26.506Z,2025-04-15T19:59:00.088Z,534,76,MITRE ATT&CK for ICS (STIX bundle)
T0882,attack-pattern--b7e13ee8-182c-4f19-92a4-a88d7d855d54,technique,Theft of Operational Information,"Adversaries may steal operational information on a production environment as a direct mission outcome for personal gain or to inform future operations. This information may include design documents, schedules, rotational data, or similar artifacts that provide insight on operations.    In the Bowman Dam incident, adversaries probed systems for operational data. (Citation: Mark Thompson March 2016) (Citation: Danny Yadron December 2015)",None,2020-05-21T17:43:26.506Z,2026-05-12T15:12:00.709Z,439,60,MITRE ATT&CK for ICS (STIX bundle)
T0849,attack-pattern--ba203963-3182-41ac-af14-7e7ebc83cd61,technique,Masquerading,"Adversaries may use masquerading to disguise a malicious application or executable as another file, to avoid operator and engineer suspicion. Possible disguises of these masquerading files can include commonly found programs, expected vendor executables and configuration files, and other commonplace application and naming conventions. By impersonating expected and vendor-relevant files and applications, operators and engineers may not notice the presence of the underlying malicious content and possibly end up running those masquerading as legitimate functions. 

Applications and other files commonly found on Windows systems or in engineering workstations have been impersonated before. This can be as simple as renaming a file to effectively disguise it in the ICS environment.",None,2020-05-21T17:43:26.506Z,2025-04-16T21:26:18.036Z,785,109,MITRE ATT&CK for ICS (STIX bundle)
T0843,attack-pattern--be69c571-d746-4b1f-bdd0-c0c9817e9068,technique,Program Download,"Adversaries may perform a program download to transfer a user program to a controller. 

Variations of program download, such as online edit and program append, allow a controller to continue running during the transfer and reconfiguration process without interruption to process control. However, before starting a full program download (i.e., download all) a controller may need to go into a stop state. This can have negative consequences on the physical process, especially if the controller is not able to fulfill a time-sensitive action. Adversaries may choose to avoid a download all in favor of an online edit or program append to avoid disrupting the physical process. An adversary may need to use the technique Detect Operating Mode or Change Operating Mode to make sure the controller is in the proper mode to accept a program download.

The granularity of control to transfer a user program in whole or parts is dictated by the management protocol (e.g., S7CommPlus, TriStation) and underlying controller API. Thus, program download is a high-level term for the suite of vendor-specific API calls used to configure a controllers user program memory space.  

[Modify Controller Tasking](https://attack.mitre.org/techniques/T0821) and [Modify Program](https://attack.mitre.org/techniques/T0889) represent the configuration changes that are transferred to a controller via a program download.",None,2020-05-21T17:43:26.506Z,2026-05-12T15:12:00.713Z,1402,205,MITRE ATT&CK for ICS (STIX bundle)
T0847,attack-pattern--c267bbee-bb59-47fe-85e0-3ed210337c21,technique,Replication Through Removable Media,"Adversaries may move onto systems, such as those separated from the enterprise network, by copying malware to removable media which is inserted into the control systems environment. The adversary may rely on unknowing trusted third parties, such as suppliers or contractors with access privileges, to introduce the removable media. This technique enables initial access to target devices that never connect to untrusted networks, but are physically accessible.     

Operators of the German nuclear power plant, Gundremmingen, discovered malware on a facility computer not connected to the internet. (Citation: Kernkraftwerk Gundremmingen April 2016) (Citation: Trend Micro April 2016) The malware included Conficker and W32.Ramnit, which were also found on eighteen removable disk drives in the facility. (Citation: Christoph Steitz, Eric Auchard April 2016) (Citation: Catalin Cimpanu April 2016) (Citation: Peter Dockrill April 2016) (Citation: Lee Mathews April 2016) (Citation: Sean Gallagher April 2016) (Citation: Dark Reading Staff April 2016) The plant has since checked for infection and cleaned up more than 1,000 computers. (Citation: BBC April 2016) An ESET researcher commented that internet disconnection does not guarantee system safety from infection or payload execution. (Citation: ESET April 2016)",None,2020-05-21T17:43:26.506Z,2025-04-15T19:59:04.946Z,1317,186,MITRE ATT&CK for ICS (STIX bundle)
T0846.002,attack-pattern--c55f0be5-044e-4577-8095-65b37680d28c,technique,Broadcast Discovery,"Adversaries may perform broadcast discovery requests to enumerate systems and devices on a network. Broadcast discovery works by one system or device sending messages to all systems and devices on a network (or subnet) and then waiting for a response. If a response is received that means the system or device that responded is live and can communicate over that protocol. Adversaries may leverage different protocols supported on the network for sending broadcast messages. 

Some common OT protocols that have broadcast discovery mechanisms are Building Automation and Control Network (BACNet) Who-Is requests, Common Industrial Protocol (CIP) List Identity User Datagram Protocol (UDP) broadcast requests, and Siemens S7 broadcast identification requests.(Citation: Broadcasting BACnet)(Citation: Cisco Active Discovery)",,2026-04-20T20:54:21.227Z,2026-05-12T15:12:00.714Z,823,115,MITRE ATT&CK for ICS (STIX bundle)
T0852,attack-pattern--c5e3cdbc-0387-4be9-8f83-ff5c0865f377,technique,Screen Capture,"Adversaries may attempt to perform screen capture of devices in the control system environment. Screenshots may be taken of workstations, HMIs, or other devices that display environment-relevant process, device, reporting, alarm, or related data. These device displays may reveal information regarding the ICS process, layout, control, and related schematics. In particular, an HMI can provide a lot of important industrial process information. (Citation: ICS-CERT October 2017) Analysis of screen captures may provide the adversary with an understanding of intended operations and interactions between critical devices.",None,2020-05-21T17:43:26.506Z,2026-05-12T15:12:00.715Z,620,85,MITRE ATT&CK for ICS (STIX bundle)
T0859,attack-pattern--cd2c76a4-5e23-4ca5-9c40-d5e0604f7101,technique,Valid Accounts,"Adversaries may steal the credentials of a specific user or service account using credential access techniques. In some cases, default credentials for control system devices may be publicly available. Compromised credentials may be used to bypass access controls placed on various resources on hosts and within the network, and may even be used for persistent access to remote systems. Compromised and default credentials may also grant an adversary increased privilege to specific systems and devices or access to restricted areas of the network. Adversaries may choose not to use malware or tools, in conjunction with the legitimate access those credentials provide, to make it harder to detect their presence or to control devices and send legitimate commands in an unintended way. 

Adversaries may also create accounts, sometimes using predefined account names and passwords, to provide a means of backup access for persistence. (Citation: Booz Allen Hamilton) 

The overlap of credentials and permissions across a network of systems is of concern because the adversary may be able to pivot across accounts and systems to reach a high level of access (i.e., domain or enterprise administrator)  and possibly between the enterprise and operational technology environments. Adversaries may be able to leverage valid credentials from one system to gain access to another system.",None,2020-05-21T17:43:26.506Z,2026-05-12T15:12:00.717Z,1380,210,MITRE ATT&CK for ICS (STIX bundle)
T0890,attack-pattern--cfe68e93-ce94-4c0f-a57d-3aa72cedd618,technique,Exploitation for Privilege Escalation,"Adversaries may exploit software vulnerabilities in an attempt to elevate privileges. Exploitation of a software vulnerability occurs when an adversary takes advantage of a programming error in a program, service, or within the operating system software or kernel itself to execute adversary-controlled code. Security constructs such as permission levels will often hinder access to information and use of certain techniques, so adversaries will likely need to perform privilege escalation to include use of software exploitation to circumvent those restrictions. (Citation: The MITRE Corporation) 

When initially gaining access to a system, an adversary may be operating within a lower privileged process which will prevent them from accessing certain resources on the system. Vulnerabilities may exist, usually in operating system components and software commonly running at higher permissions, that can be exploited to gain higher levels of access on the system. This could enable someone to move from unprivileged or user level permissions to SYSTEM or root permissions depending on the component that is vulnerable. This may be a necessary step for an adversary compromising an endpoint system that has been properly configured and limits other privilege escalation methods. (Citation: The MITRE Corporation)",None,2021-04-13T12:08:26.506Z,2025-04-16T21:26:18.792Z,1314,191,MITRE ATT&CK for ICS (STIX bundle)
T0846,attack-pattern--d5a69cfb-fc2a-46cb-99eb-74b236db5061,technique,Remote System Discovery,"Adversaries may attempt to get a listing of other systems by IP address, hostname, or other logical identifier on a network that may be used for subsequent Lateral Movement or Discovery techniques. Functionality could exist within adversary tools to enable this, but utilities available on the operating system or vendor software could also be used.(Citation: Enterprise ATT&CK January 2018)",None,2020-05-21T17:43:26.506Z,2026-05-12T15:12:00.718Z,391,59,MITRE ATT&CK for ICS (STIX bundle)
T0884,attack-pattern--d67adac8-e3b9-44f9-9e6d-6c2a7d69dbe4,technique,Connection Proxy,"Adversaries may use a connection proxy to direct network traffic between systems or act as an intermediary for network communications.

The definition of a proxy can also be expanded to encompass trust relationships between networks in peer-to-peer, mesh, or trusted connections between networks consisting of hosts or systems that regularly communicate with each other.

The network may be within a single organization or across multiple organizations with trust relationships. Adversaries could use these types of relationships to manage command and control communications, to reduce the number of simultaneous outbound network connections, to provide resiliency in the face of connection loss, or to ride over existing trusted communications paths between victims to avoid suspicion. (Citation: Enterprise ATT&CK January 2018)",None,2020-05-21T17:43:26.506Z,2025-04-16T21:26:19.127Z,829,118,MITRE ATT&CK for ICS (STIX bundle)
T0843.002,attack-pattern--d85a6ee9-820c-4adf-8a64-2392ee70c83c,technique,Online Edit,"Adversaries may execute an online edit of a PLC to update parts of an existing program. It does not require stopping the PLC which allows it to continue running during transfer and reconfiguration without interruption to process control. Adversaries may leverage this approach to minimize downtime and evade detection. 

The ability to perform an online edit to the PLC typically relies on access to a workstation with the vendor-specific PLC programming software installed.",,2026-04-20T20:54:25.372Z,2026-05-12T15:12:00.721Z,474,73,MITRE ATT&CK for ICS (STIX bundle)
T0869,attack-pattern--e076cca8-2f08-45c9-aff7-ea5ac798b387,technique,Standard Application Layer Protocol,"Adversaries may establish command and control capabilities over commonly used application layer protocols such as HTTP(S), OPC, RDP, telnet, DNP3, and modbus. These protocols may be used to disguise adversary actions as benign network traffic. Standard protocols may be seen on their associated port or in some cases over a non-standard port.  Adversaries may use these protocols to reach out of the network for command and control, or in some cases to other infected devices within the network.",None,2020-05-21T17:43:26.506Z,2025-04-25T15:16:52.173Z,495,78,MITRE ATT&CK for ICS (STIX bundle)
T1692,attack-pattern--e17cdc00-8b58-4e5f-9d50-4cad1592c4c3,technique,Unauthorized Message,"Adversaries may send unauthorized messages to ICS systems and devices to evade defenses or manipulate processes. Unauthorized messages can be categorized as either reporting messages that contain telemetry data about the current state of systems, devices, and processes or as command messages which instruct systems and devices on how to operate. By injecting unauthorized messages, adversaries can make it appear as if everything is working correctly when it isn’t, trigger alarms to misdirect personnel or impact processes, and manipulate controls to disrupt processes.(Citation: Bonnie Zhu, Anthony Joseph, Shankar Sastry 2011)

Adversaries may send unauthorized messages in an ICS environment using software found within the environment (living-off-the-land, vendor-specific interfaces, etc.), custom tooling leveraging OT protocols and libraries, or by positioning themselves between systems and devices and injecting messages into the communications such as the case with an [Adversary-in-the-Middle](https://attack.mitre.org/techniques/T0830) attack.",,2026-04-20T20:50:34.487Z,2026-05-12T15:12:00.722Z,1057,138,MITRE ATT&CK for ICS (STIX bundle)
T0886,attack-pattern--e1f9cdd2-9511-4fca-90d7-f3e92cfdd0bf,technique,Remote Services,"Adversaries may leverage remote services to move between assets and network segments. These services are often used to allow operators to interact with systems remotely within the network, some examples are RDP, SMB, SSH, and other similar mechanisms. (Citation: Blake Johnson, Dan Caban, Marina Krotofil, Dan Scali, Nathan Brubaker, Christopher Glyer December 2017) (Citation: Dragos December 2017) (Citation: Joe Slowik April 2019) 

Remote services could be used to support remote access, data transmission, authentication, name resolution, and other remote functions. Further, remote services may be necessary to allow operators and administrators to configure systems within the network from their engineering or management workstations. An adversary may use this technique to access devices which may be dual-homed (Citation: Blake Johnson, Dan Caban, Marina Krotofil, Dan Scali, Nathan Brubaker, Christopher Glyer December 2017) to multiple network segments, and can be used for [Program Download](https://attack.mitre.org/techniques/T0843) or to execute attacks on control devices directly through [Valid Accounts](https://attack.mitre.org/techniques/T0859).

Specific remote services (RDP & VNC) may be a precursor to enable [Graphical User Interface](https://attack.mitre.org/techniques/T0823) execution on devices such as HMIs or engineering workstation software.

Based on incident data, CISA and FBI assessed that Chinese state-sponsored actors also compromised various authorized remote access channels, including systems designed to transfer data and/or allow access between corporate and ICS networks.  (Citation: CISA AA21-201A Pipeline Intrusion July 2021)",None,2021-04-12T19:26:26.506Z,2026-05-12T15:12:00.722Z,1674,218,MITRE ATT&CK for ICS (STIX bundle)
T0813,attack-pattern--e33c7ecc-5a38-497f-beb2-a9a2049a4c20,technique,Denial of Control,"Adversaries may cause a denial of control to temporarily prevent operators and engineers from interacting with process controls. An adversary may attempt to deny process control access to cause a temporary loss of communication with the control device or to prevent operator adjustment of process controls. An affected process may still be operating during the period of control loss, but not necessarily in a desired state. (Citation: Corero) (Citation: Michael J. Assante and Robert M. Lee) (Citation: Tyson Macaulay)

In the 2017 Dallas Siren incident operators were unable to disable the false alarms from the Office of Emergency Management headquarters. (Citation: Mark Loveless April 2017)",None,2020-05-21T17:43:26.506Z,2025-04-15T19:59:15.775Z,695,105,MITRE ATT&CK for ICS (STIX bundle)
T0838,attack-pattern--e5de767e-f513-41cd-aa15-33f6ce5fbf92,technique,Modify Alarm Settings,"Adversaries may modify alarm settings to prevent alerts that may inform operators of their presence or to prevent responses to dangerous and unintended scenarios. Reporting messages are a standard part of data acquisition in control systems. Reporting messages are used as a way to transmit system state information and acknowledgements that specific actions have occurred. These messages provide vital information for the management of a physical process, and keep operators, engineers, and administrators aware of the state of system devices and physical processes. 

If an adversary is able to change the reporting settings, certain events could be prevented from being reported. This type of modification can also prevent operators or devices from performing actions to keep the system in a safe state. If critical reporting messages cannot trigger these actions then a [Impact](https://attack.mitre.org/tactics/TA0105) could occur. 

In ICS environments, the adversary may have to use [Alarm Suppression](https://attack.mitre.org/techniques/T0878) or contend with multiple alarms and/or alarm propagation to achieve a specific goal to evade detection or prevent intended responses from occurring. (Citation: Jos Wetzels, Marina Krotofil 2019)  Methods of suppression often rely on modification of alarm settings, such as modifying in memory code to fixed values or tampering with assembly level instruction code.",None,2020-05-21T17:43:26.506Z,2026-05-12T15:12:00.723Z,1417,200,MITRE ATT&CK for ICS (STIX bundle)
T0885,attack-pattern--e6c31185-8040-4267-83d3-b217b8a92f07,technique,Commonly Used Port,"Adversaries may communicate over a commonly used port to bypass firewalls or network detection systems and to blend in with normal network activity, to avoid more detailed inspection. They may use the protocol associated with the port, or a completely different protocol. They may use commonly open ports, such as the examples provided below. 
 
 * TCP:80 (HTTP) 
 * TCP:443 (HTTPS) 
 * TCP/UDP:53 (DNS) 
 * TCP:1024-4999 (OPC on XP/Win2k3) 
 * TCP:49152-65535 (OPC on Vista and later) 
 * TCP:23 (TELNET) 
 * UDP:161 (SNMP) 
 * TCP:502 (MODBUS) 
 * TCP:102 (S7comm/ISO-TSAP) 
 * TCP:20000 (DNP3) 
 * TCP:44818 (Ethernet/IP)",None,2020-05-21T17:43:26.506Z,2026-05-12T15:12:00.723Z,624,93,MITRE ATT&CK for ICS (STIX bundle)
T0873,attack-pattern--e72425f8-9ae6-41d3-bfdb-e1b865e60722,technique,Project File Infection,"Adversaries may attempt to infect project files with malicious code. These project files may consist of objects, program organization units, variables such as tags, documentation, and other configurations needed for PLC programs to function.(Citation: Beckhoff) Using built in functions of the engineering software, adversaries may be able to download an infected program to a PLC in the operating environment enabling further [Execution](https://attack.mitre.org/tactics/TA0104) and [Persistence](https://attack.mitre.org/tactics/TA0110) techniques.(Citation: PLCdev) 

Adversaries may export their own code into project files with conditions to execute at specific intervals.(Citation: Nicolas Falliere, Liam O Murchu, Eric Chien February 2011) Malicious programs allow adversaries control of all aspects of the process enabled by the PLC. Once the project file is downloaded to a PLC the workstation device may be disconnected with the infected project file still executing.(Citation: PLCdev)",None,2020-05-21T17:43:26.506Z,2026-05-12T15:12:00.723Z,995,129,MITRE ATT&CK for ICS (STIX bundle)
T0840,attack-pattern--ea0c980c-5cf0-43a7-a049-59c4c207566e,technique,Network Connection Enumeration,"Adversaries may perform network connection enumeration to discover information about device communication patterns. If an adversary can inspect the state of a network connection with tools, such as Netstat(Citation: Netstat), in conjunction with [System Firmware](https://attack.mitre.org/techniques/T0857), then they can determine the role of certain devices on the network  (Citation: MITRE). The adversary can also use [Network Sniffing](https://attack.mitre.org/techniques/T0842) to watch network traffic for details about the source, destination, protocol, and content.",None,2020-05-21T17:43:26.506Z,2026-05-12T15:12:00.723Z,574,69,MITRE ATT&CK for ICS (STIX bundle)
T0867,attack-pattern--ead7bd34-186e-4c79-9a4d-b65bcce6ed9d,technique,Lateral Tool Transfer,"Adversaries may transfer tools or other files from one system to another to stage adversary tools or other files over the course of an operation. (Citation: Enterprise ATT&CK) Copying of files may also be performed laterally between internal victim systems to support Lateral Movement with remote Execution using inherent file sharing protocols such as file sharing over SMB to connected network shares. (Citation: Enterprise ATT&CK)

In control systems environments, malware may use SMB and other file sharing protocols to move laterally through industrial networks.",None,2020-05-21T17:43:26.506Z,2025-04-16T21:26:20.126Z,567,84,MITRE ATT&CK for ICS (STIX bundle)
T0883,attack-pattern--f8df6b57-14bc-425f-9a91-6f59f6799307,technique,Internet Accessible Device,"Adversaries may gain access into industrial environments through systems exposed directly to the internet for remote access rather than through [External Remote Services](https://attack.mitre.org/techniques/T0822). Internet Accessible Devices are exposed to the internet unintentionally or intentionally without adequate protections. This may allow for adversaries to move directly into the control system network. Access onto these devices is accomplished without the use of exploits, these would be represented within the [Exploit Public-Facing Application](https://attack.mitre.org/techniques/T0819) technique.

Adversaries may leverage built in functions for remote access which may not be protected or utilize minimal legacy protections that may be targeted. (Citation: NCCIC January 2014) These services may be discoverable through the use of online scanning tools. 

In the case of the Bowman dam incident, adversaries leveraged access to the dam control network through a cellular modem. Access to the device was protected by password authentication, although the application was vulnerable to brute forcing. (Citation: NCCIC January 2014) (Citation: Danny Yadron December 2015) (Citation: Mark Thompson March 2016)

In Trend Micros manufacturing deception operations adversaries were detected leveraging direct internet access to an ICS environment through the exposure of operational protocols such as Siemens S7, Omron FINS, and EtherNet/IP, in addition to misconfigured VNC access. (Citation: Stephen Hilt, Federico Maggi, Charles Perine, Lord Remorin, Martin Rsler, and Rainer Vosseler)",None,2020-05-21T17:43:26.506Z,2025-04-16T21:26:20.494Z,1599,212,MITRE ATT&CK for ICS (STIX bundle)
T0893,attack-pattern--fa3aa267-da22-4bdd-961f-03223322a8d5,technique,Data from Local System,"Adversaries may target and collect data from local system sources, such as file systems, configuration files, or local databases. This can include sensitive data such as specifications, schematics, or diagrams of control system layouts, devices, and processes.

Adversaries may do this using [Command-Line Interface](https://attack.mitre.org/techniques/T0807) or [Scripting](https://attack.mitre.org/techniques/T0853) techniques to interact with the file system to gather information. Adversaries may also use [Automated Collection](https://attack.mitre.org/techniques/T0802) on the local system.",None,2023-03-30T18:56:02.424Z,2025-04-15T19:59:23.577Z,596,66,MITRE ATT&CK for ICS (STIX bundle)
T0892,attack-pattern--fab8fc7d-f27f-4fbb-9de6-44740aade05f,technique,Change Credential,"Adversaries may modify software and device credentials to prevent operator and responder access. Depending on the device, the modification or addition of this password could prevent any device configuration actions from being accomplished and may require a factory reset or replacement of hardware. These credentials are often built-in features provided by the device vendors as a means to restrict access to management interfaces.

An adversary with access to valid or hardcoded credentials could change the credential to prevent future authorized device access. Change Credential may be especially damaging when paired with other techniques such as Modify Program, Data Destruction, or Modify Controller Tasking. In these cases, a device’s configuration may be destroyed or include malicious actions for the process environment, which cannot not be removed through normal device configuration actions. 

Additionally, recovery of the device and original configuration may be difficult depending on the features provided by the device. In some cases, these passwords cannot be removed onsite and may require that the device be sent back to the vendor for additional recovery steps.


A chain of incidents occurred in Germany, where adversaries locked operators out of their building automation system (BAS) controllers by enabling a previously unset BCU key. (Citation: German BAS Lockout Dec 2021)",None,2023-03-30T14:04:17.023Z,2026-05-12T15:12:00.726Z,1399,206,MITRE ATT&CK for ICS (STIX bundle)
T1695,attack-pattern--fbb67c2d-37c3-49ee-86e3-bf234cc48ca9,technique,Block Communications,"Operational technology communications occur over serial COM, Ethernet, Wi-Fi, cellular (4G/5G), and satellite mediums. Adversaries may block communications to prevent reporting messages and command messages from reaching their intended target devices disrupting processes, operations, and causing cyber-physical impacts.(Citation: Bonnie Zhu, Anthony Joseph, Shankar Sastry 2011)  

Adversaries may block communications by either making modifications to software ([System Firmware](https://attack.mitre.org/techniques/T0857), [Module Firmware](https://attack.mitre.org/techniques/T0839), [Hooking](https://attack.mitre.org/techniques/T0874), and [Rootkit](https://attack.mitre.org/techniques/T0851)) and services ([Service Stop](https://attack.mitre.org/techniques/T0881), [Denial of Service](https://attack.mitre.org/techniques/T0814)) on systems and devices or by positioning themselves between systems and devices and intercepting and blocking the communications such as the case with an [Adversary-in-the-Middle](https://attack.mitre.org/techniques/T0830) attack.",,2026-04-20T20:50:35.776Z,2026-05-12T15:12:00.726Z,1067,95,MITRE ATT&CK for ICS (STIX bundle)
T0889,attack-pattern--fc5fda7e-6b2c-4457-b036-759896a2efa2,technique,Modify Program,"Adversaries may modify or add a program on a controller to affect how it interacts with the physical process, peripheral devices and other hosts on the network. Modification to controller programs can be accomplished using a Program Download in addition to other types of program modification such as online edit and program append. 

Program modification encompasses the addition and modification of instructions and logic contained in Program Organization Units (POU)  (Citation: IEC February 2013) and similar programming elements found on controllers. This can include, for example, adding new functions to a controller, modifying the logic in existing functions and making new calls from one function to another. 

Some programs may allow an adversary to interact directly with the native API of the controller to take advantage of obscure features or vulnerabilities.",None,2021-04-13T11:15:26.506Z,2025-04-15T19:59:24.213Z,873,131,MITRE ATT&CK for ICS (STIX bundle)
A0011,x-mitre-asset--0804f037-a3b9-4715-98e1-9f73d19d6945,asset,Virtual Private Network (VPN) Server,"A VPN server is a device that is used to establish a secure network tunnel between itself and other remote VPN devices, including field VPNs. VPN servers can be used to establish a secure connection with a single remote device, or to securely bridge all traffic between two separate networks together by encapsulating all data between those networks. VPN servers typically support remote network services that are used by field VPNs to initiate the establishment of the secure VPN tunnel between the field device and server.",Embedded|Linux|Windows,2023-09-28T15:13:07.950Z,2026-05-12T15:12:00.768Z,524,86,MITRE ATT&CK for ICS (STIX bundle)
A0012,x-mitre-asset--14932ed5-1098-4cc1-9f57-159ab7366787,asset,Jump Host,"Jump hosts are devices used to support remote management sessions into ICS networks or devices. The system is used to access the ICS environment securely from external networks, such as the corporate network. The user must first remote into the jump host before they can access ICS devices. The jump host may be a customized Windows server using common remote access protocols (e.g., RDP) or a dedicated access management device. The jump host typically performs various security functions to ensure the authenticity of remote sessions, including authentication, enforcing access controls/permissions, and auditing all access attempts.",Embedded|Linux|Windows,2023-09-28T17:52:53.206Z,2026-05-12T15:12:00.768Z,635,95,MITRE ATT&CK for ICS (STIX bundle)
A0004,x-mitre-asset--1769c499-55e5-462f-bab2-c39b8cd5ae32,asset,Remote Terminal Unit (RTU),"A Remote Terminal Unit (RTU) is a device that typically resides between field devices (e.g., PLCs, IEDs) and control/SCADA servers and supports various communication interfacing and data aggregation functions. RTUs are typically responsible for forwarding commands from the control server and the collection of telemetry, events, and alerts from the field devices. An RTU can be implemented as a dedicated embedded device, as software platform that runs on a hardened/ruggedized computer, or using a custom application program on a PLC.",Embedded|Linux|Windows,2023-09-28T14:44:54.756Z,2026-05-12T15:12:00.768Z,536,80,MITRE ATT&CK for ICS (STIX bundle)
A0013,x-mitre-asset--2b676abd-8263-49ea-81a4-78a7e1f776fe,asset,Field I/O,"Field I/O are devices that communicate with a controller or data aggregator to either send input data or receive output data. Input data may include readings about a given environment/device state from sensors, while output data may include data sent back to actuators for them to either undertake actions or change parameter values.(Citation: Guidance - NIST SP800-82) These devices are frequently embedded devices running on lightweight embedded operating systems or RTOSes.",Embedded,2023-09-28T17:57:22.946Z,2026-05-12T15:12:00.768Z,476,71,MITRE ATT&CK for ICS (STIX bundle)
A0002,x-mitre-asset--3a95f7e4-4877-4967-b2e8-e287976c3e64,asset,Human-Machine Interface (HMI),"Human-Machine Interfaces (HMIs) are systems used by an operator to monitor the real-time status of an operational process and to perform necessary control functions, including the adjustment of device parameters. An HMI can take various forms, including a dedicated screen or control panel integrated with a specific device/controller, or a customizable software GUI application running on a standard operating system (e.g., MS Windows) that interfaces with a control/SCADA server. The HMI is critical to ensuring operators have sufficient visibility and control over the operational process.",Linux|Windows,2023-09-28T14:38:54.407Z,2026-05-12T15:12:00.768Z,592,85,MITRE ATT&CK for ICS (STIX bundle)
A0018,x-mitre-asset--459e4335-74e1-4136-b730-0f116f0d541d,asset,Programmable Automation Controller (PAC),"A Programmable Automation Controller (PAC) is an embedded programmable control device. PACs are designed to enable automation applications across integrated software applications, peer controllers (e.g., PLC), Human Machine Interfaces, and other systems. PACs often include advanced features for process control, motion control, drive control, and vision applications. PACs are programmed using traditional process automation programming languages (IEC-61131) and sometimes languages such as C and C++ to support more advanced controls.",Embedded,2025-09-29T18:56:19.712Z,2026-05-12T15:12:00.768Z,536,70,MITRE ATT&CK for ICS (STIX bundle)
A0009,x-mitre-asset--68388d4f-8138-420b-be2b-5a7dfe9ff6b4,asset,Data Gateway,"Data Gateway is a device that supports the communication and exchange of data between different systems, networks, or protocols within the ICS. Different types of data gateways are used to perform various functions, including:

 *  <u>Protocol Translation:</u> Enable communication to devices that support different or incompatible protocols by translating information from one protocol to another. 
 *  <u>Media Converter:</u> Convert data across different Layer 1 and 2 network protocols / mediums, for example, converting from Serial to Ethernet. 
 *  <u>Data Aggregation:</u> Collect and combine data from different devices into one consistent format and protocol interface. 
*  <u>Data Mirroring:</u> Create a real-time, exact copy of data streams from devices to a separate destination for redundancy, monitoring, or backup purposes.

Data gateways are often critical to the forwarding/transmission of critical control or monitoring data within the ICS. Further, these devices often have remote various network services that are used to communicate across different zones or networks.  

These assets may focus on a single function listed below or combinations of these functions to best fit the industry use-case.",Windows|Linux|Embedded|Network,2023-09-28T15:01:48.509Z,2026-05-12T15:12:00.768Z,1220,174,MITRE ATT&CK for ICS (STIX bundle)
A0010,x-mitre-asset--69d1b1ef-e918-4cfd-9a98-29debd04cb32,asset,Safety Controller,"Safety controllers are typically a type of field device used to perform the safety critical function. Safety controllers often support the deployment of custom programs/logic, similar to a PLC, but can also be tailored for sector specific functions/applications. The safety controllers typically utilize redundant hardware and processors to ensure they operate reliably if a component fails.",Embedded,2023-09-28T15:10:05.534Z,2026-05-12T15:12:00.768Z,391,56,MITRE ATT&CK for ICS (STIX bundle)
A0005,x-mitre-asset--75f810ad-b678-4c57-b93b-fdc79bba0c04,asset,Intelligent Electronic Device (IED),"An Intelligent Electronic Device (IED) is a type of specialized field device that is designed to perform specific operational functions, frequently for protection, monitoring, or control within the electric sector. IEDs are typically used to both acquire telemetry and execute tailored control algorithms/actions based on customizable parameters/settings. An IED is usually implemented as a dedicated embedded device and supports various network automation protocols to communicate with RTUs and Control Servers.",Embedded,2023-09-28T14:46:42.566Z,2026-05-12T15:12:00.768Z,512,70,MITRE ATT&CK for ICS (STIX bundle)
A0017,x-mitre-asset--85f285f9-0a48-4998-921d-8a47d81c0e6d,asset,Distributed Control System (DCS) Controller,"A Distributed Control System (DCS) Controller is a microprocessor unit that is used to manage automation processes. DCS Controllers are often found in plants (chemical, manufacturing, oil and gas, etc.) where large scale continuous automation processes are required. A DCS Controller typically operates as part of a larger networked system with other DCS Controllers where each DCS Controller manages an individual part of a continuous process. In addition to these other controllers, DCS Controllers operate along side multiple other system components including system software, operator stations, and other embedded field controllers. The distributed nature of DCS Controllers provides scalability, redundancy, and improved process reliability. DCS Controllers are programmed using traditional process automation programming languages (IEC-61131).",Embedded,2025-09-24T22:53:09.627Z,2026-05-12T15:12:00.768Z,849,115,MITRE ATT&CK for ICS (STIX bundle)
A0008,x-mitre-asset--973bc51e-c41e-4cec-ac03-9389c71f3d0d,asset,Application Server,"Application servers are used across many different sectors to host various diverse software applications necessary to supporting the ICS. Example functions can include data analytics and reporting, alarm management, and the management/coordination of different control servers.  The application server typically runs on a modern server operating system (e.g., MS Windows Server).",Linux|Windows,2023-09-28T14:58:00.982Z,2026-05-12T15:12:00.768Z,379,51,MITRE ATT&CK for ICS (STIX bundle)
A0003,x-mitre-asset--986c455b-0f43-42b6-8360-33ac48bd9990,asset,Programmable Logic Controller (PLC),"A Programmable Logic Controller (PLC) is an embedded programmable control device. PLCs typically utilize a modular architecture with separate modules used to support its processing capabilities, communication mediums, and I/O interfaces. PLCs allow for the deployment of customized programs/logic to control or monitor an operational process. This logic is defined using industry specific programming languages, such as IEC 61131 (Citation: IEC February 2013), which define the set of tasks and program organizational units (POUs) included in the device’s programs.  PLCs also typically have distinct operating modes (e.g., Remote, Run, Program, Stop) which are used to determine when the device can be programmed or whether it should execute the custom logic.",Embedded,2023-09-28T14:43:05.105Z,2026-05-12T15:12:00.768Z,760,110,MITRE ATT&CK for ICS (STIX bundle)
A0016,x-mitre-asset--bb141168-ae41-4974-8ece-dc9b63e59237,asset,Firewall,"A gateway that limits access between networks in accordance with local security policy.

In ICS networks, firewalls can exist in multiple locations in the network architecture and  serve a variety of purposes. The first, and often the most important, is the firewall segmenting the ICS network from the business network. This firewall acts as the primary network boundary point that controls the ingress/egress of network traffic between the ICS and business networks. This firewall may also be a single device connected to multiple network segments, where the firewall defines individual zones for the different network segments and can control access to the zones and between the zones. This can limit the ability of an adversary to traverse a network.",Embedded|Windows|Linux|Network,2025-09-24T18:17:26.575Z,2026-05-12T14:53:28.476Z,754,119,MITRE ATT&CK for ICS (STIX bundle)
A0015,x-mitre-asset--bb553fda-8355-40bc-87c6-5ae25124fa95,asset,Switch,"A switch is a network device that connects endpoints (e.g., workstations, servers, HMIs, PLCs, etc.) so that they can communicate and share data and resources. Switches may operate at either Layer 2 or Layer 3 of the OSI Model and intelligently forward packets across the network based on the specified address (Media Access Control (MAC) address for Layer 2 and Internet Protocol (IP) address for Layer 3). Switches are typically used to define network segments and connect the devices within a particular level of the Purdue Model.",Embedded|Network,2025-09-24T17:53:28.482Z,2026-05-12T15:12:00.768Z,533,87,MITRE ATT&CK for ICS (STIX bundle)
A0014,x-mitre-asset--dcb1d1c1-b195-45bf-b4cf-5b98c5b859a5,asset,Routers,A computer that is a gateway between two networks at OSI layer 3 and that relays and directs data packets through that inter-network. The most common form of router operates on IP packets.(Citation: IETF RFC4949 2007),Embedded|Network,2023-09-29T18:55:09.319Z,2026-05-12T15:12:00.768Z,217,36,MITRE ATT&CK for ICS (STIX bundle)
A0006,x-mitre-asset--e2c3336a-dd93-44d6-8246-f93cf132c499,asset,Data Historian,"Data historians, or historian, are systems used to collect and store data, including telemetry, events, alerts, and alarms about the operational process and supporting devices. The historian typically utilizes a database to store this data, and commonly provide tools and interfaces to support the analysis of the data. Data historians are often used to support various engineering or business analysis functions and therefore commonly needs access from the corporate network. Data historians often work in a hierarchical paradigm where lower/site level historians collect and store data which is then aggregated into a site/plant level historian. Therefore, data historians often have remote services that can be accessed externally from the ICS network. Many data historian vendors have designed their software to securely transfer data between the ICS and business networks instead of requiring business systems to access the data historian in the ICS network directly.",Embedded|Linux|Windows,2023-09-28T14:48:36.305Z,2026-05-12T15:12:00.768Z,972,144,MITRE ATT&CK for ICS (STIX bundle)
A0007,x-mitre-asset--ecb81a8b-022e-4529-a404-55cffca7d3a3,asset,Control Server,"Control servers are typically a software platform that runs on a modern server operating system (e.g., MS Windows Server). The server typically uses one or more automation protocols (e.g., Modbus, DNP3) to communicate with the various low-level control devices such as Remote Terminal Units (RTUs) and Programmable Logic Controllers (PLCs). The control server also usually provides an interface/network service to connect with an HMI.",Embedded|Linux|Windows,2023-09-28T14:55:39.339Z,2026-05-12T15:12:00.768Z,434,64,MITRE ATT&CK for ICS (STIX bundle)
A0001,x-mitre-asset--f1315d02-9118-4e3b-8cdf-4c2d3f77ce41,asset,Workstation,"Workstations are devices used by human operators or engineers to perform various configuration, programming, maintenance, diagnostic, or operational tasks. Workstations typically utilize standard desktop or laptop hardware and operating systems (e.g., MS Windows), but run dedicated control system applications or diagnostic/management software     to support interfacing with the control servers or field devices. Some workstations have a fixed location within the network architecture, while others are transient devices that are directly connected to various field devices to support local management activities.",Linux|Windows,2023-09-28T14:22:49.837Z,2026-05-12T15:12:00.768Z,615,80,MITRE ATT&CK for ICS (STIX bundle)
TA0107,x-mitre-tactic--298fe907-7931-4fd2-8131-2814dd493134,tactic,Inhibit Response Function,"The adversary is trying to prevent your safety, protection, quality assurance, and operator intervention functions from responding to a failure, hazard, or unsafe state.

Inhibit Response Function consists of techniques that adversaries use to hinder the safeguards put in place for processes and products. This may involve the inhibition of safety, protection, quality assurance, or operator intervention functions to disrupt safeguards that aim to prevent the loss of life, destruction of equipment, and disruption of production. These techniques aim to actively deter and prevent expected alarms and responses that arise due to statuses in the ICS environment. Adversaries may modify or update system logic, or even outright prevent responses with a denial-of-service. They may result in the prevention, destruction, manipulation, or modification of programs, logic, devices, and communications. As prevention functions are generally dormant, reporting and processing functions can appear fine, but may have been altered to prevent failure responses in dangerous scenarios. Unlike [Evasion](https://attack.mitre.org/tactics/TA0103), Inhibit Response Function techniques may be more intrusive, such as actively preventing responses to a known dangerous scenario. Adversaries may use these techniques to follow through with or provide cover for [Impact](https://attack.mitre.org/tactics/TA0105) techniques.",,2018-10-17T00:14:20.652Z,2025-04-16T21:26:21.065Z,1407,188,MITRE ATT&CK for ICS (STIX bundle)
TA0111,x-mitre-tactic--33752ae7-f875-4f43-bdb6-d8d02d341046,tactic,Privilege Escalation,"The adversary is trying to gain higher-level permissions.

Privilege Escalation consists of techniques that adversaries use to gain higher-level permissions on a system or network. Adversaries can often enter and explore a network with unprivileged access but require elevated permissions to follow through on their objectives. Common approaches are to take advantage of system weaknesses, misconfigurations, and vulnerabilities.",,2021-04-10T17:32:33.899Z,2025-04-16T21:26:21.215Z,429,58,MITRE ATT&CK for ICS (STIX bundle)
TA0109,x-mitre-tactic--51c25a9e-8615-40c0-8afd-1da578847924,tactic,Lateral Movement,"The adversary is trying to move through your ICS environment.

Lateral Movement consists of techniques that adversaries use to enter and control remote systems on a network. These techniques abuse default credentials, known accounts, and vulnerable services, and may also leverage dual-homed devices and systems that reside on both the IT and OT networks. The adversary uses these techniques to pivot to their next point in the environment, positioning themselves to where they want to be or think they should be. Following through on their primary objective often requires [Discovery](https://attack.mitre.org/tactics/TA0102) of the network and [Collection](https://attack.mitre.org/tactics/TA0100) to develop awareness of unique ICS devices and processes, in order to find their target and subsequently gain access to it. Reaching this objective often involves pivoting through multiple systems, devices, and accounts. Adversaries may install their own remote tools to accomplish Lateral Movement or leverage default tools, programs, and manufacturer set or other legitimate credentials native to the network, which may be stealthier.",,2018-10-17T00:14:20.652Z,2025-04-16T21:26:21.394Z,1136,159,MITRE ATT&CK for ICS (STIX bundle)
TA0102,x-mitre-tactic--696af733-728e-49d7-8261-75fdc590f453,tactic,Discovery,"The adversary is locating information to assess and identify their targets in your environment.

Discovery consists of techniques that adversaries use to survey your ICS environment and gain knowledge about the internal network, control system devices, and how their processes interact. These techniques help adversaries observe the environment and determine next steps for target selection and Lateral Movement. They also allow adversaries to explore what they can control and gain insight on interactions between various control system processes. Discovery techniques are often an act of progression into the environment which enable the adversary to orient themselves before deciding how to act. Adversaries may use Discovery techniques that result in Collection, to help determine how available resources benefit their current objective. A combination of native device communications and functions, and custom tools are often used toward this post-compromise information-gathering objective.",,2018-10-17T00:14:20.652Z,2025-04-25T14:39:28.358Z,995,139,MITRE ATT&CK for ICS (STIX bundle)
TA0108,x-mitre-tactic--69da72d2-f550-41c5-ab9e-e8255707f28a,tactic,Initial Access,"The adversary is trying to get into your ICS environment.

Initial Access consists of techniques that adversaries may use as entry vectors to gain an initial foothold within an ICS environment. These techniques include compromising operational technology assets, IT resources in the OT network, and external remote services and websites. They may also target third party entities and users with privileged access. In particular, these initial access footholds may include devices and communication mechanisms with access to and privileges in both the IT and OT environments. IT resources in the OT environment are also potentially vulnerable to the same attacks as enterprise IT systems. Trusted third parties of concern may include vendors, maintenance personnel, engineers, external integrators, and other outside entities involved in expected ICS operations. Vendor maintained assets may include physical devices, software, and operational equipment. Initial access techniques may also leverage outside devices, such as radios, controllers, or removable media, to remotely interfere with and possibly infect OT operations.",,2018-10-17T00:14:20.652Z,2025-04-25T14:39:28.727Z,1125,161,MITRE ATT&CK for ICS (STIX bundle)
TA0105,x-mitre-tactic--77542f83-70d0-40c2-8a9d-ad2eb8b00279,tactic,Impact,"The adversary is trying to manipulate, interrupt, or destroy your ICS systems, data, and their surrounding environment.

Impact consists of techniques that adversaries use to disrupt, compromise, destroy, and manipulate the integrity and availability of control system operations, processes, devices, and data. These techniques encompass the influence and effects resulting from adversarial efforts to attack the ICS environment or that tangentially impact it. Impact techniques can result in more instantaneous disruption to control processes and the operator, or may result in more long term damage or loss to the ICS environment and related operations. The adversary may leverage [Impair Process Control](https://attack.mitre.org/tactics/TA0106) techniques, which often manifest in more self-revealing impacts on operations, or [Impair Process Control](https://attack.mitre.org/tactics/TA0106) techniques to hinder safeguards and alarms in order to follow through with and provide cover for Impact. In some scenarios, control system processes can appear to function as expected, but may have been altered to benefit the adversary’s goal over the course of a longer duration. These techniques might be used by adversaries to follow through on their end goal or to provide cover for a confidentiality breach.

[Loss of Productivity and Revenue](https://attack.mitre.org/techniques/T0828), [Theft of Operational Information](https://attack.mitre.org/techniques/T0882), and [Damage to Property](https://attack.mitre.org/techniques/T0879) are meant to encompass some of the more granular goals of adversaries in targeted and untargeted attacks. These techniques in and of themselves are not necessarily detectable, but the associated adversary behavior can potentially be mitigated and/or detected.",,2019-03-14T18:44:44.639Z,2025-04-16T21:26:21.936Z,1796,234,MITRE ATT&CK for ICS (STIX bundle)
TA0110,x-mitre-tactic--78f1d2ae-a579-44c4-8fc5-3e1775c73fac,tactic,Persistence,"The adversary is trying to maintain their foothold in your ICS environment.

Persistence consists of techniques that adversaries use to maintain access to ICS systems and devices across restarts, changed credentials, and other interruptions that could cut off their access. Techniques used for persistence include any access, action, or configuration changes that allow them to secure their ongoing activity and keep their foothold on systems. This may include replacing or hijacking legitimate code, firmware, and other project files, or adding startup code and downloading programs onto devices.",,2018-10-17T00:14:20.652Z,2025-04-25T14:39:29.269Z,597,87,MITRE ATT&CK for ICS (STIX bundle)
TA0104,x-mitre-tactic--93bf9a8e-b14c-4587-b6d5-9efc7c12eb45,tactic,Execution,"The adversary is trying to run code or manipulate system functions, parameters, and data in an unauthorized way.

Execution consists of techniques that result in adversary-controlled code running on a local or remote system, device, or other asset. This execution may also rely on unknowing end users or the manipulation of device operating modes to run. Adversaries may infect remote targets with programmed executables or malicious project files that operate according to specified behavior and may alter expected device behavior in subtle ways. Commands for execution may also be issued from command-line interfaces, APIs, GUIs, or other available interfaces. Techniques that run malicious code may also be paired with techniques from other tactics, particularly to aid network [Discovery](https://attack.mitre.org/tactics/TA0102) and [Collection](https://attack.mitre.org/tactics/TA0100), impact operations, and inhibit response functions.",,2018-10-17T00:14:20.652Z,2025-04-16T21:26:22.274Z,943,126,MITRE ATT&CK for ICS (STIX bundle)
TA0101,x-mitre-tactic--97c8ff73-bd14-4b6c-ac32-3d91d2c41e3f,tactic,Command and Control,"The adversary is trying to communicate with and control compromised systems, controllers, and platforms with access to your ICS environment.

Command and Control consists of techniques that adversaries use to communicate with and send commands to compromised systems, devices, controllers, and platforms with specialized applications used in ICS environments. Examples of these specialized communication devices include human machine interfaces (HMIs), data historians, SCADA servers, and engineering workstations (EWS). Adversaries often seek to use commonly available resources and mimic expected network traffic to avoid detection and suspicion. For instance, commonly used ports and protocols in ICS environments, and even expected IT resources, depending on the target network. Command and Control may be established to varying degrees of stealth, often depending on the victim’s network structure and defenses.",,2018-10-17T00:14:20.652Z,2025-04-25T14:39:29.812Z,916,126,MITRE ATT&CK for ICS (STIX bundle)
TA0100,x-mitre-tactic--b2a67b1e-913c-46f6-b219-048a90560bb9,tactic,Collection,"The adversary is trying to gather data of interest and domain knowledge on your ICS environment to inform their goal.

Collection consists of techniques adversaries use to gather domain knowledge and obtain contextual feedback in an ICS environment. This tactic is often performed as part of [Discovery](https://attack.mitre.org/tactics/TA0102), to compile data on control systems and targets of interest that may be used to follow through on the adversary’s objective. Examples of these techniques include observing operation states, capturing screenshots, identifying unique device roles, and gathering system and diagram schematics. Collection of this data can play a key role in planning, executing, and even revising an ICS-targeted attack. Methods of collection depend on the categories of data being targeted, which can include protocol specific, device specific, and process specific configurations and functionality. Information collected may pertain to a combination of system, supervisory, device, and network related data, which conceptually fall under high, medium, and low levels of plan operations. For example, information repositories on plant data at a high level or device specific programs at a low level. Sensitive floor plans, vendor device manuals, and other references may also be at risk and exposed on the internet or otherwise publicly accessible.",,2018-10-17T00:14:20.652Z,2025-04-16T21:26:22.653Z,1374,199,MITRE ATT&CK for ICS (STIX bundle)
TA0103,x-mitre-tactic--ddf70682-f3ce-479c-a9a4-7eadf9bfead7,tactic,Evasion,"The adversary is trying to avoid security defenses.

Evasion consists of techniques that adversaries use to avoid technical defenses throughout their campaign. Techniques used for evasion include removal of indicators of compromise, spoofing communications, and exploiting software vulnerabilities. Adversaries may also leverage and abuse trusted devices and processes to hide their activity, possibly by masquerading as master devices or native software. Methods of defense evasion for this purpose are often more passive in nature.",,2018-10-17T00:14:20.652Z,2025-04-25T14:39:30.353Z,533,74,MITRE ATT&CK for ICS (STIX bundle)
TA0106,x-mitre-tactic--ff048b6c-b872-4218-b68c-3735ebd1f024,tactic,Impair Process Control,"The adversary is trying to manipulate, disable, or damage physical control processes.

Impair Process Control consists of techniques that adversaries use to disrupt control logic and cause determinantal effects to processes being controlled in the target environment. Targets of interest may include active procedures or parameters that manipulate the physical environment. These techniques can also include prevention or manipulation of reporting elements and control logic. If an adversary has modified process functionality, then they may also obfuscate the results, which are often self-revealing in their impact on the outcome of a product or the environment. The direct physical control these techniques exert may also threaten the safety of operators and downstream users, which can prompt response mechanisms. Adversaries may follow up with or use [Inhibit Response Function](https://attack.mitre.org/tactics/TA0107) techniques in tandem, to assist with the successful abuse of control processes to result in [Impact](https://attack.mitre.org/tactics/TA0105).",,2018-10-17T00:14:20.652Z,2025-04-16T21:26:23.006Z,1067,143,MITRE ATT&CK for ICS (STIX bundle)
AN1881,x-mitre-analytic--0099659c-6a20-4331-9d47-b1c0c380fd6b,analytic,Analytic 1881,"Monitor for unexpected/abnormal access to files that may be malicious collection of local data, such as user files (e.g., .pdf, .docx, .jpg, .dwg   ) or local databases.
Monitor for newly executed processes that may search local system sources, such as file systems or local databases, to find files of interest and sensitive data.
Monitor for any suspicious attempts to enable scripts running on a system. If scripts are not commonly used on a system, but enabled, scripts running out of cycle from patching or other administrator functions are suspicious. Scripts should be captured from the file system when possible to determine their actions and intent. Data may also be acquired through Windows system management tools such as [Windows Management Instrumentation](https://attack.mitre.org/techniques/T1047) and [PowerShell](https://attack.mitre.org/techniques/T1059/001).
Monitor for API calls that may search local system sources, such as file systems or local databases, to find files of interest and sensitive data. 
Monitor executed commands and arguments that may search and collect local system sources, such as file systems or local databases, to find files of interest and sensitive data. Remote access tools with built-in features may interact directly with the Windows API to gather data. Data may also be acquired through Windows system management tools such as [Windows Management Instrumentation](https://attack.mitre.org/techniques/T1047) and [PowerShell](https://attack.mitre.org/techniques/T1059/001).",None,2025-10-21T15:10:28.402Z,2025-10-21T15:10:28.402Z,1523,208,MITRE ATT&CK for ICS (STIX bundle)
AN1936,x-mitre-analytic--058d856a-6356-402f-b3ff-a7c1b6186921,analytic,Analytic 1936,"Monitor network data for uncommon  data flows (e.g., time of day, unusual source/destination address) that may be related to abuse of [Valid Accounts](https://attack.mitre.org/techniques/T0859) to log into a service specifically designed to accept remote connections, such as RDP, Telnet, SSH, and VNC.
Monitor DLL file events, specifically creation of these files as well as the loading of DLLs into processes specifically designed to accept remote connections, such as RDP, Telnet, SSH, and VNC.
Monitor for user accounts logged into systems they would not normally access or abnormal access patterns, such as multiple systems over a relatively short period of time. Correlate use of login activity related to remote services with unusual behavior or other malicious or suspicious activity. Adversaries will likely need to learn about an environment and the relationships between systems through Discovery techniques prior to attempting Lateral Movement. For added context on adversary procedures and background see [Remote Services](https://attack.mitre.org/techniques/T1021) and applicable sub-techniques.
Monitor for newly executed processes related to services specifically designed to accept remote connections, such as RDP, Telnet, SSH, and VNC. The adversary may use [Valid Accounts](https://attack.mitre.org/techniques/T0859) to login and may perform follow-on actions that spawn additional processes as the user.
Monitor executed commands and arguments to services specifically designed to accept remote connections, such as RDP, Telnet, SSH, and VNC. The adversary may then perform these actions using [Valid Accounts](https://attack.mitre.org/techniques/T0859).
Monitor for newly constructed network connections into a service specifically designed to accept remote connections, such as RDP, Telnet, SSH, and VNC. Monitor network connections involving common remote management protocols, such as ports tcp:3283 and tcp:5900, as well as ports tcp:3389 and tcp:22 for remote logins. The adversary may use [Valid Accounts](https://attack.mitre.org/techniques/T0859) to enable remote logins.
Monitor interactions with network shares, such as reads or file transfers, using remote services such as Server Message Block (SMB). For added context on adversary procedures and background see [Remote Services](https://attack.mitre.org/techniques/T1021) and applicable sub-techniques.",None,2025-10-21T15:10:28.402Z,2025-10-21T15:10:28.402Z,2386,314,MITRE ATT&CK for ICS (STIX bundle)
AN1855,x-mitre-analytic--05ca4f07-df4f-4e88-b216-f40ca6ce39b8,analytic,Analytic 1855,"Monitor for API calls that can be used to install a hook procedure, such as the SetWindowsHookEx and SetWinEventHook functions.(Citation: Microsoft Hook Overview)(Citation: Volatility Detecting Hooks Sept 2012) Also consider analyzing hook chains (which hold pointers to hook procedures for each type of hook) using tools(Citation: Volatility Detecting Hooks Sept 2012)(Citation: PreKageo Winhook Jul 2011)(Citation: Jay GetHooks Sept 2011) or by programmatically examining internal kernel structures.(Citation: Zairon Hooking Dec 2006)(Citation: EyeofRa Detecting Hooking June 2017)
Verify integrity of live processes by comparing code in memory to that of corresponding static binaries, specifically checking for jumps and other instructions that redirect code flow.",None,2025-10-21T15:10:28.402Z,2025-10-21T15:10:28.402Z,768,102,MITRE ATT&CK for ICS (STIX bundle)
AN2055,x-mitre-analytic--0b4e7cfa-9f9d-49b0-b5bf-afdf62058c5a,analytic,Analytic 2055,"Monitor asset alarms which may help identify a loss of communications. Consider correlating alarms with other data sources that indicate traffic has been blocked, such as network traffic. In cases where alternative methods of communicating with outstations exist, alarms may still be visible even if Wi-Fi messages are blocked.

Monitor for a loss of network communications, which may indicate this technique is being used.

Monitor for lack of operational process data which may help identify a loss of communications. This will not directly detect the technique’s execution, but instead may provide additional evidence that the technique has been used and may complement other detections.

Monitor application logs for changes to settings and other events associated with network protocols that may be used to block communications.

Monitor for the termination of processes or services associated with ICS automation protocols and application software which could help detect blocked communications.",None,2026-04-22T22:55:44.526Z,2026-05-12T16:30:18.375Z,1001,147,MITRE ATT&CK for ICS (STIX bundle)
AN2048,x-mitre-analytic--1017530e-423d-4857-80b6-99891bf82d28,analytic,Analytic 2048,"Monitor network traffic for insecure credential use in protocols that allow unencrypted authentication.

Monitor logon sessions for insecure credential use, when feasible.",None,2026-04-22T16:28:31.400Z,2026-05-12T16:30:18.375Z,171,22,MITRE ATT&CK for ICS (STIX bundle)
AN1916,x-mitre-analytic--11a350cf-1ea0-4065-877b-c3bb410bf3a0,analytic,Analytic 1916,"Monitor for the termination of processes or services associated with ICS automation protocols and application software which could help detect blocked communications.
Monitor for lack of operational process data which may help identify a loss of communications. This will not directly detect the technique’s execution, but instead may provide additional evidence that the technique has been used and may complement other detections.
Monitor application logs for changes to settings and other events associated with network protocols that may be used to block communications.
Monitor for a loss of network communications, which may indicate this technique is being used.
Monitor asset alarms which may help identify a loss of communications. Consider correlating alarms with other data sources that indicate traffic has been blocked, such as network traffic. In cases where alternative methods of communicating with outstations exist alarms may still be visible even if command messages are blocked.",None,2025-10-21T15:10:28.402Z,2025-10-21T15:10:28.402Z,998,147,MITRE ATT&CK for ICS (STIX bundle)
AN1886,x-mitre-analytic--1672d2e3-8756-4380-b22c-517aa9f1cce0,analytic,Analytic 1886,"Monitor for newly constructed logon behavior within Microsoft's SharePoint can be configured to report access to certain pages and documents.(Citation: Microsoft SharePoint Logging) Sharepoint audit logging can also be configured to report when a user shares a resource.(Citation: Sharepoint Sharing Events) The user access logging within Atlassian's Confluence can also be configured to report access to certain pages and documents through AccessLogFilter.(Citation: Atlassian Confluence Logging) Additional log storage and analysis infrastructure will likely be required for more robust detection capabilities. 
In the case of detecting collection from shared network drives monitor for unexpected and abnormal accesses to network shares. 
Monitor for third-party application logging, messaging, and/or other artifacts that may leverage information repositories to mine valuable information. Information repositories generally have a considerably large user base, detection of malicious use can be non-trivial. At minimum, access to information repositories performed by privileged users (for example, Active Directory Domain, Enterprise, or Schema Administrators) should be closely monitored and alerted upon, as these types of accounts should generally not be used to access information repositories. If the capability exists, it may be of value to monitor and alert on users that are retrieving and viewing a large number of documents and pages; this behavior may be indicative of programmatic means being used to retrieve all data within the repository. In environments with high-maturity, it may be possible to leverage User-Behavioral Analytics (UBA) platforms to detect and alert on user-based anomalies.",None,2025-10-21T15:10:28.402Z,2025-10-21T15:10:28.402Z,1713,238,MITRE ATT&CK for ICS (STIX bundle)
AN1860,x-mitre-analytic--1be515a0-2656-4b35-a561-e8157169350d,analytic,Analytic 1860,"Monitor ICS automation network protocols for functions related to reading an operational process state (e.g., “Read” function codes in protocols like DNP3 or Modbus). In some cases, there may be multiple ways to monitor an operational process’ state, one of which is typically used in the operational environment. Monitor for the operating mode being checked in unexpected ways.
Monitor applications logs for any access attempts to operational databases (e.g., historians) or other sources of operational data within the ICS environment. These devices should be monitored for adversary collection using techniques relevant to the underlying technologies (e.g., Windows, Linux).",None,2025-10-21T15:10:28.402Z,2025-10-21T15:10:28.402Z,677,98,MITRE ATT&CK for ICS (STIX bundle)
AN1895,x-mitre-analytic--1e9c5d46-14e2-4efc-8861-e6dc942b3b9c,analytic,Analytic 1895,No standard detection method currently exists for this technique.,None,2025-10-21T15:10:28.402Z,2025-10-21T15:10:28.402Z,65,9,MITRE ATT&CK for ICS (STIX bundle)
AN1874,x-mitre-analytic--2195ec67-7cea-4b0d-a678-18384089bf2c,analytic,Analytic 1874,"Monitor asset application logs for information that indicate task parameters have changed.
Monitor device alarms that indicate controller task parameters have changed, although not all devices produce such alarms.
 
[Program Download](https://attack.mitre.org/techniques/T0843) may be used to enable this technique. Monitor for program downloads which may be noticeable via operational alarms. Asset management systems should be consulted to understand expected program versions.
Engineering and asset management software will often maintain a copy of the expected program loaded on a controller and may also record any changes made to controller programs and tasks. Data from these platforms can be used to identify modified controller tasking.",None,2025-10-21T15:10:28.402Z,2025-10-21T15:10:28.402Z,745,102,MITRE ATT&CK for ICS (STIX bundle)
AN2058,x-mitre-analytic--22b202f2-d4dd-44dd-b5e1-791ff2aef8ed,analytic,Analytic 2058,"Monitor device alarms for program downloads, although not all devices produce such alarms.

Monitor for protocol functions related to program download or modification. Program downloads may be observable in ICS automation protocols and remote management protocols.

Consult asset management systems to understand expected program versions.

Monitor devices configuration logs which may contain alerts that indicate whether a program download has occurred. Devices may maintain application logs that indicate whether a full program download, online edit, or program append function has occurred.",None,2026-04-23T00:42:36.732Z,2026-05-12T16:30:18.376Z,594,81,MITRE ATT&CK for ICS (STIX bundle)
AN1859,x-mitre-analytic--2388dc31-ba9a-4c12-b4b9-28bbc981c73e,analytic,Analytic 1859,"Monitor login sessions for new or unexpected devices or sessions on wireless networks.
Monitor application logs for new or unexpected devices or sessions on wireless networks.
New or irregular network traffic flows may indicate potentially unwanted devices or sessions on wireless networks. In Wi-Fi networks monitor for changes such as rogue access points or low signal strength, indicating a device is further away from the access point then expected and changes in the physical layer signal.(Citation: Nzyme Alerts Intro) (Citation: Wireless Intrusion Detection) Network traffic content will provide important context, such as hardware (e.g., MAC) addresses, user accounts, and types of messages sent.",None,2025-10-21T15:10:28.402Z,2025-10-21T15:10:28.402Z,704,103,MITRE ATT&CK for ICS (STIX bundle)
AN1925,x-mitre-analytic--23ce0ac3-6afe-4647-be72-e1e9bcd1490e,analytic,Analytic 1925,"Monitor for any suspicious attempts to enable script execution on a system. If scripts are not commonly used on a system, but enabled, scripts running out of cycle from patching or other administrator functions are suspicious. Scripts should be captured from the file system when possible to determine their actions and intent.
Monitor executed commands and associated arguments for application programs which support executing custom code, scripts, commands, or executables. 
Monitor for unusual processes execution, especially for processes that allow the proxy execution of malicious files.",None,2025-10-21T15:10:28.402Z,2025-10-21T15:10:28.402Z,593,86,MITRE ATT&CK for ICS (STIX bundle)
AN1926,x-mitre-analytic--23eb2bc3-735d-4425-96e1-f9d3a1453bfa,analytic,Analytic 1926,"Monitor industrial process history data for events that correspond with command message functions, such as setpoint modification or changes to system status for key devices. This will not directly detect the technique’s execution, but instead may provide additional evidence that the technique has been used and may complement other detections.
Monitor for anomalous or unexpected commands that may result in changes to the process operation (e.g., discrete write, logic and device configuration, mode changes) observable via asset application logs.
Monitor for new or unexpected connections to controllers, which could indicate an Unauthorized Command Message being sent via [Rogue Master](https://attack.mitre.org/techniques/T0848).
Monitor for anomalous or unexpected commands that may result in changes to the process operation (e.g., discrete write, logic and device configuration, mode changes) observable via asset application logs.
Monitor for unexpected ICS protocol command functions to controllers from existing master devices (including from new processes) or from new devices. The latter is like detection for [Rogue Master](https://attack.mitre.org/techniques/T0848) but requires ICS function level insight to determine if an unauthorized device is issuing commands (e.g., a historian).

Monitoring for unexpected or problematic values below the function level will provide better insights into potentially malicious activity but at the cost of additional false positives depending on the underlying operational process.",None,2025-10-21T15:10:28.402Z,2025-10-21T15:10:28.402Z,1534,207,MITRE ATT&CK for ICS (STIX bundle)
AN1932,x-mitre-analytic--28eb77c1-1834-4b7a-a06f-afebb7f2e756,analytic,Analytic 1932,"Monitor for newly executed processes that can aid in sniffing network traffic to capture information about an environment.
Monitor executed commands and arguments for actions that aid in sniffing network traffic to capture information about an environment.",None,2025-10-21T15:10:28.402Z,2025-10-21T15:10:28.402Z,256,37,MITRE ATT&CK for ICS (STIX bundle)
AN1907,x-mitre-analytic--29b6e4b8-878c-4139-aa56-7e1513714d34,analytic,Analytic 1907,No standard detection method currently exists for this technique.,None,2025-10-21T15:10:28.402Z,2025-10-21T15:10:28.402Z,65,9,MITRE ATT&CK for ICS (STIX bundle)
AN2066,x-mitre-analytic--2b751a3d-c680-46c9-b92b-55a9d24bd4f9,analytic,Analytic 2066,Monitor for newly constructed drive letters or mount points to removable media. Monitor for newly executed processes that execute from removable media after it is mounted or when initiated by a user.,None,2026-05-04T13:53:11.589Z,2026-05-12T16:30:18.376Z,199,32,MITRE ATT&CK for ICS (STIX bundle)
AN1868,x-mitre-analytic--302a5327-70cf-44b5-b592-ce9a62014dcc,analytic,Analytic 1868,"Monitor command-line arguments for script execution and subsequent behavior. Actions may be related to network and system information Discovery, Collection, or other scriptable post-compromise behaviors and could be used as indicators of detection leading back to the source script. Scripts are likely to perform actions with various effects on a system that may generate events, depending on the types of monitoring used. 
Monitor log files for process execution through command-line and scripting activities. This information can be useful in gaining additional insight to adversaries' actions through how they use native processes or custom tools. Also monitor for loading of modules associated with specific languages.
Monitor contextual data about a running process, which may include information such as environment variables, image name, user/owner, or other information that may reveal abuse of system features. 
Monitor for events associated with scripting execution, such as the loading of modules associated with scripting languages (e.g., JScript.dll, vbscript.dll).
Monitor for any attempts to enable scripts running on a system would be considered suspicious. If scripts are not commonly used on a system, but enabled, scripts running out of cycle from patching or other administrator functions are suspicious. Scripts should be captured from the file system when possible to determine their actions and intent.",None,2025-10-21T15:10:28.402Z,2025-10-21T15:10:28.402Z,1425,207,MITRE ATT&CK for ICS (STIX bundle)
AN1872,x-mitre-analytic--322ac45b-d540-4d2a-84a1-cde200238b95,analytic,Analytic 1872,"Monitor for files (such as /etc/hosts) being accessed that may attempt to get a listing of other systems by IP address, hostname, or other logical identifier on a network that may be used for Lateral Movement from the current system.
Monitor for newly executed processes that can be used to discover remote systems, such as ping.exe and tracert.exe  , especially when executed in quick succession.(Citation: Elastic - Koadiac Detection with EQL) Consider monitoring for new processes engaging in scanning activity or connecting to multiple systems by correlating process creation network data.
Monitor for anomalies related to discovery related ICS functions, including devices that have not previously used these functions or for functions being sent to many outstations. Note that some ICS protocols use broadcast or multicast functionality, which may produce false positives. Also monitor for hosts enumerating network connected resources using non-ICS enterprise protocols.
Monitor for new ICS protocol connections to existing assets or for device scanning (i.e., a host connecting to many devices) over ICS and enterprise protocols (e.g., ICMP, DCOM, WinRM). For added context on adversary enterprise procedures and background see [Remote System Discovery](https://attack.mitre.org/techniques/T1018).",None,2025-10-21T15:10:28.402Z,2025-10-21T15:10:28.402Z,1305,186,MITRE ATT&CK for ICS (STIX bundle)
AN1879,x-mitre-analytic--32bfb2ab-2ad1-4c00-8428-96bc626c34f3,analytic,Analytic 1879,"Various techniques enable spoofing a reporting message. Consider monitoring for [Rogue Master](https://attack.mitre.org/techniques/T0848) and [Adversary-in-the-Middle](https://attack.mitre.org/techniques/T0830) activity which may precede this technique.
Monitor asset logs for alarms or other information the adversary is unable to directly suppress. Relevant alarms include those from a loss of communications due to [Adversary-in-the-Middle](https://attack.mitre.org/techniques/T0830) activity.
Various techniques enable spoofing a reporting message. Monitor for LLMNR/NBT-NS poisoning via new services/daemons which may be used to enable this technique. For added context on adversary procedures and background see [Name Resolution Poisoning and SMB Relay](https://attack.mitre.org/techniques/T1557/001).
Spoofed reporting messages may be detected by reviewing the content of automation protocols, either through detecting based on expected values or comparing to other out of band process data sources. Spoofed messages may not precisely match legitimate messages which may lead to malformed traffic, although traffic may be malformed for many benign reasons. Monitor reporting messages for changes in how they are constructed.

Various techniques enable spoofing a reporting message. Consider monitoring for [Rogue Master](https://attack.mitre.org/techniques/T0848) and [Adversary-in-the-Middle](https://attack.mitre.org/techniques/T0830) activity.",None,2025-10-21T15:10:28.402Z,2025-10-21T15:10:28.402Z,1453,163,MITRE ATT&CK for ICS (STIX bundle)
AN1914,x-mitre-analytic--32db74f9-d46d-4728-891a-113a8b8e2b07,analytic,Analytic 1914,"Monitor for unusual network traffic that may indicate additional tools transferred to the system. Use network intrusion detection systems, sometimes with SSL/TLS inspection, to look for known malicious scripts (recon, heap spray, and browser identification scripts have been frequently reused), common script obfuscation, and exploit code.
Firewalls and proxies can inspect URLs for potentially known-bad domains or parameters. They can also do reputation-based analytics on websites and their requested resources such as how old a domain is, who it's registered to, if it's on a known bad list, or how many other users have connected to it before.
Monitor for behaviors on the endpoint system that might indicate successful compromise, such as abnormal behaviors of browser processes. This could include suspicious files written to disk.
Monitor for newly constructed files written to disk through a user visiting a website over the normal course of browsing.
Monitor for newly constructed network connections to untrusted hosts that are used to send or receive data.",None,2025-10-21T15:10:28.402Z,2025-10-21T15:10:28.402Z,1068,162,MITRE ATT&CK for ICS (STIX bundle)
AN1909,x-mitre-analytic--330166da-bc80-4aca-bd41-cbd6b1742812,analytic,Analytic 1909,"Monitor ICS asset application logs that indicate alarm settings have changed, although not all assets will produce such logs.
Consult asset management systems to understand expected alarm settings.
Data about the industrial process may indicate it is operating outside of expected bounds and could help indicate that that an alarm setting has changed. This will not directly detect the technique’s execution, but instead may provide additional evidence that the technique has been used and may complement other detections.
Monitor for alarm setting changes observable in automation or management network protocols.",None,2025-10-21T15:10:28.402Z,2025-10-21T15:10:28.402Z,614,90,MITRE ATT&CK for ICS (STIX bundle)
AN1929,x-mitre-analytic--354b93da-06e9-4634-a5fd-7f9b7b3a9d5a,analytic,Analytic 1929,"Monitor asset alarms which may help identify a loss of communications. Consider correlating alarms with other data sources that indicate traffic has been blocked, such as network traffic. In cases where alternative methods of communicating with outstations exist alarms may still be visible even if messages over serial COM ports are blocked.
Monitor for a loss of network communications, which may indicate this technique is being used.
Monitor for lack of operational process data which may help identify a loss of communications. This will not directly detect the technique’s execution, but instead may provide additional evidence that the technique has been used and may complement other detections.
Monitor application logs for changes to settings and other events associated with network protocols that may be used to block communications.
Monitor for the termination of processes or services associated with ICS automation protocols and application software which could help detect blocked communications.",None,2025-10-21T15:10:28.402Z,2025-10-21T15:10:28.402Z,1012,150,MITRE ATT&CK for ICS (STIX bundle)
AN1924,x-mitre-analytic--37d989e6-14cd-49a4-adec-3d8b72c8dc22,analytic,Analytic 1924,"Consult asset management systems which may help with the detection of computer systems or network devices that should not exist on a network.
Monitor for network traffic originating from unknown/unexpected devices or addresses.  Local network traffic metadata could be used to identify unexpected connections, including unknown/unexpected source MAC addresses connecting to ports associated with operational protocols. Also, network management protocols such as DHCP and ARP may be helpful in identifying unexpected devices. 
Monitor for new master devices communicating with outstations, which may be visible in alarms within the ICS environment.
Monitor for unexpected ICS protocol functions from new and existing devices. Monitoring known devices requires ICS function level insight to determine if an unauthorized device is issuing commands (e.g., a historian).
Monitor for new master devices communicating with outstation assets, which may be visible in asset application logs.",None,2025-10-21T15:10:28.402Z,2025-10-21T15:10:28.402Z,982,138,MITRE ATT&CK for ICS (STIX bundle)
AN1880,x-mitre-analytic--383a1a1c-8ecf-4909-9237-14a1f4fc4179,analytic,Analytic 1880,No standard detection method currently exists for this technique.,None,2025-10-21T15:10:28.402Z,2025-10-21T15:10:28.402Z,65,9,MITRE ATT&CK for ICS (STIX bundle)
AN1921,x-mitre-analytic--393d7e7b-0790-49e7-9bcd-87ab4662b05e,analytic,Analytic 1921,"Monitor asset alarms which may help identify a loss of communications. Consider correlating alarms with other data sources that indicate traffic has been blocked, such as network traffic. In cases where alternative methods of communicating with outstations exist alarms may still be visible even if reporting messages are blocked.  
Monitor for the termination of processes or services associated with ICS automation protocols and application software which could help detect blocked communications.
Monitor application logs for changes to settings and other events associated with network protocols that may be used to block communications.
Monitor for a loss of network communications, which may indicate this technique is being used.
Monitor for lack of operational process data which may help identify a loss of communications. This will not directly detect the technique’s execution, but instead may provide additional evidence that the technique has been used and may complement other detections.",None,2025-10-21T15:10:28.402Z,2025-10-21T15:10:28.402Z,1002,147,MITRE ATT&CK for ICS (STIX bundle)
AN1893,x-mitre-analytic--3c6a21cb-8643-41bc-94a1-e860b02a1cad,analytic,Analytic 1893,"Program uploads may be observable in ICS management protocols or file transfer protocols. Note when protocol functions related to program uploads occur. In cases where the ICS protocols is not well understood, one option is to examine network traffic for the program files themselves using signature-based tools.
Monitor device communication patterns to identify irregular bulk transfers of data between the embedded ICS asset and other nodes within the network. Note these indicators are dependent on the profile of normal operations and the capabilities of the industrial automation protocols involved (e.g., partial program uploads).
Monitor for device alarms produced when program uploads occur, although not all devices will produce such alarms.",None,2025-10-21T15:10:28.402Z,2025-10-21T15:10:28.402Z,750,110,MITRE ATT&CK for ICS (STIX bundle)
AN2057,x-mitre-analytic--3c6aa6f7-29e9-41d9-8500-30b6d0533d64,analytic,Analytic 2057,"Monitor device alarms for program downloads, although not all devices produce such alarms.

Monitor for protocol functions related to program download or modification. Program downloads may be observable in ICS automation protocols and remote management protocols.

Consult asset management systems to understand expected program versions.

Monitor devices configuration logs which may contain alerts that indicate whether a program download has occurred. Devices may maintain application logs that indicate whether a full program download, online edit, or program append function has occurred.",None,2026-04-23T00:31:46.350Z,2026-05-12T16:30:18.376Z,594,81,MITRE ATT&CK for ICS (STIX bundle)
AN1899,x-mitre-analytic--3e456d4d-397d-4e04-9261-9399960c9633,analytic,Analytic 1899,"Detecting software exploitation may be difficult depending on the tools available. Software exploits may not always succeed or may cause the exploited process to become unstable or crash, which may be recorded in the application log.
Use deep packet inspection to look for artifacts of common exploit traffic, such as known payloads.",None,2025-10-21T15:10:28.402Z,2025-10-21T15:10:28.402Z,333,52,MITRE ATT&CK for ICS (STIX bundle)
AN2053,x-mitre-analytic--3f052beb-d384-4ebe-b942-2c4ddeb95833,analytic,Analytic 2053,"Monitor asset alarms which may help identify a loss of communications. Consider correlating alarms with other data sources that indicate traffic has been blocked, such as network traffic. In cases where alternative methods of communicating with outstations exist, alarms may still be visible even if messages are blocked.

Monitor for a loss of network communications, which may indicate this technique is being used.

Monitor for lack of operational process data which may help identify a loss of communications. This will not directly detect the technique’s execution but instead may provide additional evidence that the technique has been used and may complement other detections.

Monitor application logs for changes to settings and other events associated with network protocols that may be used to block communications.

Monitor for the termination of processes or services associated with ICS automation protocols and application software which could help detect blocked communications.",None,2026-04-22T21:47:06.445Z,2026-05-12T16:30:18.377Z,994,146,MITRE ATT&CK for ICS (STIX bundle)
AN1864,x-mitre-analytic--3f10ffe9-fa73-4aeb-bf98-322831bf757f,analytic,Analytic 1864,"Monitor for firmware changes which may be observable via operational alarms from devices.
Monitor device application logs for firmware changes, although not all devices will produce such logs.
Monitor firmware for unexpected changes. Asset management systems should be consulted to understand known-good firmware versions. Dump and inspect BIOS images on vulnerable systems and compare against known good images.(Citation: MITRE Copernicus) Analyze differences to determine if malicious changes have occurred. Log attempts to read/write to BIOS and compare against known patching behavior. Likewise, EFI modules can be collected and compared against a known-clean list of EFI executable binaries to detect potentially malicious modules. The CHIPSEC framework can be used for analysis to determine if firmware modifications have been performed.(Citation: McAfee CHIPSEC Blog)(Citation: Github CHIPSEC)(Citation: Intel HackingTeam UEFI Rootkit)
Monitor ICS management protocols / file transfer protocols for protocol functions related to firmware changes.",None,2025-10-21T15:10:28.402Z,2026-05-12T16:30:18.377Z,1053,142,MITRE ATT&CK for ICS (STIX bundle)
AN1920,x-mitre-analytic--484023ea-6fea-4f91-b40d-c6d87188cbfe,analytic,Analytic 1920,"Monitor ICS automation protocols for anomalies related to reading point or tag data, such as new assets using these functions, changes in volume or timing, or unusual information being queried. Many protocols provide multiple ways to achieve the same result (e.g., functions with/without an acknowledgment or functions that operate on a single point vs. multiple points). Monitor for changes in the functions used.
Monitor asset application logs which may provide information about requests for points or tags. Look for anomalies related to reading point or tag data, such as new assets using these functions, changes in volume or timing, or unusual information being queried. Many devices provide multiple ways to achieve the same result (e.g., functions with/without an acknowledgment or functions that operate on a single point vs. multiple points). Monitor for changes in the functions used.",None,2025-10-21T15:10:28.402Z,2025-10-21T15:10:28.402Z,895,137,MITRE ATT&CK for ICS (STIX bundle)
AN1908,x-mitre-analytic--48d2023b-469d-4f9f-a4e6-010be72436b9,analytic,Analytic 1908,"Monitor asset management systems for device configuration changes which can be used to understand expected parameter settings.
Monitor device application logs parameter changes, although not all devices will produce such logs.
Monitor for device alarms produced when parameters are changed, although not all devices will produce such alarms.
Monitor ICS management protocols for parameter changes, including for unexpected values, changes far exceeding standard values, or for parameters being changed in an unexpected way (e.g., via a new function, at an unusual time).",None,2025-10-21T15:10:28.402Z,2025-10-21T15:10:28.402Z,570,82,MITRE ATT&CK for ICS (STIX bundle)
AN2050,x-mitre-analytic--51a094bf-b7eb-452a-9b7a-ffac16fce1ac,analytic,Analytic 2050,"Monitor for new processes engaging in scanning activity or connecting to multiple systems by correlating process creation network data.

Monitor for hosts enumerating network connected resources using non-ICS enterprise protocols.",None,2026-04-22T18:49:31.209Z,2026-05-12T16:30:18.377Z,230,30,MITRE ATT&CK for ICS (STIX bundle)
AN1882,x-mitre-analytic--55544bb8-440f-4b67-aa35-7e7af5952aca,analytic,Analytic 1882,"Monitor executed commands and arguments that may delete or alter generated artifacts on a host system, including logs or captured files such as quarantined malware.
Monitor for API calls that may delete or alter generated artifacts on a host system, including logs or captured files such as quarantined malware.
Monitor for changes made to Windows Registry keys or values that may delete or alter generated artifacts on a host system, including logs or captured files such as quarantined malware. For added context on adversary procedures and background see [Indicator Removal](https://attack.mitre.org/techniques/T1070) and applicable sub-techniques.
Monitor for contextual file data that may show signs of deletion or alter generated artifacts on a host system, including logs or captured files such as quarantined malware.
Monitor Windows registry keys that may be deleted or alter generated artifacts on a host system, including logs or captured files such as quarantined malware. For added context on adversary procedures and background see [Indicator Removal](https://attack.mitre.org/techniques/T1070) and applicable sub-techniques.
Monitor for a file that may delete or alter generated artifacts on a host system, including logs or captured files such as quarantined malware.
Monitor for changes made to a file may delete or alter generated artifacts on a host system, including logs or captured files such as quarantined malware.
Monitor for newly executed processes that may delete or alter generated artifacts on a host system, including logs or captured files such as quarantined malware.",None,2025-10-21T15:10:28.402Z,2025-10-21T15:10:28.402Z,1600,235,MITRE ATT&CK for ICS (STIX bundle)
AN1913,x-mitre-analytic--5610211c-1458-4333-8640-384189d9318e,analytic,Analytic 1913,"Monitor for suspicious descendant process spawning from Microsoft Office and other productivity software.(Citation: Elastic - Koadiac Detection with EQL) For added context on adversary procedures and background see [Spearphishing Attachment](https://attack.mitre.org/techniques/T1566/001).
Monitor for newly constructed files from a spearphishing emails with a malicious attachment in an attempt to gain access to victim systems.
Monitor network traffic for suspicious email attachments. Consider correlation with process monitoring and command line to detect anomalous processes execution and command line arguments associated to traffic patterns (e.g., monitor anomalies in use of files that do not normally initiate connections for respective protocol(s)). Use web proxies to review content of emails including sender information, headers, and attachments for potentially malicious content.
Monitor mail server and proxy logs for evidence of messages originating from spoofed addresses, including records indicating failed DKIM+SPF validation or mismatched message headers.(Citation: Microsoft Anti Spoofing)(Citation: ACSC Email Spoofing) Anti-virus can potentially detect malicious documents and attachments as they're scanned to be stored on the email server or on the user's computer.",None,2025-10-21T15:10:28.402Z,2025-10-21T15:10:28.402Z,1291,167,MITRE ATT&CK for ICS (STIX bundle)
AN2045,x-mitre-analytic--613b28ef-88dd-4008-8d7e-206ce55a7cde,analytic,Analytic 2045,"Unauthorized messages may be detected by reviewing the content of automation protocols, either through detecting based on expected values or comparing to other out of band process data sources. Unauthorized messages may not precisely match legitimate messages which may lead to malformed traffic, although traffic may be malformed for benign reasons. Monitor messages for changes in how they are constructed.

Monitor for anomalous or unexpected messages that may result in changes to the process operation observable via asset application logs (e.g., discrete write, logic and device configuration, mode changes, safety triggers).

Consider monitoring for [Rogue Master](https://attack.mitre.org/techniques/T0848) and [Adversary-in-the-Middle](https://attack.mitre.org/techniques/T0830) activity which may precede this technique.",None,2026-04-22T14:53:50.597Z,2026-05-12T16:30:18.378Z,830,104,MITRE ATT&CK for ICS (STIX bundle)
AN1894,x-mitre-analytic--636e612f-0b63-44e8-bf2c-31b62d20508b,analytic,Analytic 1894,No standard detection method currently exists for this technique.,None,2025-10-21T15:10:28.402Z,2025-10-21T15:10:28.402Z,65,9,MITRE ATT&CK for ICS (STIX bundle)
AN1883,x-mitre-analytic--66070162-d51e-46e7-8d32-2140fd5e7086,analytic,Analytic 1883,"Monitor executed commands and arguments that may attempt to take screen captures of the desktop to gather information over the course of an operation.
Monitoring for screen capture behavior will depend on the method used to obtain data from the operating system and write output files. Detection methods could include collecting information from unusual processes using API calls used to obtain image data, and monitoring for image files written to disk, such as CopyFromScreen, xwd, or screencapture.(Citation: CopyFromScreen .NET)(Citation: Antiquated Mac Malware) The data may need to be correlated with other events to identify malicious activity, depending on the legitimacy of this behavior within a given network environment.",None,2025-10-21T15:10:28.402Z,2025-10-21T15:10:28.402Z,732,108,MITRE ATT&CK for ICS (STIX bundle)
AN2052,x-mitre-analytic--67861309-0ba7-4713-843e-3def87e396ec,analytic,Analytic 2052,"Monitor for anomalies related to discovery related ICS functions, including devices that have not previously used these functions or for functions being sent to many outstations.

Monitor for new ICS protocol connections to existing assets or for device scanning (i.e., a host connecting to many devices) over ICS and enterprise protocols (e.g., ICMP, DCOM, WinRM). For added context on adversary enterprise procedures and background see [Remote System Discovery](https://attack.mitre.org/techniques/T1018).",None,2026-04-22T20:45:49.233Z,2026-05-12T16:30:18.378Z,507,68,MITRE ATT&CK for ICS (STIX bundle)
AN1901,x-mitre-analytic--68073351-4e4f-40e4-9394-a9166bb346d7,analytic,Analytic 1901,No standard detection method currently exists for this technique.,None,2025-10-21T15:10:28.402Z,2025-10-21T15:10:28.402Z,65,9,MITRE ATT&CK for ICS (STIX bundle)
AN2049,x-mitre-analytic--6a510bf0-0289-4eb0-8645-89f0f4d32cf3,analytic,Analytic 2049,"Monitor for unexpected changes to project files, although if the malicious modification occurs in tandem with legitimate changes it will be difficult to isolate the unintended changes by analyzing only file systems modifications.",None,2026-04-22T17:53:18.908Z,2026-05-12T16:30:18.378Z,229,33,MITRE ATT&CK for ICS (STIX bundle)
AN1897,x-mitre-analytic--6b3b3e92-bef7-4977-9895-29036bab29f1,analytic,Analytic 1897,"Monitor for changes made to files that may stop or disable services on a system to render those services unavailable to legitimate users.
Monitor executed commands and arguments that may stop or disable services on a system to render those services unavailable to legitimate users.
Remote access tools with built-in features may interact directly with the Windows API to perform these functions outside of typical system utilities. For example, ChangeServiceConfigW may be used by an adversary to prevent services from starting. For added context on adversary procedures and background see [Service Stop](https://attack.mitre.org/techniques/T1489).
Monitor processes and command-line arguments to see if critical processes are terminated or stop running. For added context on adversary procedures and background see [Service Stop](https://attack.mitre.org/techniques/T1489).
Alterations to the service binary path or the service startup type changed to disabled may be suspicious.
Monitor for changes made to Windows registry keys and/or values that may stop or disable services on a system to render those services unavailable to legitimate users.
Monitor for newly executed processes that may stop or disable services on a system to render those services unavailable to legitimate users.",None,2025-10-21T15:10:28.402Z,2025-10-21T15:10:28.402Z,1289,184,MITRE ATT&CK for ICS (STIX bundle)
AN1898,x-mitre-analytic--6e046c4c-6c93-4fdf-a69e-5d81b52d1e9c,analytic,Analytic 1898,"Monitor for unexpected changes to project files, although if the malicious modification occurs in tandem with legitimate changes it will be difficult to isolate the unintended changes by analyzing only file systems modifications.",None,2025-10-21T15:10:28.402Z,2025-10-21T15:10:28.402Z,229,33,MITRE ATT&CK for ICS (STIX bundle)
AN1892,x-mitre-analytic--7107739b-92d2-41fa-9fc8-ebe72f6086ee,analytic,Analytic 1892,"On Windows and Unix systems monitor executed commands and arguments that may use shell commands for execution. Shells may be common on administrator, developer, or power user systems depending on job function.

On network device and embedded system CLIs consider reviewing command history if unauthorized or suspicious commands were used to modify device configuration.
Monitor logs from installed applications (e.g., historian logs) for unexpected commands or abuse of system features.
Monitor for processes spawning from known command shell applications (e.g., PowerShell, Bash). Benign activity will need to be allow-listed. This information can be useful in gaining additional insight to adversaries' actions through how they use native processes or custom tools.",None,2025-10-21T15:10:28.402Z,2025-10-21T15:10:28.402Z,767,110,MITRE ATT&CK for ICS (STIX bundle)
AN1870,x-mitre-analytic--77857bc3-6a38-4826-8109-30facf6c23ec,analytic,Analytic 1870,"Monitor operational process data for write commands for an excessive number of I/O points or manipulating a single value an excessive number of times. This will not directly detect the technique’s execution, but instead may provide additional evidence that the technique has been used and may complement other detections.
Some asset application logs may provide information on I/O points related to write commands. Monitor for write commands for an excessive number of I/O points or manipulating a single value an excessive number of times.
Monitor network traffic for ICS functions related to write commands for an excessive number of I/O points or manipulating a single value an excessive number of times.",None,2025-10-21T15:10:28.402Z,2025-10-21T15:10:28.402Z,707,111,MITRE ATT&CK for ICS (STIX bundle)
AN1905,x-mitre-analytic--7841eb6b-8a05-4754-b738-a475bfbb89fb,analytic,Analytic 1905,"A manipulated I/O image requires analyzing the application program running on the PLC for specific data block writes. Detecting this requires obtaining and analyzing a PLC’s application program, either directly from the device or from asset management platforms.",None,2025-10-21T15:10:28.402Z,2025-10-21T15:10:28.402Z,262,38,MITRE ATT&CK for ICS (STIX bundle)
AN1887,x-mitre-analytic--78615cd7-6a14-4921-aaa9-2aae0774f0f1,analytic,Analytic 1887,"Monitor ICS management protocols for functions that change an asset’s operating mode.
Monitor device application logs which may contain information related to operating mode changes, although not all devices produce such logs.
Monitor alarms for information about when an operating mode is changed, although not all devices produce such logs.",None,2025-10-21T15:10:28.402Z,2025-10-21T15:10:28.402Z,342,50,MITRE ATT&CK for ICS (STIX bundle)
AN1858,x-mitre-analytic--791310ad-7db5-41df-9fa5-fa4097d8a51d,analytic,Analytic 1858,"Monitor for newly constructed services/daemons that may attempt to manipulate features of their artifacts to make them appear legitimate or benign to users and/or security tools.
Monitor for changes made to files outside of an update or patch that may attempt to manipulate features of their artifacts to make them appear legitimate or benign to users and/or security tools.
Monitor for file names that are mismatched between the file name on disk and that of the binary's metadata. This is a likely indicator that a binary was renamed after it was compiled. For added context on adversary procedures and background see [Masquerading](https://attack.mitre.org/techniques/T1036) and applicable sub-techniques.
Monitor executed commands and arguments that may attempt to manipulate features of their artifacts to make them appear legitimate or benign to users and/or security tools.(Citation: Twitter ItsReallyNick Masquerading Update)
Monitor for changes made to scheduled jobs that may attempt to manipulate features of their artifacts to make them appear legitimate or benign to users and/or security tools.
Monitor for changes made to services that may attempt to manipulate features of their artifacts to make them appear legitimate or benign to users and/or security tools.
Collect file hashes. Monitor for file names that do not match their expected hash. Perform file monitoring. Files with known names but in unusual locations are suspect.  Look for indications of common characters that may indicate an attempt to trick users into misidentifying the file type, such as a space as the last character of a file name or the right-to-left override characters""\u202E"", ""[U+202E]"", and ""%E2%80%AE"". For added context on adversary procedures and background see [Masquerading](https://attack.mitre.org/techniques/T1036) and applicable sub-techniques.
Monitor for newly constructed scheduled jobs that may attempt to manipulate features of their artifacts to make them appear legitimate or benign to users and/or security tools.",None,2025-10-21T15:10:28.402Z,2025-10-21T15:10:28.402Z,2027,296,MITRE ATT&CK for ICS (STIX bundle)
AN1902,x-mitre-analytic--7aa60595-5a1c-4de2-be60-cc1f9fea2313,analytic,Analytic 1902,"Monitor executed commands and arguments that may look for details about the network configuration and settings, such as IP and/or MAC addresses, of systems they access or through information discovery of remote systems. Also monitor executed commands and arguments that may attempt to get a listing of network connections to or from the compromised system they are currently accessing or from remote systems by querying for information over the network. Information may also be acquired through Windows system management tools such as [Windows Management Instrumentation](https://attack.mitre.org/techniques/T1047) and [PowerShell](https://attack.mitre.org/techniques/T1059/001).
Monitor for executed processes (such as ipconfig/ifconfig and arp) with arguments that may look for details about the network configuration and settings, such as IP and/or MAC addresses. Also monitor for executed processes that may attempt to get a listing of network connections to or from the compromised system they are currently accessing or from remote systems by querying for information over the network.
Monitor for any suspicious attempts to enable script execution on a system. If scripts are not commonly used on a system, but enabled, scripts running out of cycle from patching or other administrator functions are suspicious. Scripts should be captured from the file system when possible to determine their actions and intent.
Monitor for API calls (such as GetAdaptersInfo() and GetIpNetTable()) that may gather details about the network configuration and settings, such as IP and/or MAC addresses. Also monitor for API calls that may attempt to get a listing of network connections to or from the compromised system they are currently accessing or from remote systems by querying for information over the network. For added context on adversary procedures and background see [System Network Configuration Discovery](https://attack.mitre.org/techniques/T1016) and [System Network Connections Discovery](https://attack.mitre.org/techniques/T1049).",None,2025-10-21T15:10:28.402Z,2025-10-21T15:10:28.402Z,2040,282,MITRE ATT&CK for ICS (STIX bundle)
AN1918,x-mitre-analytic--7ec4b791-7054-442f-8967-6d6fa5e8678b,analytic,Analytic 1918,No standard detection method currently exists for this technique.,None,2025-10-21T15:10:28.402Z,2025-10-21T15:10:28.402Z,65,9,MITRE ATT&CK for ICS (STIX bundle)
AN1862,x-mitre-analytic--8428e0cd-009e-41c1-8292-88651d4486c9,analytic,Analytic 1862,No standard detection method currently exists for this technique.,None,2025-10-21T15:10:28.402Z,2025-10-21T15:10:28.402Z,65,9,MITRE ATT&CK for ICS (STIX bundle)
AN1928,x-mitre-analytic--87f5d864-d79b-474a-a3b4-43673dcb9f90,analytic,Analytic 1928,"Monitor logon activity for unexpected or unusual access to devices from the Internet.
Monitor for unexpected protocols to/from the Internet. While network traffic content and logon session metadata may directly identify a login event, new Internet-based network flows may also be a reliable indicator of this technique.
Monitor for unusual logins to Internet connected devices or unexpected protocols to/from the Internet. Network traffic content will provide valuable context and details about the content of network flows.",None,2025-10-21T15:10:28.402Z,2025-10-21T15:10:28.402Z,524,76,MITRE ATT&CK for ICS (STIX bundle)
AN1922,x-mitre-analytic--880a1133-6639-42f0-96a8-3e914426d38b,analytic,Analytic 1922,"Monitor for firmware changes which may be observable via operational alarms from devices.
Monitor device application logs for firmware changes, although not all devices will produce such logs.
Monitor ICS management protocols / file transfer protocols for protocol functions related to firmware changes.
Monitor firmware for unexpected changes. Asset management systems should be consulted to understand known-good firmware versions. Dump and inspect BIOS images on vulnerable systems and compare against known good images.(Citation: MITRE Copernicus) Analyze differences to determine if malicious changes have occurred. Log attempts to read/write to BIOS and compare against known patching behavior. Likewise, EFI modules can be collected and compared against a known-clean list of EFI executable binaries to detect potentially malicious modules. The CHIPSEC framework can be used for analysis to determine if firmware modifications have been performed.(Citation: McAfee CHIPSEC Blog)(Citation: Github CHIPSEC)(Citation: Intel HackingTeam UEFI Rootkit)",None,2025-10-21T15:10:28.402Z,2026-05-12T16:30:18.379Z,1053,142,MITRE ATT&CK for ICS (STIX bundle)
AN1915,x-mitre-analytic--882f2365-4c14-4c48-8eef-2a7c293c8569,analytic,Analytic 1915,"Monitor device management protocols for functions that modify programs such as online edit and program append events.
Monitor device alarms that indicate the program has changed, although not all devices produce such alarms.
Engineering and asset management software will often maintain a copy of the expected program loaded on a controller and may also record any changes made to controller programs. Data from these platforms can be used to identify modified controller programs.
Monitor device application logs that indicate the program has changed, although not all devices produce such logs.",None,2025-10-21T15:10:28.402Z,2025-10-21T15:10:28.402Z,596,90,MITRE ATT&CK for ICS (STIX bundle)
AN1863,x-mitre-analytic--899d0dce-64f7-4924-93a1-8e3c83dd510f,analytic,Analytic 1863,Use verification of distributed binaries through hash checking or other integrity checking mechanisms. Scan downloads for malicious signatures.,None,2025-10-21T15:10:28.402Z,2025-10-21T15:10:28.402Z,143,18,MITRE ATT&CK for ICS (STIX bundle)
AN1900,x-mitre-analytic--899d41e8-8d02-45f9-ab8a-3a06f4cc4189,analytic,Analytic 1900,"Monitor ICS automation network protocols for functions related to reading an asset’s operating mode. In some cases, there may be multiple ways to detect a device’s operating mode, one of which is typically used in the operational environment. Monitor for the operating mode being checked in unexpected ways.",None,2025-10-21T15:10:28.402Z,2025-10-21T15:10:28.402Z,307,48,MITRE ATT&CK for ICS (STIX bundle)
AN1889,x-mitre-analytic--89ca8617-20fd-404b-9afb-dcfd2684a791,analytic,Analytic 1889,No standard detection method currently exists for this technique.,None,2025-10-21T15:10:28.402Z,2025-10-21T15:10:28.402Z,65,9,MITRE ATT&CK for ICS (STIX bundle)
AN1911,x-mitre-analytic--8c77f31f-c6f4-491c-965a-e25c506b0c68,analytic,Analytic 1911,No standard detection method currently exists for this technique.,None,2025-10-21T15:10:28.402Z,2025-10-21T15:10:28.402Z,65,9,MITRE ATT&CK for ICS (STIX bundle)
AN1935,x-mitre-analytic--908fe88b-d8e2-47d1-b6a4-7a42b3bbe09b,analytic,Analytic 1935,"Monitor for network traffic originating from unknown/unexpected systems.
Monitor authentication logs and analyze for unusual access patterns, windows of activity, and access outside of normal business hours, including use of [Valid Accounts](https://attack.mitre.org/techniques/T0859).
When authentication is not required to access an exposed remote service, monitor for follow-on activities such as anomalous external use of the exposed API or application.",None,2025-10-21T15:10:28.402Z,2025-10-21T15:10:28.402Z,457,58,MITRE ATT&CK for ICS (STIX bundle)
AN1877,x-mitre-analytic--9127dd4e-0994-442f-8d73-b6b2dfb1f9ac,analytic,Analytic 1877,"Monitor for network traffic originating from unknown/unexpected hardware devices. Local network traffic metadata (such as source MAC addressing) may be helpful in identifying transient assets.
Networking devices such as switches may log when new client devices connect (e.g., SNMP notifications). Monitor for any logs documenting changes to network connection status to determine when a new connection has occurred, including the resulting addresses (e.g., IP, MAC) of devices on that network.",None,2025-10-21T15:10:28.402Z,2025-10-21T15:10:28.402Z,493,70,MITRE ATT&CK for ICS (STIX bundle)
AN1878,x-mitre-analytic--930aae7c-e8f0-4594-8e3f-f0e71d7e1640,analytic,Analytic 1878,"Monitor for unexpected network share access, such as files transferred between shares within a network using protocols such as Server Message Block (SMB).
Monitor for alike file hashes or characteristics (ex: filename) that are created on multiple hosts. 
Monitor for file creation in conjunction with other techniques (e.g., file transfers using [Remote Services](https://attack.mitre.org/techniques/T0886)).
Monitor for unusual processes with internal network connections creating files on-system which may be suspicious. 
Monitor executed commands and arguments for abnormal usage of utilities and command-line arguments that may be used in support of remote transfer of files.
Monitor newly constructed processes that assist in lateral tool transfers, such as file transfer programs.
Monitor for network traffic originating from unknown/unexpected hosts. Local network traffic metadata (such as source MAC addressing) as well as usage of network management protocols such as DHCP may be helpful in identifying hardware.",None,2025-10-21T15:10:28.402Z,2025-10-21T15:10:28.402Z,1023,141,MITRE ATT&CK for ICS (STIX bundle)
AN1934,x-mitre-analytic--96e7b86f-b960-489c-882b-9dcdb1c44aa9,analytic,Analytic 1934,"Monitor ICS automation network protocols for information that an asset has been placed into Firmware Update Mode.
Monitor device alarms that indicate the devices has been placed into Firmware Update Mode, although not all devices produce such alarms.
Monitor asset log which may provide information that an asset has been placed into Firmware Update Mode. Some assets may log firmware updates themselves without logging that the device has been placed into update mode.",None,2025-10-21T15:10:28.402Z,2025-10-21T15:10:28.402Z,469,73,MITRE ATT&CK for ICS (STIX bundle)
AN1869,x-mitre-analytic--981b659b-992a-4d71-9404-0e1b2b598e50,analytic,Analytic 1869,"Analyze network data for uncommon data flows (e.g., new protocols in use between hosts, unexpected ports in use). Processes utilizing the network that do not normally have network communication or have never been seen before are suspicious. 
Monitor for mismatches between protocols and their expected ports (e.g., non-HTTP traffic on tcp:80). Analyze packet contents to detect communications that do not follow the expected protocol behavior for the port that is being used.(Citation: University of Birmingham C2)",None,2025-10-21T15:10:28.402Z,2025-10-21T15:10:28.402Z,514,76,MITRE ATT&CK for ICS (STIX bundle)
AN1866,x-mitre-analytic--9ad83be0-5c88-4fb6-b59d-19db21176923,analytic,Analytic 1866,"Monitor for newly executed processes that execute from removable media after it is mounted or when initiated by a user. If a remote access tool is used in this manner to move laterally, then additional actions are likely to occur after execution, such as opening network connections for Command and Control and system and network information Discovery. 
Monitor for newly constructed files copied to or from removable media.
Monitor for newly constructed drive letters or mount points to removable media.
Monitor for files accessed on removable media, particularly those with executable content.",None,2025-10-21T15:10:28.402Z,2025-10-21T15:10:28.402Z,595,92,MITRE ATT&CK for ICS (STIX bundle)
AN1885,x-mitre-analytic--aebd2848-98db-46f1-8e22-627e2ec3c280,analytic,Analytic 1885,"Devices that provide user access to the underlying operating system may allow the installation of custom software to monitor OS API execution. Monitoring API calls may generate a significant amount of data and may not be useful for defense unless collected under specific circumstances, since benign use of API functions are common and may be difficult to distinguish from malicious behavior. Correlation of other events with behavior surrounding API function calls using API monitoring will provide additional context to an event that may assist in determining if it is due to malicious behavior.",None,2025-10-21T15:10:28.402Z,2025-10-21T15:10:28.402Z,597,93,MITRE ATT&CK for ICS (STIX bundle)
AN1896,x-mitre-analytic--afc9e394-147e-49db-81df-953d2d3ea93e,analytic,Analytic 1896,"Monitor HKLM\Software\Policies\Microsoft\Windows NT\DNSClient for changes to the ""EnableMulticast"" DWORD value. A value of ""0"" indicates LLMNR is disabled.
Host-based implementations of this technique may utilize networking-based system calls or network utility commands (e.g., iptables) to locally intercept traffic. Monitor for relevant process creation events.
Monitor for network traffic originating from unknown/unexpected hosts. Local network traffic metadata (such as source MAC addressing) as well as usage of network management protocols such as DHCP may be helpful in identifying hardware. For added context on adversary procedures and background see [Adversary-in-the-Middle](https://attack.mitre.org/techniques/T1557) and applicable sub-techniques.
Monitor for newly constructed services/daemons through Windows event logs for event IDs 4697 and 7045.
Monitor network traffic for anomalies associated with known AiTM behavior. For Collection activity where transmitted data is not manipulated, anomalies may be present in network management protocols (e.g., ARP, DHCP).
Monitor application logs for changes to settings and other events associated with network protocols and other services commonly abused for AiTM.",None,2025-10-21T15:10:28.402Z,2025-10-21T15:10:28.402Z,1226,157,MITRE ATT&CK for ICS (STIX bundle)
AN1930,x-mitre-analytic--b337bf06-d69b-41e0-8e60-8f24cb718998,analytic,Analytic 1930,"Monitor network traffic for hardcoded credential use in protocols that allow unencrypted authentication.
Monitor logon sessions for hardcoded credential use, when feasible.",None,2025-10-21T15:10:28.402Z,2025-10-21T15:10:28.402Z,172,22,MITRE ATT&CK for ICS (STIX bundle)
AN1871,x-mitre-analytic--b6fb91d0-28f6-447d-ba25-e7b26116ebfe,analytic,Analytic 1871,Detecting software exploitation may be difficult depending on the tools available. Software exploits may not always succeed or may cause the exploited process to become unstable or crash.,None,2025-10-21T15:10:28.402Z,2025-10-21T15:10:28.402Z,187,28,MITRE ATT&CK for ICS (STIX bundle)
AN1884,x-mitre-analytic--b74100d1-0085-468a-834a-2bf10924a3b7,analytic,Analytic 1884,"Monitor device alarms for program downloads, although not all devices produce such alarms.
Monitor for protocol functions related to program download or modification. Program downloads may be observable in ICS automation protocols and remote management protocols.
Consult asset management systems to understand expected program versions.
Monitor devices configuration logs which may contain alerts that indicate whether a program download has occurred. Devices may maintain application logs that indicate whether a full program download, online edit, or program append function has occurred.",None,2025-10-21T15:10:28.402Z,2025-10-21T15:10:28.402Z,591,81,MITRE ATT&CK for ICS (STIX bundle)
AN1876,x-mitre-analytic--c14544a4-5ca1-4523-97eb-4a9840d74c6d,analytic,Analytic 1876,"Purely passive network sniffing cannot be detected effectively. In cases where the adversary interacts with the wireless network (e.g., joining a Wi-Fi network) detection may be possible. Monitor for new or irregular network traffic flows which may indicate potentially unwanted devices or sessions on wireless networks.  In Wi-Fi networks monitor for changes such as rogue access points or low signal strength, indicating a device is further away from the access point then expected and changes in the physical layer signal.(Citation: Nzyme Alerts Intro) (Citation: Wireless Intrusion Detection)  Network traffic content will provide important context, such as hardware (e.g., MAC) addresses, user accounts, and types of messages sent.",None,2025-10-21T15:10:28.402Z,2025-10-21T15:10:28.402Z,736,107,MITRE ATT&CK for ICS (STIX bundle)
AN1906,x-mitre-analytic--c40ddd75-f2fc-4899-bda1-bff164c96622,analytic,Analytic 1906,"Collecting information from the I/O image requires analyzing the application program running on the PLC for specific data block reads. Detecting this requires obtaining and analyzing a PLC’s application program, either directly from the device or from asset management platforms.",None,2025-10-21T15:10:28.402Z,2025-10-21T15:10:28.402Z,279,40,MITRE ATT&CK for ICS (STIX bundle)
AN2046,x-mitre-analytic--c556c91d-64a0-401c-9c41-18971eeca0f2,analytic,Analytic 2046,"Monitor for the termination of processes or services associated with ICS automation protocols and application software which could help detect blocked communications.

Monitor for lack of operational process data which may help identify a loss of communications. This will not directly detect the technique’s execution, but instead may provide additional evidence that the technique has been used and may complement other detections.

Monitor application logs for changes to settings and other events associated with network protocols that may be used to block communications.

Monitor for a loss of network communications, which may indicate this technique is being used.

Monitor asset alarms which may help identify a loss of communications. Consider correlating alarms with other data sources that indicate traffic has been blocked, such as network traffic. In cases where alternative methods of communicating with outstations exist alarms may still be visible even if messages are blocked.",None,2026-04-22T15:07:57.495Z,2026-05-12T16:30:18.382Z,994,146,MITRE ATT&CK for ICS (STIX bundle)
AN1910,x-mitre-analytic--cbf791b4-5186-4205-ac5a-a56042aaebec,analytic,Analytic 1910,No standard detection method currently exists for this technique.,None,2025-10-21T15:10:28.402Z,2025-10-21T15:10:28.402Z,65,9,MITRE ATT&CK for ICS (STIX bundle)
AN1865,x-mitre-analytic--cd4c92f9-3107-45c7-9d95-19a44d7dc92c,analytic,Analytic 1865,No standard detection method currently exists for this technique.,None,2025-10-21T15:10:28.402Z,2025-10-21T15:10:28.402Z,65,9,MITRE ATT&CK for ICS (STIX bundle)
AN1856,x-mitre-analytic--cff25f71-859e-48bf-88d6-852d05e22b33,analytic,Analytic 1856,"Monitor and analyze traffic patterns and packet inspection associated to protocol(s) that do not follow the expected protocol standards and traffic flows (e.g., extraneous packets that do not belong to established flows, gratuitous or anomalous traffic patterns, anomalous syntax, or structure). Consider correlation with process monitoring and command line to detect anomalous processes execution and command line arguments associated to traffic patterns (e.g., monitor anomalies in use of files that do not normally initiate connections for respective protocol(s)).
Monitor network data for uncommon data flows. Processes utilizing the network that do not normally have network communication or have never been seen before are suspicious.
Monitor for application logging, messaging, and/or other artifacts that may result from  Denial of Service (DoS) attacks which degrade or block the availability of services to users. In addition to network level detections, endpoint logging and instrumentation can be useful for detection.
Monitor operational data for indicators of temporary data loss which may indicate a Denial of Service. This will not directly detect the technique’s execution, but instead may provide additional evidence that the technique has been used and may complement other detections.",None,2025-10-21T15:10:28.402Z,2025-10-21T15:10:28.402Z,1304,187,MITRE ATT&CK for ICS (STIX bundle)
AN1931,x-mitre-analytic--d271c7fc-d76a-4fb0-a645-5db2c1223a32,analytic,Analytic 1931,"Monitor and analyze traffic flows that do not follow the expected protocol standards and traffic flows (e.g., extraneous packets that do not belong to established flows    , or gratuitous or anomalous traffic patterns). Consider correlation with process monitoring and command line to detect anomalous processes execution and command line arguments associated to traffic patterns (e.g., monitor anomalies in use of files that do not normally initiate connections for respective protocol(s)).
Monitor and analyze traffic patterns and packet inspection associated to protocol(s), leveraging SSL/TLS inspection for encrypted traffic, that do not follow the expected protocol standards and traffic flows (e.g., extraneous packets that do not belong to established flows, gratuitous or anomalous traffic patterns, anomalous syntax, or structure). Consider correlation with process monitoring and command line to detect anomalous processes execution and command line arguments associated to traffic patterns  (e.g., monitor anomalies in use of files that do not normally initiate connections for respective protocol(s)).",None,2025-10-21T15:10:28.402Z,2025-10-21T15:10:28.402Z,1114,154,MITRE ATT&CK for ICS (STIX bundle)
AN1903,x-mitre-analytic--d3023733-5874-4746-a947-65925514e382,analytic,Analytic 1903,"Monitor for device alarms produced when device management passwords are changed, although not all devices will produce such alarms.
Monitor for device credential changes observable in automation or management network protocols.",None,2025-10-21T15:10:28.402Z,2025-10-21T15:10:28.402Z,227,31,MITRE ATT&CK for ICS (STIX bundle)
AN1917,x-mitre-analytic--d71e98fa-64d1-4ddb-acb1-bba1e4af6a73,analytic,Analytic 1917,No standard detection method currently exists for this technique.,None,2025-10-21T15:10:28.402Z,2025-10-21T15:10:28.402Z,65,9,MITRE ATT&CK for ICS (STIX bundle)
AN1923,x-mitre-analytic--d937e4b8-20f2-44c1-9940-48c74318c715,analytic,Analytic 1923,"Monitor for newly executed processes that depend on user interaction, especially for applications that can embed programmatic capabilities (e.g., Microsoft Office products with scripts, installers, zip files). This includes compression applications, such as those for zip files, that can be used to [Deobfuscate/Decode Files or Information](https://attack.mitre.org/techniques/T1140) in payloads. For added context on adversary procedures and background see [User Execution](https://attack.mitre.org/techniques/T1204) and applicable sub-techniques.
Monitor for application logging, messaging, and/or other artifacts that may rely upon specific actions by a user in order to gain execution.
Monitor for newly constructed web-based network connections that are sent to malicious or suspicious destinations (e.g., destinations attributed to phishing campaigns). Consider correlation with process monitoring and command line to detect anomalous processes execution and command line arguments (e.g., monitor anomalies in use of files that do not normally initiate network connections or unusual connections initiated by regsvr32.exe, rundll.exe, SCF, HTA, MSI, DLLs, or msiexec.exe). 
Anti-virus can potentially detect malicious documents and files that are downloaded and executed on the user's computer. Endpoint sensing or network sensing can potentially detect malicious events once the file is opened (such as a Microsoft Word document or PDF reaching out to the internet or spawning PowerShell).
Monitor for newly executed processes that depend on user interaction, especially for applications that can embed programmatic capabilities (e.g., Microsoft Office products with scripts, installers, zip files). This includes compression applications, such as those for zip files, that can be used to [Deobfuscate/Decode Files or Information](https://attack.mitre.org/techniques/T1140) in payloads.
Monitor and analyze traffic patterns and packet inspection associated with web-based network connections that are sent to malicious or suspicious destinations (e.g., destinations attributed to phishing campaigns). Consider correlation with process monitoring and command line to detect anomalous processes execution and command line arguments (e.g., monitor anomalies in use of files that do not normally initiate network connections or unusual connections initiated by regsvr32.exe, rundll.exe, SCF, HTA, MSI, DLLs, or msiexec.exe).",None,2025-10-21T15:10:28.402Z,2025-10-21T15:10:28.402Z,2427,316,MITRE ATT&CK for ICS (STIX bundle)
AN1904,x-mitre-analytic--dc014060-5116-4a2f-bac5-35ac1db8fabb,analytic,Analytic 1904,"Monitor for newly executed processes related to services specifically designed to accept remote graphical connections, such as RDP and VNC. [Remote Services](https://attack.mitre.org/techniques/T0886) and [Valid Accounts](https://attack.mitre.org/techniques/T0859) may be used to access a host’s GUI.
Monitor executed commands and arguments related to services specifically designed to accept remote graphical connections, such as RDP and VNC. [Remote Services](https://attack.mitre.org/techniques/T0886) and [Valid Accounts](https://attack.mitre.org/techniques/T0859) may be used to access a host’s GUI.
Monitor DLL file events, specifically creation of these binary files as well as the loading of DLLs into processes associated with remote graphical connections, such as RDP and VNC. [Remote Services](https://attack.mitre.org/techniques/T0886) may be used to access a host’s GUI.
Monitor for user accounts logged into systems they would not normally access or abnormal access patterns, such as multiple systems over a relatively short period of time. Correlate use of login activity related to remote services with unusual behavior or other malicious or suspicious activity. [Remote Services](https://attack.mitre.org/techniques/T0886) may be used to access a host’s GUI.",None,2025-10-21T15:10:28.402Z,2025-10-21T15:10:28.402Z,1275,160,MITRE ATT&CK for ICS (STIX bundle)
AN1873,x-mitre-analytic--dd25b818-ceb0-4518-9384-dcf895d4956b,analytic,Analytic 1873,"Detecting software exploitation may be difficult depending on the tools available. Software exploits may not always succeed or may cause the exploited process to become unstable or crash. Web Application Firewalls may detect improper inputs attempting exploitation.
Use deep packet inspection to look for artifacts of common exploit traffic, such as known payloads.",None,2025-10-21T15:10:28.402Z,2025-10-21T15:10:28.402Z,365,53,MITRE ATT&CK for ICS (STIX bundle)
AN1857,x-mitre-analytic--ddfcd948-3526-4241-a12f-d7bf63468e40,analytic,Analytic 1857,"Monitor for an authentication attempt by a user that may obtain and abuse credentials of existing accounts as a means of gaining Initial Access, Persistence, Privilege Escalation, or Defense Evasion.
Monitor for logon behavior that may abuse credentials of existing accounts as a means of gaining Lateral Movement or Persistence. Correlate other security systems with login information (e.g., a user has an active login session but has not entered the building or does not have VPN access). 
Monitor for suspicious account behavior across systems that share accounts, either user, admin, or service accounts. Examples: one account logged into multiple systems simultaneously; multiple accounts logged into the same machine simultaneously; accounts logged in at odd times or outside of business hours. Activity may be from interactive login sessions or process ownership from accounts being used to execute binaries on a remote system as a particular account.",None,2025-10-21T15:10:28.402Z,2025-10-21T15:10:28.402Z,958,145,MITRE ATT&CK for ICS (STIX bundle)
AN2054,x-mitre-analytic--df7f8849-56a7-4e83-9fd7-a4f25227d960,analytic,Analytic 2054,"Monitor asset alarms which may help identify a loss of communications. Consider correlating alarms with other data sources that indicate traffic has been blocked, such as network traffic. In cases where alternative methods of communicating with outstations exist, alarms may still be visible even if Ethernet messages are blocked.

Monitor for a loss of network communications, which may indicate this technique is being used.

Monitor for lack of operational process data which may help identify a loss of communications. This will not directly detect the technique’s execution but instead may provide additional evidence that the technique has been used and may complement other detections.

Monitor application logs for changes to settings and other events associated with network protocols that may be used to block communications.

Monitor for the termination of processes or services associated with ICS automation protocols and application software which could help detect blocked communications.",None,2026-04-22T22:41:28.415Z,2026-05-12T16:30:18.383Z,1003,147,MITRE ATT&CK for ICS (STIX bundle)
AN1867,x-mitre-analytic--e25ef816-bbfd-4656-8ecb-c7eebcba31d4,analytic,Analytic 1867,"Monitor for any suspicious attempts to enable script execution on a system. If scripts are not commonly used on a system, but enabled, scripts running out of cycle from patching or other administrator functions are suspicious. Scripts should be captured from the file system when possible, to determine their actions and intent.
Monitor executed commands and arguments for actions that could be taken to collect internal data.
Monitor for unexpected files (e.g., .pdf, .docx, .jpg) viewed for collecting internal data.
Monitor for information collection on assets that may indicate deviations from standard operational tools. Examples include unexpected industrial automation protocol functions, new high volume communication sessions, or broad collection across many hosts within the network.",None,2025-10-21T15:10:28.402Z,2025-10-21T15:10:28.402Z,793,115,MITRE ATT&CK for ICS (STIX bundle)
AN2056,x-mitre-analytic--e379be82-39d7-4ae4-8557-f846ba19cd4b,analytic,Analytic 2056,"Monitor device alarms for program downloads, although not all devices produce such alarms.

Monitor for protocol functions related to program download or modification. Program downloads may be observable in ICS automation protocols and remote management protocols.

Consult asset management systems to understand expected program versions.

Monitor devices configuration logs which may contain alerts that indicate whether a program download has occurred. Devices may maintain application logs that indicate whether a full program download, online edit, or program append function has occurred.",None,2026-04-23T00:08:52.524Z,2026-05-12T16:30:18.383Z,594,81,MITRE ATT&CK for ICS (STIX bundle)
AN1875,x-mitre-analytic--e8f51c53-fc55-441b-a45f-ba7709ccbce2,analytic,Analytic 1875,"Devices that provide user access to the underlying operating system may allow the installation of custom software to monitor OS API execution. Monitoring API calls may generate a significant amount of data and may not be useful for defense unless collected under specific circumstances, since benign use of API functions are common and may be difficult to distinguish from malicious behavior. Correlation of other events with behavior surrounding API function calls using API monitoring will provide additional context to an event that may assist in determining if it is due to malicious behavior.",None,2025-10-21T15:10:28.402Z,2025-10-21T15:10:28.402Z,597,93,MITRE ATT&CK for ICS (STIX bundle)
AN1912,x-mitre-analytic--ec695157-8c3c-439b-9925-459c9d4172f0,analytic,Analytic 1912,"Monitor for changes made to firmware for unexpected modifications to settings and/or data that may be used by rootkits to hide the presence of programs, files, network connections, services, drivers, and other system components. Asset management systems should be consulted to understand known-good firmware versions and configurations.",None,2025-10-21T15:10:28.402Z,2025-10-21T15:10:28.402Z,336,47,MITRE ATT&CK for ICS (STIX bundle)
AN1891,x-mitre-analytic--ece52da2-ac60-4b0e-863f-ebbc95118a8c,analytic,Analytic 1891,"Monitor and analyze traffic patterns and packet inspection associated to protocol(s) that do not follow the expected protocol standards and traffic flows (e.g., extraneous packets that do not belong to established flows, gratuitous or anomalous traffic patterns, anomalous syntax, or structure). Consider correlation with process monitoring and command line to detect anomalous processes execution and command line arguments associated to traffic patterns (e.g., monitor anomalies in use of files that do not normally initiate connections for respective protocol(s)).
Monitor for known proxy protocols (e.g., SOCKS, Tor, peer-to-peer protocols) and tool usage (e.g., Squid,  peer-to-peer software) on the network that are not part of normal operations. Also monitor network data for uncommon data flows. Processes utilizing the network that do not normally have network communication or have never been seen before are suspicious.",None,2025-10-21T15:10:28.402Z,2025-10-21T15:10:28.402Z,930,132,MITRE ATT&CK for ICS (STIX bundle)
AN1861,x-mitre-analytic--edd8297d-ec63-4b54-8d28-106f228dd535,analytic,Analytic 1861,"Monitor for loss of network traffic which could indicate alarms are being suppressed. A loss of expected communications associated with network protocols used to communicate alarm events or process data could indicate this technique is being used. This will not directly detect the technique’s execution, but instead may provide additional evidence that the technique has been used and may complement other detections.
Monitor for loss of operational process data which could indicate alarms are being suppressed. This will not directly detect the technique’s execution, but instead may provide additional evidence that the technique has been used and may complement other detections.
Monitor for loss of expected device alarms which could indicate alarms are being suppressed. As noted in the technique description, there may be multiple sources of alarms in an ICS environment. Discrepancies between alarms may indicate the adversary is suppressing some but not all the alarms in the environment. This will not directly detect the technique’s execution, but instead may provide additional evidence that the technique has been used and may complement other detections.
Monitor for loss of expected operational process alarms which could indicate alarms are being suppressed. As noted in the technique description, there may be multiple sources of alarms in an ICS environment. Discrepancies between alarms may indicate the adversary is suppressing some but not all the alarms in the environment.  This will not directly detect the technique’s execution, but instead may provide additional evidence that the technique has been used and may complement other detections.",None,2025-10-21T15:10:28.402Z,2025-10-21T15:10:28.402Z,1668,250,MITRE ATT&CK for ICS (STIX bundle)
AN1919,x-mitre-analytic--f123f13f-b6f4-4e86-96cd-14df0e855e0f,analytic,Analytic 1919,"Monitor for new ICS protocol connections to existing assets or for device scanning (i.e., a host connecting to many devices) over ICS and enterprise protocols (e.g., ICMP, DCOM, WinRM).
Monitor for anomalies related to discovery related ICS functions, including devices that have not previously used these functions or for functions being sent to many outstations. Note that some ICS protocols use broadcast or multicast functionality, which may produce false positives. Also monitor for hosts enumerating network connected resources using non-ICS enterprise protocols.
Monitor for files (such as /etc/hosts) being accessed that may attempt to get a listing of other systems by IP address, hostname, or other logical identifier on a network that may be used for Lateral Movement from the current system.
Monitor for newly executed processes that can be used to discover remote systems, such as ping.exe and tracert.exe, especially when executed in quick succession.(Citation: Elastic - Koadiac Detection with EQL) Consider monitoring for new processes engaging in scanning activity or connecting to multiple systems by correlating process creation network data.",None,2025-10-21T15:10:28.402Z,2025-10-21T15:10:28.402Z,1161,172,MITRE ATT&CK for ICS (STIX bundle)
AN1888,x-mitre-analytic--f12aa823-91cc-40e1-93b7-eaa5f5fa9c4d,analytic,Analytic 1888,"Monitor network traffic for default credential use in protocols that allow unencrypted authentication.
Monitor logon sessions for default credential use.",None,2025-10-21T15:10:28.402Z,2025-10-21T15:10:28.402Z,153,20,MITRE ATT&CK for ICS (STIX bundle)
AN2051,x-mitre-analytic--f6324642-d17d-49d4-90b2-bab9d229d6fa,analytic,Analytic 2051,"Monitor for anomalies related to discovery related ICS functions, including devices that have not previously used these functions or for functions being sent to many outstations.
Monitor for new ICS protocol connections to existing assets or for device scanning (i.e., a host connecting to many devices) over ICS and enterprise protocols (e.g., ICMP, DCOM, WinRM). For added context on adversary enterprise procedures and background see [Remote System Discovery](https://attack.mitre.org/techniques/T1018).",None,2026-04-22T20:31:39.088Z,2026-05-12T16:30:18.384Z,506,68,MITRE ATT&CK for ICS (STIX bundle)
AN1890,x-mitre-analytic--f666f516-f8d0-41f6-9a4c-0ac6c1f6086b,analytic,Analytic 1890,"Monitor for changes made to a large quantity of files for unexpected modifications in both user directories and directories used to store programs and OS components (e.g., C:\Windows\System32). 
Monitor for newly executed processes of binaries that could be involved in data destruction activity, such as SDelete.
Monitor for unexpected deletion of files.
Monitor executed commands and arguments for binaries that could be involved in data destruction activity, such as SDelete.",None,2025-10-21T15:10:28.402Z,2025-10-21T15:10:28.402Z,478,70,MITRE ATT&CK for ICS (STIX bundle)
AN1927,x-mitre-analytic--fbd4686e-f637-459b-ad48-c6fd7840acfa,analytic,Analytic 1927,Detecting software exploitation may be difficult depending on the tools available. Software exploits may not always succeed or may cause the exploited process to become unstable or crash.,None,2025-10-21T15:10:28.402Z,2025-10-21T15:10:28.402Z,187,28,MITRE ATT&CK for ICS (STIX bundle)
AN2047,x-mitre-analytic--fc6641ac-5748-4498-89e9-d4ada2b6f88a,analytic,Analytic 2047,"Monitor for firmware changes which may be observable via operational alarms from devices.

Monitor device application logs for firmware changes, although not all devices will produce such logs.

Monitor ICS management protocols / file transfer protocols for protocol functions related to firmware changes.

Monitor firmware for unexpected changes. Asset management systems should be consulted to understand known-good firmware versions. Dump and inspect BIOS images on vulnerable systems and compare against known good images.(Citation: MITRE Copernicus) Analyze differences to determine if malicious changes have occurred. Log attempts to read/write to BIOS and compare against known patching behavior. Likewise, EFI modules can be collected and compared against a known-clean list of EFI executable binaries to detect potentially malicious modules. The CHIPSEC framework can be used for analysis to determine if firmware modifications have been performed.(Citation: McAfee CHIPSEC Blog)(Citation: Github CHIPSEC)(Citation: Intel HackingTeam UEFI Rootkit)",None,2026-04-22T15:53:18.404Z,2026-05-12T16:30:18.384Z,1056,142,MITRE ATT&CK for ICS (STIX bundle)
AN1933,x-mitre-analytic--fcfe9c48-3a5a-49c8-96c3-be79414a8419,analytic,Analytic 1933,"Monitor for a loss of network communications, which may indicate a device has been shutdown or restarted. This will not directly detect the technique’s execution, but instead may provide additional evidence that the technique has been used and may complement other detections.
Device restarts and shutdowns may be observable in device application logs. Monitor for unexpected device restarts or shutdowns.
Devices may produce alarms about restarts or shutdowns. Monitor for unexpected device restarts or shutdowns.
Monitor ICS automation protocols for functions that restart or shutdown a device. Commands to restart or shutdown devices may also be observable in traditional IT management protocols.",None,2025-10-21T15:10:28.402Z,2025-10-21T15:10:28.402Z,699,102,MITRE ATT&CK for ICS (STIX bundle)
DC0045,x-mitre-data-component--1177a4c5-31c8-400c-8544-9071166afa0e,data_component,Windows Registry Key Deletion,"The removal of a registry key within the Windows operating system.

*Data Collection Measures:*

- Windows Event Logs
    - Event ID 4658 - Registry Key Handle Closed: Captures when a handle to a registry key is closed, which may indicate deletion.
    - Event ID 4660 - Object Deleted: Logs when a registry key is deleted.
- Sysmon (System Monitor) for Windows
    - Sysmon Event ID 12 - Registry Key Deleted: Logs when a registry key is removed.
    - Sysmon Event ID 13 - Registry Value Deleted: Captures removal of specific registry values.
- Endpoint Detection and Response (EDR) Solutions
    - Monitor registry deletions for suspicious behavior.",,2021-10-20T15:05:19.273Z,2025-10-21T15:10:28.402Z,652,106,MITRE ATT&CK for ICS (STIX bundle)
DC0082,x-mitre-data-component--181a9f8c-c780-4f1f-91a8-edb770e904ba,data_component,Network Connection Creation,"The initial establishment of a network session, where a system or process initiates a connection to a local or remote endpoint. This typically involves capturing socket information (source/destination IP, ports, protocol) and tracking session metadata. Monitoring these events helps detect lateral movement, exfiltration, and command-and-control (C2) activities.

*Data Collection Measures:*

- Windows:
    - Event ID 5156 – Filtering Platform Connection - Logs network connections permitted by Windows Filtering Platform (WFP).
    - Sysmon Event ID 3 – Network Connection Initiated - Captures process, source/destination IP, ports, and parent process.
- Linux/macOS:
    - Netfilter (iptables), nftables logs - Tracks incoming and outgoing network connections.
    - AuditD (`connect` syscall) - Logs TCP, UDP, and ICMP connections.
    - Zeek (`conn.log`) - Captures protocol, duration, and bytes transferred.
- Cloud & Network Infrastructure:
    - AWS VPC Flow Logs / Azure NSG Flow Logs - Logs IP traffic at the network level in cloud environments.
    - Zeek (conn.log) or Suricata (network events) - Captures packet metadata for detection and correlation.
- Endpoint Detection & Response (EDR):
    - Detect anomalous network activity such as new C2 connections or data exfiltration attempts.",,2021-10-20T15:05:19.274Z,2026-05-12T15:12:00.770Z,1301,184,MITRE ATT&CK for ICS (STIX bundle)
DC0055,x-mitre-data-component--235b7491-2d2b-4617-9a52-3c0783680f71,data_component,File Access,"To events where a file is opened or accessed, making its contents available to the requester. This includes reading, executing, or interacting with files by authorized or unauthorized entities. Examples include logging file access events (e.g., Windows Event ID 4663), monitoring file reads, and detecting unusual file access patterns. Examples: 

- File Read Operations: A user opens a sensitive document (e.g., financial_report.xlsx) on a shared drive.
- File Execution: A script or executable file is accessed and executed (e.g., malware.exe is run from a temporary directory).
- Unauthorized File Access: An unauthorized user attempts to access a protected configuration file (e.g., `/etc/passwd` on Linux or `System32` files on Windows).
- File Access Patterns: Bulk access to multiple files in a short time (e.g., mass access to documents on a file server).
- File Access via Network: Files on a network share are accessed remotely (e.g., logs of SMB file access).",,2021-10-20T15:05:19.273Z,2026-05-12T15:12:00.770Z,970,150,MITRE ATT&CK for ICS (STIX bundle)
DC0039,x-mitre-data-component--2b3bfe19-d59a-460d-93bb-2f546adc2d2c,data_component,File Creation,"A new file is created on a system or network storage. This action often signifies an operation such as saving a document, writing data, or deploying a file. Logging these events helps identify legitimate or potentially malicious file creation activities. Examples include logging file creation events (e.g., Sysmon Event ID 11 or Linux auditd logs).",,2021-10-20T15:05:19.273Z,2026-05-12T15:12:00.770Z,349,55,MITRE ATT&CK for ICS (STIX bundle)
DC0085,x-mitre-data-component--3772e279-27d6-477a-9fe3-c6beb363594c,data_component,Network Traffic Content,"The full packet capture (PCAP) or session data that logs both protocol headers and payload content. This allows analysts to inspect command and control (C2) traffic, exfiltration, and other suspicious activity within network communications. Unlike metadata-based logs, full content analysis enables deeper protocol inspection, payload decoding, and forensic investigations.

*Data Collection Measures:*

- Network Packet Capture (Full Content Logging)
    - Wireshark / tcpdump / tshark
        - Full packet captures (PCAP files) for manual analysis or IDS correlation. `tcpdump -i eth0 -w capture.pcap`
    - Zeek (formerly Bro)
        - Extracts protocol headers and payload details into structured logs. `echo ""redef Log::default_store = Log::ASCII;"" > local.zeek | zeek -Cr capture.pcap local.zeek`
    - Suricata / Snort (IDS/IPS with PCAP Logging)
        - Deep packet inspection (DPI) with signature-based and behavioral analysis. `suricata -c /etc/suricata/suricata.yaml -i eth0 -l /var/log/suricata`
- Host-Based Collection
    - Sysmon Event ID 22 – DNS Query Logging, Captures DNS requests made by processes, useful for detecting C2 domains.
    - Sysmon Event ID 3 – Network Connection Initiated, Logs process-to-network connection relationships.
    - AuditD (Linux) – syscall=connect, Monitors outbound network requests from processes. `auditctl -a always,exit -F arch=b64 -S connect -k network_activity`
- Cloud & SaaS Traffic Collection
    - AWS VPC Flow Logs / Azure NSG Flow Logs / Google VPC Flow Logs, Captures metadata about inbound/outbound network traffic.
    - Cloud IDS (AWS GuardDuty, Azure Sentinel, Google Chronicle), Detects malicious activity in cloud environments by analyzing network traffic patterns.",,2021-10-20T15:05:19.274Z,2026-05-12T15:12:00.771Z,1738,236,MITRE ATT&CK for ICS (STIX bundle)
DC0088,x-mitre-data-component--39b9db72-8b48-4595-a18d-db5bbba3091b,data_component,Logon Session Metadata,"Contextual data about a logon session, such as username, logon type, access tokens (security context, user SIDs, logon identifiers, and logon SID), and any activity associated within it",,2021-10-20T15:05:19.274Z,2025-11-12T22:03:39.105Z,185,28,MITRE ATT&CK for ICS (STIX bundle)
DC0032,x-mitre-data-component--3d20385b-24ef-40e1-9f56-f39750379077,data_component,Process Creation,"Refers to the event in which a new process (executable) is initialized by an operating system. This can involve parent-child process relationships, process arguments, and environmental variables. Monitoring process creation is crucial for detecting malicious behaviors, such as execution of unauthorized binaries, scripting abuse, or privilege escalation attempts..",,2021-10-20T15:05:19.272Z,2026-05-12T15:12:00.773Z,365,48,MITRE ATT&CK for ICS (STIX bundle)
DC0042,x-mitre-data-component--3d6e6b3b-4aa8-40e1-8c47-91db0f313d9f,data_component,Drive Creation,"The activity of assigning a new drive letter or creating a mount point for a data storage device, such as a USB, network share, or external hard drive, enabling access to its content on a host system. Examples: 

- USB Drive Insertion: A USB drive is plugged in and automatically assigned the letter `E:\` on a Windows machine.
- Network Drive Mapping: A network share `\\server\share` is mapped to the drive `Z:\`.
- Virtual Drive Creation: A virtual disk is mounted on `/mnt/virtualdrive` using an ISO image or a virtual hard disk (VHD).
- Cloud Storage Mounting: Google Drive is mounted as `G:\` on a Windows machine using a cloud sync tool.
- External Storage Integration: An external HDD or SSD is connected and assigned `/mnt/external` on a Linux system..",,2021-10-20T15:05:19.273Z,2025-11-12T22:03:39.105Z,761,130,MITRE ATT&CK for ICS (STIX bundle)
DC0109,x-mitre-data-component--4c12c1c8-bcef-4daf-8e5b-fca235f71d9e,data_component,Process/Event Alarm,"This includes a list of any process alarms or alerts produced to indicate unusual or concerning activity within the operational process (e.g., increased temperature/pressure)",,2022-05-11T16:22:58.802Z,2026-05-12T15:12:00.773Z,174,24,MITRE ATT&CK for ICS (STIX bundle)
DC0046,x-mitre-data-component--4dcd8ba3-2075-4f8b-941e-39884ffaac08,data_component,Drive Modification,"The alteration of a drive letter, mount point, or other attributes of a data storage device, which could involve reassignment, renaming, permissions changes, or other modifications. Examples: 

- Drive Letter Reassignment: A USB drive previously assigned `E:\` is reassigned to `D:\` on a Windows machine.
- Mount Point Change: On a Linux system, a mounted storage device at `/mnt/external` is moved to `/mnt/storage`.
- Drive Permission Changes: A shared drive's permissions are modified to allow write access for unauthorized users or processes.
- Renaming of a Drive: A network drive labeled ""HR_Share"" is renamed to ""Shared_Resources.""
- Modification of Cloud-Integrated Drives: A cloud storage mount such as Google Drive is modified to sync only specific folders.

This data component can be collected through the following measures:

Windows Event Logs

- Relevant Events:
    - Event ID 98: Indicates changes to a volume (e.g., drive letter reassignment).
    - Event ID 1006: Logs permission modifications or changes to removable storage.
- Configuration: Enable ""Storage Operational Logs"" in the Event Viewer:
`Applications and Services Logs > Microsoft > Windows > Storage-Tiering > Operational`

Linux System Logs

- Auditd Configuration: Add audit rules to track changes to mounted drives: `auditctl -w /mnt/ -p w -k drive_modification`
- Command-Line Monitoring: Use `dmesg` or `journalctl` to observe drive modifications.

macOS System Logs

- Unified Logs: Collect mount or drive modification events: `log show --info | grep ""Volume modified""`
- Command-Line Monitoring: Use `diskutil` to track changes:

Endpoint Detection and Response (EDR) Tools

- Configure policies in EDR solutions to monitor and log changes to drive configurations or attributes.

SIEM Tools

- Aggregate logs from multiple systems into a centralized platform like Splunk to correlate events and alert on suspicious drive modification activities.",,2021-10-20T15:05:19.273Z,2025-11-12T22:03:39.105Z,1935,285,MITRE ATT&CK for ICS (STIX bundle)
DC0060,x-mitre-data-component--5297a638-1382-4f0c-8472-0d21830bf705,data_component,Service Creation,"The registration of a new service or daemon on an operating system.

*Data Collection Measures:*

- Windows Event Logs
    - Event ID 4697 - Captures the creation of a new Windows service.
    - Event ID 7045 - Captures services installed by administrators or adversaries.
    - Event ID 7034 - Could indicate malicious service modification or exploitation.
- Sysmon Logs
    - Sysmon Event ID 1 - Process Creation (captures service executables).
    - Sysmon Event ID 4 - Service state changes (detects service installation).
    - Sysmon Event ID 13 - Registry modifications (captures service persistence changes).
- PowerShell Logging
    - Monitor `New-Service` and `Set-Service` PowerShell cmdlets in Event ID 4104 (Script Block Logging).
- Linux/macOS Collection Methods
    - AuditD & Syslog Daemon Logs (`/var/log/syslog`, `/var/log/messages`, `/var/log/daemon.log`)
    - AuditD Rules:
        - `auditctl -w /etc/systemd/system -p wa -k service_creation`
        - Detects changes to `systemd` service configurations.
- Systemd Journals (`journalctl -u <service_name>`)
    - Captures newly created systemd services.
- LaunchDaemons & LaunchAgents (macOS)
    - Monitor `/Library/LaunchDaemons/` and `/Library/LaunchAgents/` for new plist files.",,2021-10-20T15:05:19.273Z,2025-11-12T22:03:39.105Z,1255,168,MITRE ATT&CK for ICS (STIX bundle)
DC0033,x-mitre-data-component--61f1d40e-f3d0-4cc6-aa2d-937b6204194f,data_component,Process Termination,"The exit or termination of a running process on a system. This can occur due to normal operations, user-initiated commands, or malicious actions such as process termination by malware to disable security controls.",,2021-10-20T15:05:19.272Z,2025-11-12T22:03:39.105Z,213,33,MITRE ATT&CK for ICS (STIX bundle)
DC0059,x-mitre-data-component--639e87f3-acb6-448a-9645-258f20da4bc5,data_component,File Metadata,"contextual information about a file, including attributes such as the file's name, size, type, content (e.g., signatures, headers, media), user/owner, permissions, timestamps, and other related properties. File metadata provides insights into a file's characteristics and can be used to detect malicious activity, unauthorized modifications, or other anomalies. Examples: 

- File Ownership and Permissions: Checking the owner and permissions of a critical configuration file like /etc/passwd on Linux or C:\Windows\System32\config\SAM on Windows.
- Timestamps: Analyzing the creation, modification, and access timestamps of a file.
- File Content and Signatures: Extracting the headers of an executable file to verify its signature or detect packing/obfuscation.
- File Attributes: Analyzing attributes like hidden, system, or read-only flags in Windows.
- File Hashes: Generating MD5, SHA-1, or SHA-256 hashes of files to compare against threat intelligence feeds.
- File Location: Monitoring files located in unusual directories or paths, such as temporary or user folders.",,2021-10-20T15:05:19.273Z,2026-05-12T15:12:00.774Z,1076,149,MITRE ATT&CK for ICS (STIX bundle)
DC0065,x-mitre-data-component--66531bc6-a509-4868-8314-4d599e91d222,data_component,Service Modification,"Changes made to an existing service or daemon, such as modifying the service name, start type, execution parameters, or security configurations.",,2021-10-20T15:05:19.273Z,2026-05-12T15:12:00.774Z,144,21,MITRE ATT&CK for ICS (STIX bundle)
DC0064,x-mitre-data-component--685f917a-e95e-4ba0-ade1-c7d354dae6e0,data_component,Command Execution,"Command Execution involves monitoring and capturing the execution of textual commands (including shell commands, cmdlets, and scripts) within an operating system or application. These commands may include arguments or parameters and are typically executed through interpreters such as `cmd.exe`, `bash`, `zsh`, `PowerShell`, or programmatic execution. Examples: 

- Windows Command Prompt
    - dir – Lists directory contents.
    - net user – Queries or manipulates user accounts.
    - tasklist – Lists running processes.
- PowerShell
    - Get-Process – Retrieves processes running on a system.
    - Set-ExecutionPolicy – Changes PowerShell script execution policies.
    - Invoke-WebRequest – Downloads remote resources.
- Linux Shell
    - ls – Lists files in a directory.
    - cat /etc/passwd – Reads the user accounts file.
    - curl http://malicious-site.com – Retrieves content from a malicious URL.
- Container Environments
    - docker exec – Executes a command inside a running container.
    - kubectl exec – Runs commands in Kubernetes pods.
- macOS Terminal
    - open – Opens files or URLs.
    - dscl . -list /Users – Lists all users on the system.
    - osascript -e – Executes AppleScript commands.",,2021-10-20T15:05:19.273Z,2026-05-12T15:12:00.774Z,1220,178,MITRE ATT&CK for ICS (STIX bundle)
DC0041,x-mitre-data-component--74fa567d-bc90-425c-8a41-3c703abb221c,data_component,Service Metadata,"Contextual data about a service/daemon, which may include information such as name, service executable, start type, etc.",,2021-10-20T15:05:19.273Z,2026-05-12T15:12:00.774Z,120,17,MITRE ATT&CK for ICS (STIX bundle)
DC0005,x-mitre-data-component--7b375092-3a61-448d-900a-77c9a4bde4dc,data_component,Scheduled Job Metadata,"Contextual data about a scheduled job, which may include information such as name, timing, command(s), etc.",,2021-10-20T15:05:19.271Z,2025-11-12T22:03:39.105Z,107,16,MITRE ATT&CK for ICS (STIX bundle)
DC0061,x-mitre-data-component--84572de3-9583-4c73-aabd-06ea88123dd8,data_component,File Modification,"Changes made to a file, including updates to its contents, metadata, access permissions, or attributes. These modifications may indicate legitimate activity (e.g., software updates) or unauthorized changes (e.g., tampering, ransomware, or adversarial modifications). Examples: 

- Content Modifications: Changes to the content of a configuration file, such as modifying `/etc/ssh/sshd_config` on Linux or `C:\Windows\System32\drivers\etc\hosts` on Windows.
- Permission Changes: Altering file permissions to allow broader access, such as changing a file from `644` to `777` on Linux or modifying NTFS permissions on Windows.
- Attribute Modifications: Changing a file's attributes to hidden, read-only, or system on Windows.
- Timestamp Manipulation: Adjusting a file's creation or modification timestamp using tools like `touch` in Linux or timestomping tools on Windows.
- Software or System File Changes: Modifying system files such as `boot.ini`, kernel modules, or application binaries.",,2021-10-20T15:05:19.273Z,2026-05-12T15:12:00.775Z,991,134,MITRE ATT&CK for ICS (STIX bundle)
DC0111,x-mitre-data-component--8ed4e6d0-56d7-4e6b-8fa6-41f41631f30d,data_component,Software,"This includes sources of current and expected software or application programs deployed to a device, along with information on the version and patch level for vendor products, full source code for any application programs, and unique identifiers (e.g., hashes, signatures).",,2022-09-23T16:36:08.632Z,2025-10-21T15:10:28.402Z,273,40,MITRE ATT&CK for ICS (STIX bundle)
DC0107,x-mitre-data-component--931b3fc6-ad68-42a8-9018-e98515eedc95,data_component,Process History/Live Data,This includes any data stores that maintain historical or real-time events and telemetry recorded from various sensors or devices,,2022-05-11T16:22:58.802Z,2026-05-12T15:12:00.775Z,129,19,MITRE ATT&CK for ICS (STIX bundle)
DC0021,x-mitre-data-component--9bde2f9d-a695-4344-bfac-f2dce13d121e,data_component,OS API Execution,"Calls made by a process to operating system-provided Application Programming Interfaces (APIs). These calls are essential for interacting with system resources such as memory, files, and hardware, or for performing system-level tasks. Monitoring these calls can provide insight into a process's intent, especially if the process is malicious.",,2021-10-20T15:05:19.272Z,2026-05-12T15:12:00.775Z,342,48,MITRE ATT&CK for ICS (STIX bundle)
DC0038,x-mitre-data-component--9c2fa0ae-7abc-485a-97f6-699e3b6cf9fa,data_component,Application Log Content,"Application Log Content refers to logs generated by applications or services, providing a record of their activity. These logs may include metrics, errors, performance data, and operational alerts from web, mail, or other applications. These logs are vital for monitoring application behavior and detecting malicious activities or anomalies. Examples: 

- Web Application Logs: These logs include information about requests, responses, errors, and security events (e.g., unauthorized access attempts).
- Email Application Logs: Logs contain metadata about emails sent, received, or blocked (e.g., sender/receiver addresses, message IDs).
- SaaS Application Logs: Activity logs include user logins, configuration changes, and access to sensitive resources.
- Cloud Application Logs: Logs detail control plane activities, including API calls, instance modifications, and network changes.
- System/Application Monitoring Logs: Logs provide insights into application performance, errors, and anomalies.",,2021-10-20T15:05:19.272Z,2026-05-12T15:12:00.776Z,998,132,MITRE ATT&CK for ICS (STIX bundle)
DC0067,x-mitre-data-component--9ce98c86-8d30-4043-ba54-0784d478d0b5,data_component,Logon Session Creation,"The successful establishment of a new user session following a successful authentication attempt. This typically signifies that a user has provided valid credentials or authentication tokens, and the system has initiated a session associated with that user account. This data is crucial for tracking authentication events and identifying potential unauthorized access. Examples: 

- Windows Systems
    - Event ID: 4624
        - Logon Type: 2 (Interactive) or 10 (Remote Interactive via RDP).
        - Account Name: JohnDoe
        - Source Network Address: 192.168.1.100
        - Authentication Package: NTLM
- Linux Systems
    - /var/log/utmp or /var/log/wtmp:
        - Log format: login user [tty] from [source_ip]
        - User: jane
        - IP: 10.0.0.5
        - Timestamp: 2024-12-28 08:30:00
- macOS Systems
    - /var/log/asl.log or unified logging framework:
        - Log: com.apple.securityd: Authentication succeeded for user 'admin'
- Cloud Environments
    - Azure Sign-In Logs:
        - Activity: Sign-in successful
        - Client App: Browser
        - Location: Unknown (Country: X)
- Google Workspace
    - Activity: Login
        - Event Type: successful_login
        - Source IP: 203.0.113.55",,2021-10-20T15:05:19.274Z,2025-11-12T22:03:39.105Z,1225,159,MITRE ATT&CK for ICS (STIX bundle)
DC0108,x-mitre-data-component--9d56be63-3501-4dd3-bb5f-63c580833298,data_component,Device Alarm,"This includes alarms associated with unexpected device functions, such as shutdowns, restarts, failures, or configuration changes",,2022-05-11T16:22:58.802Z,2025-10-21T15:10:28.402Z,129,16,MITRE ATT&CK for ICS (STIX bundle)
DC0029,x-mitre-data-component--9f387817-df83-432a-b56b-a8fb7f71eedd,data_component,Script Execution,The execution of a text file that contains code via the interpreter.,,2021-10-20T15:05:19.272Z,2025-11-12T22:03:39.105Z,68,12,MITRE ATT&CK for ICS (STIX bundle)
DC0078,x-mitre-data-component--a7f22107-02e5-4982-9067-6625d4a1765a,data_component,Network Traffic Flow,"Summarized network packet data that captures session-level details such as source/destination IPs, ports, protocol types, timestamps, and data volume, without storing full packet payloads. This is commonly used for traffic analysis, anomaly detection, and network performance monitoring.",,2021-10-20T15:05:19.274Z,2026-05-12T15:12:00.777Z,287,37,MITRE ATT&CK for ICS (STIX bundle)
DC0002,x-mitre-data-component--a953ca55-921a-44f7-9b8d-3d40141aa17e,data_component,User Account Authentication,"An attempt (successful and failed login attempts) by a user, service, or application to gain access to a network, system, or cloud-based resource. This typically involves credentials such as passwords, tokens, multi-factor authentication (MFA), or biometric validation.",,2021-10-20T15:05:19.271Z,2026-05-12T15:12:00.777Z,269,37,MITRE ATT&CK for ICS (STIX bundle)
DC0110,x-mitre-data-component--b05a614b-033c-4578-b4f2-c63a9feee706,data_component,Asset Inventory,"This includes sources of current and expected devices on the network, including the manufacturer, model, and necessary identifiers (e.g., IP and hardware addresses)",,2022-09-23T16:34:00.912Z,2025-10-21T15:10:28.402Z,164,23,MITRE ATT&CK for ICS (STIX bundle)
DC0004,x-mitre-data-component--b9d031bb-d150-4fc6-8025-688201bf3ffd,data_component,Firmware Modification,"Changes made to firmware, which may include its settings, configurations, or underlying data. This can encompass alterations to the Master Boot Record (MBR), Volume Boot Record (VBR), or other firmware components critical to system boot and functionality. Such modifications are often indicators of adversary activity, including malware persistence and system compromise. Examples: 

- Changes to Master Boot Record (MBR): Modifying the MBR to load malicious code during the boot process.
- Changes to Volume Boot Record (VBR): Altering the VBR to redirect boot processes to malicious locations.
- Firmware Configuration Changes: Modifying BIOS/UEFI settings such as disabling Secure Boot.
- Firmware Image Tampering: Updating firmware with a malicious or unauthorized image.
- Logs or Errors Indicating Firmware Changes: Logs showing unauthorized firmware updates or checksum mismatches.

This data component can be collected through the following measures:

- BIOS/UEFI Logs: Enable and monitor BIOS/UEFI logs to capture settings changes or firmware updates.
- Firmware Integrity Monitoring: Use tools or firmware security features to detect changes to firmware components.
- Endpoint Detection and Response (EDR) Solutions: Many EDR platforms can detect abnormal firmware activity, such as changes to MBR/VBR or unauthorized firmware updates.
- File System Monitoring: Monitor changes to MBR/VBR-related files using tools like Sysmon or auditd.
    - Windows Example (Sysmon): Monitor Event ID 7 (Raw disk access).
    - Linux Example (auditd): `auditctl -w /dev/sda -p wa -k firmware_modification`
- Network Traffic Analysis: Capture firmware updates downloaded over the network, particularly from untrusted sources. Use network monitoring tools like Zeek or Wireshark to analyze firmware-related traffic.
- Secure Boot Logs: Collect and analyze Secure Boot logs for signs of tampering or unauthorized configurations. Example: Use PowerShell to retrieve Secure Boot settings on Windows: `Confirm-SecureBootUEFI`
- Vendor-Specific Firmware Tools: Many hardware vendors provide tools for firmware integrity checks.Examples:
    - Intel Platform Firmware Resilience (PFR).
    - Lenovo UEFI diagnostics.",,2021-10-20T15:05:19.271Z,2025-10-21T15:14:38.020Z,2204,306,MITRE ATT&CK for ICS (STIX bundle)
DC0016,x-mitre-data-component--c0a4a086-cc20-4e1e-b7cb-29d99dfa3fb1,data_component,Module Load,"When a process or program dynamically attaches a shared library, module, or plugin into its memory space. This action is typically performed to extend the functionality of an application, access shared system resources, or interact with kernel-mode components.",,2021-10-20T15:05:19.272Z,2026-05-12T15:12:00.778Z,260,38,MITRE ATT&CK for ICS (STIX bundle)
DC0063,x-mitre-data-component--da85d358-741a-410d-9433-20d6269a6170,data_component,Windows Registry Key Modification,"Changes made to an existing registry key or its values. These modifications can include altering permissions, modifying stored data, or updating configuration settings.

*Data Collection Measures:*

- Windows Event Logs
    - Event ID 4657 - Registry Value Modified: Logs changes to registry values, including modifications to startup entries, security settings, or system configurations.
- Sysmon (System Monitor) for Windows
    - Sysmon Event ID 13 - Registry Value Set: Captures changes to specific registry values.
    - Sysmon Event ID 14 - Registry Key & Value Renamed: Logs renaming of registry keys, which may indicate evasion attempts.
- Endpoint Detection and Response (EDR) Solutions
    - Monitor registry modifications for suspicious behavior.",,2021-10-20T15:05:19.273Z,2026-05-12T15:12:00.778Z,757,109,MITRE ATT&CK for ICS (STIX bundle)
DC0040,x-mitre-data-component--e905dad2-00d6-477c-97e8-800427abd0e8,data_component,File Deletion,Refers to events where files are removed from a system or storage device. These events can indicate legitimate housekeeping activities or malicious actions such as attackers attempting to cover their tracks. Monitoring file deletions helps organizations identify unauthorized or suspicious activities.,,2021-10-20T15:05:19.273Z,2026-05-12T15:12:00.778Z,301,41,MITRE ATT&CK for ICS (STIX bundle)
DC0034,x-mitre-data-component--ee575f4a-2d4f-48f6-b18b-89067760adc1,data_component,Process Metadata,"Contextual data about a running process, which may include information such as environment variables, image name, user/owner, etc.",,2021-10-20T15:05:19.272Z,2026-05-12T15:12:00.778Z,130,18,MITRE ATT&CK for ICS (STIX bundle)
DC0001,x-mitre-data-component--f42df6f0-6395-4f0c-9376-525a031f00c3,data_component,Scheduled Job Creation,The establishment of a task or job that will execute at a predefined time or based on specific triggers.,,2021-10-20T15:05:19.271Z,2026-05-12T15:12:00.778Z,104,19,MITRE ATT&CK for ICS (STIX bundle)
DC0102,x-mitre-data-component--f5468e67-51c7-4756-9b4f-65707708e7fa,data_component,Network Share Access,"Opening a network share, which makes the contents available to the requestor (ex: Windows EID 5140 or 5145)",,2021-10-20T15:05:19.275Z,2025-11-12T22:03:39.105Z,107,18,MITRE ATT&CK for ICS (STIX bundle)
DC0012,x-mitre-data-component--faa34cf6-cf32-4dc9-bd6a-8f7a606ff65b,data_component,Scheduled Job Modification,"Changes made to an existing scheduled job, including modifications to its execution parameters, command payload, or execution timing.",,2021-10-20T15:05:19.271Z,2025-10-21T15:14:38.292Z,133,18,MITRE ATT&CK for ICS (STIX bundle)
